employee_id,training_date,program,training_type,outcome,duration_days,cost,start_date,exit_date,termination_type,employee_status,department,is_effective,effective_spend,wasted_spend,has_left,spend_to_leaver,date_validity,is_valid_record,tenure_at_training_years,cost_per_day,training_month
1001,2022-09-21,Customer Service,Internal,Failed,4,510.83,2019-08-29,,Unk,Active,Software Engineering,False,0.0,510.83,False,0.0,valid,True,3.06,127.71,2022-09
1002,2023-07-19,Leadership Development,Internal,Failed,2,582.37,2022-12-12,2023-05-28,Involuntary,Active,Software Engineering,False,0.0,582.37,True,582.37,after_exit,False,0.6,291.18,2023-07
1003,2023-02-24,Technical Skills,Internal,Incomplete,4,777.06,2023-03-08,2023-03-15,Voluntary,Active,Software Engineering,False,0.0,777.06,True,777.06,before_hire,False,-0.03,194.26,2023-02
1004,2023-01-12,Customer Service,Internal,Completed,2,824.3,2020-05-29,2021-03-05,Involuntary,Active,Software Engineering,True,824.3,0.0,True,824.3,after_exit,False,2.62,412.15,2023-01
1005,2023-05-12,Communication Skills,External,Passed,4,145.99,2022-09-16,,Unk,Active,Software Engineering,True,145.99,0.0,False,0.0,valid,True,0.65,36.5,2023-05
1006,2023-05-08,Project Management,Internal,Failed,2,838.07,2021-08-15,2021-11-20,Resignation,Active,Software Engineering,False,0.0,838.07,True,838.07,after_exit,False,1.73,419.04,2023-05
1007,2023-05-14,Leadership Development,External,Failed,2,667.32,2020-10-25,2021-09-26,Involuntary,Voluntarily Terminated,Software Engineering,False,0.0,667.32,True,667.32,after_exit,False,2.55,333.66,2023-05
1008,2023-08-02,Technical Skills,External,Incomplete,2,758.18,2019-08-28,2020-05-04,Voluntary,Active,Software Engineering,False,0.0,758.18,True,758.18,after_exit,False,3.93,379.09,2023-08
1009,2022-08-21,Customer Service,Internal,Incomplete,2,101.21,2019-06-13,2023-01-12,Retirement,Active,Software Engineering,False,0.0,101.21,True,101.21,valid,True,3.19,50.6,2022-08
1010,2022-08-19,Communication Skills,External,Incomplete,5,332.25,2021-01-12,2022-03-18,Voluntary,Voluntarily Terminated,Software Engineering,False,0.0,332.25,True,332.25,after_exit,False,1.6,66.45,2022-08
1011,2022-11-06,Communication Skills,Internal,Completed,1,803.98,2022-02-07,2023-02-12,Resignation,Voluntarily Terminated,Software Engineering,True,803.98,0.0,True,803.98,valid,True,0.74,803.98,2022-11
1012,2023-03-28,Technical Skills,External,Failed,3,887.08,2020-11-09,2021-06-06,Involuntary,Voluntarily Terminated,Software Engineering,False,0.0,887.08,True,887.08,after_exit,False,2.38,295.69,2023-03
1013,2023-04-08,Project Management,External,Incomplete,2,657.85,2020-05-13,,Unk,Active,Software Engineering,False,0.0,657.85,False,0.0,valid,True,2.9,328.92,2023-04
1014,2023-02-21,Customer Service,External,Incomplete,2,895.49,2022-12-31,2023-07-13,Retirement,Active,Software Engineering,False,0.0,895.49,True,895.49,valid,True,0.14,447.74,2023-02
1015,2023-05-13,Leadership Development,External,Passed,1,539.0,2018-12-03,,Unk,Active,Software Engineering,True,539.0,0.0,False,0.0,valid,True,4.44,539.0,2023-05
1016,2023-04-30,Communication Skills,External,Completed,2,606.68,2020-02-21,2021-05-29,Involuntary,Active,Admin Offices,True,606.68,0.0,True,606.68,after_exit,False,3.19,303.34,2023-04
1017,2022-11-14,Technical Skills,External,Passed,3,265.73,2020-09-07,2021-12-15,Involuntary,Active,Admin Offices,True,265.73,0.0,True,265.73,after_exit,False,2.18,88.58,2022-11
1018,2023-03-25,Project Management,Internal,Incomplete,2,673.29,2020-06-19,2021-12-08,Involuntary,Active,Admin Offices,False,0.0,673.29,True,673.29,after_exit,False,2.76,336.64,2023-03
1019,2022-10-26,Project Management,External,Passed,5,436.98,2022-10-14,2023-07-28,Retirement,Voluntarily Terminated,Software Engineering,True,436.98,0.0,True,436.98,valid,True,0.03,87.4,2022-10
1020,2022-12-30,Technical Skills,External,Passed,4,578.58,2023-06-20,2023-07-18,Resignation,Voluntarily Terminated,Software Engineering,True,578.58,0.0,True,578.58,before_hire,False,-0.47,144.65,2022-12
1021,2023-03-10,Technical Skills,Internal,Failed,1,647.16,2020-11-09,2023-07-17,Resignation,Voluntarily Terminated,Software Engineering,False,0.0,647.16,True,647.16,valid,True,2.33,647.16,2023-03
1022,2023-01-12,Project Management,Internal,Failed,1,664.23,2022-09-19,,Unk,Active,Software Engineering,False,0.0,664.23,False,0.0,valid,True,0.31,664.23,2023-01
1023,2022-10-19,Project Management,Internal,Failed,4,893.07,2018-11-09,2021-10-10,Voluntary,Active,Software Engineering,False,0.0,893.07,True,893.07,after_exit,False,3.94,223.27,2022-10
1024,2022-10-11,Project Management,External,Completed,5,868.98,2018-12-30,2021-06-23,Involuntary,Active,Software Engineering,True,868.98,0.0,True,868.98,after_exit,False,3.78,173.8,2022-10
1025,2023-01-13,Project Management,Internal,Incomplete,5,761.95,2023-05-11,2023-05-15,Retirement,Active,Admin Offices,False,0.0,761.95,True,761.95,before_hire,False,-0.32,152.39,2023-01
1026,2023-04-17,Communication Skills,External,Incomplete,4,431.57,2022-11-03,2023-02-09,Resignation,Active,Admin Offices,False,0.0,431.57,True,431.57,after_exit,False,0.45,107.89,2023-04
1027,2023-03-16,Communication Skills,External,Incomplete,4,357.57,2020-06-14,2021-05-29,Voluntary,Active,Admin Offices,False,0.0,357.57,True,357.57,after_exit,False,2.75,89.39,2023-03
1028,2023-01-19,Technical Skills,Internal,Incomplete,3,804.06,2019-10-15,2023-01-01,Resignation,Voluntarily Terminated,Software Engineering,False,0.0,804.06,True,804.06,after_exit,False,3.26,268.02,2023-01
1029,2023-02-25,Project Management,Internal,Failed,5,729.41,2020-04-28,,Unk,Active,Software Engineering,False,0.0,729.41,False,0.0,valid,True,2.83,145.88,2023-02
1030,2023-01-04,Communication Skills,Internal,Completed,1,169.46,2019-10-29,,Unk,Active,Software Engineering,True,169.46,0.0,False,0.0,valid,True,3.18,169.46,2023-01
1031,2022-12-26,Communication Skills,Internal,Failed,1,833.28,2021-04-28,,Unk,Active,Software Engineering,False,0.0,833.28,False,0.0,valid,True,1.66,833.28,2022-12
1032,2022-12-07,Technical Skills,External,Completed,3,482.23,2022-04-19,2022-08-26,Voluntary,Active,Software Engineering,True,482.23,0.0,True,482.23,after_exit,False,0.64,160.74,2022-12
1033,2023-06-20,Communication Skills,Internal,Incomplete,4,169.85,2023-03-28,,Unk,Active,Software Engineering,False,0.0,169.85,False,0.0,valid,True,0.23,42.46,2023-06
1034,2022-11-10,Leadership Development,Internal,Failed,1,570.62,2019-05-06,,Unk,Active,Software Engineering,False,0.0,570.62,False,0.0,valid,True,3.52,570.62,2022-11
1035,2023-03-11,Communication Skills,Internal,Completed,2,724.14,2020-10-13,,Unk,Active,Admin Offices,True,724.14,0.0,False,0.0,valid,True,2.41,362.07,2023-03
1036,2022-12-10,Customer Service,External,Failed,3,305.98,2021-07-06,2021-11-25,Resignation,Active,Admin Offices,False,0.0,305.98,True,305.98,after_exit,False,1.43,101.99,2022-12
1037,2022-10-25,Leadership Development,Internal,Failed,2,646.76,2020-09-24,2020-11-02,Voluntary,Voluntarily Terminated,Software Engineering,False,0.0,646.76,True,646.76,after_exit,False,2.08,323.38,2022-10
1038,2023-07-28,Customer Service,External,Failed,2,516.89,2023-01-18,,Unk,Active,Software Engineering,False,0.0,516.89,False,0.0,valid,True,0.52,258.44,2023-07
1039,2023-01-24,Customer Service,External,Passed,5,520.41,2019-08-22,2022-03-25,Involuntary,Voluntarily Terminated,Software Engineering,True,520.41,0.0,True,520.41,after_exit,False,3.43,104.08,2023-01
1040,2022-12-01,Technical Skills,Internal,Completed,5,712.84,2019-07-25,2022-12-17,Retirement,Voluntarily Terminated,Software Engineering,True,712.84,0.0,True,712.84,valid,True,3.35,142.57,2022-12
1041,2023-03-07,Customer Service,Internal,Completed,3,871.12,2019-11-11,2020-01-10,Retirement,Voluntarily Terminated,Software Engineering,True,871.12,0.0,True,871.12,after_exit,False,3.32,290.37,2023-03
1042,2022-10-05,Project Management,Internal,Passed,1,228.11,2022-07-16,,Unk,Active,Software Engineering,True,228.11,0.0,False,0.0,valid,True,0.22,228.11,2022-10
1043,2022-08-10,Communication Skills,External,Completed,2,289.93,2022-12-19,2023-05-10,Resignation,Active,Software Engineering,True,289.93,0.0,True,289.93,before_hire,False,-0.36,144.96,2022-08
1044,2022-09-13,Technical Skills,External,Incomplete,4,920.78,2020-09-15,,Unk,Active,Software Engineering,False,0.0,920.78,False,0.0,valid,True,1.99,230.2,2022-09
1045,2023-06-11,Customer Service,External,Completed,2,690.41,2020-10-04,2023-02-27,Involuntary,Active,Admin Offices,True,690.41,0.0,True,690.41,after_exit,False,2.68,345.2,2023-06
1046,2023-07-28,Leadership Development,Internal,Failed,2,211.39,2022-04-23,2022-08-03,Involuntary,Voluntarily Terminated,Software Engineering,False,0.0,211.39,True,211.39,after_exit,False,1.26,105.7,2023-07
1047,2022-11-27,Project Management,Internal,Passed,2,606.63,2021-11-27,,Unk,Active,Software Engineering,True,606.63,0.0,False,0.0,valid,True,1.0,303.32,2022-11
1048,2022-12-02,Leadership Development,Internal,Completed,5,503.99,2019-11-29,,Unk,Active,Software Engineering,True,503.99,0.0,False,0.0,valid,True,3.01,100.8,2022-12
1049,2022-11-20,Leadership Development,Internal,Completed,2,518.54,2019-05-30,2020-12-19,Involuntary,Voluntarily Terminated,Software Engineering,True,518.54,0.0,True,518.54,after_exit,False,3.48,259.27,2022-11
1050,2023-08-03,Customer Service,Internal,Completed,1,846.43,2020-11-23,,Unk,Active,Software Engineering,True,846.43,0.0,False,0.0,valid,True,2.69,846.43,2023-08
1051,2022-10-13,Leadership Development,Internal,Passed,3,572.94,2022-04-08,2023-01-11,Involuntary,Active,Software Engineering,True,572.94,0.0,True,572.94,valid,True,0.51,190.98,2022-10
1052,2022-10-25,Communication Skills,Internal,Incomplete,4,234.76,2021-02-25,2021-06-04,Voluntary,Active,Software Engineering,False,0.0,234.76,True,234.76,after_exit,False,1.66,58.69,2022-10
1053,2022-12-19,Communication Skills,External,Passed,4,704.7,2019-03-13,2021-04-07,Resignation,Active,Software Engineering,True,704.7,0.0,True,704.7,after_exit,False,3.77,176.18,2022-12
1054,2022-11-04,Technical Skills,External,Failed,3,533.97,2023-02-12,,Unk,Active,Software Engineering,False,0.0,533.97,False,0.0,before_hire,False,-0.27,177.99,2022-11
1055,2022-11-15,Customer Service,Internal,Passed,2,125.7,2018-09-08,,Unk,Active,Software Engineering,True,125.7,0.0,False,0.0,valid,True,4.19,62.85,2022-11
1056,2023-02-16,Leadership Development,Internal,Completed,2,442.06,2021-11-18,,Unk,Active,Software Engineering,True,442.06,0.0,False,0.0,valid,True,1.25,221.03,2023-02
1057,2022-10-23,Project Management,Internal,Failed,4,649.23,2023-07-01,,Unk,Active,Software Engineering,False,0.0,649.23,False,0.0,before_hire,False,-0.69,162.31,2022-10
1058,2023-04-01,Project Management,External,Incomplete,1,855.67,2022-04-18,,Unk,Active,Software Engineering,False,0.0,855.67,False,0.0,valid,True,0.95,855.67,2023-04
1059,2022-09-16,Technical Skills,Internal,Incomplete,3,256.82,2023-04-29,,Unk,Active,Software Engineering,False,0.0,256.82,False,0.0,before_hire,False,-0.62,85.61,2022-09
1060,2022-09-06,Project Management,Internal,Completed,1,770.84,2018-10-10,2018-12-25,Voluntary,Active,Software Engineering,True,770.84,0.0,True,770.84,after_exit,False,3.91,770.84,2022-09
1061,2023-08-01,Project Management,Internal,Incomplete,2,862.33,2022-11-20,,Unk,Active,Software Engineering,False,0.0,862.33,False,0.0,valid,True,0.7,431.16,2023-08
1062,2022-11-27,Technical Skills,Internal,Failed,5,702.84,2019-05-18,2020-01-14,Involuntary,Voluntarily Terminated,Software Engineering,False,0.0,702.84,True,702.84,after_exit,False,3.53,140.57,2022-11
1063,2022-10-15,Technical Skills,Internal,Completed,1,523.82,2021-06-22,,Unk,Active,Software Engineering,True,523.82,0.0,False,0.0,valid,True,1.31,523.82,2022-10
1064,2022-10-06,Leadership Development,External,Passed,1,819.86,2022-03-30,2022-04-13,Retirement,Voluntarily Terminated,Software Engineering,True,819.86,0.0,True,819.86,after_exit,False,0.52,819.86,2022-10
1065,2022-12-09,Technical Skills,External,Passed,4,486.01,2018-08-28,,Unk,Active,Software Engineering,True,486.01,0.0,False,0.0,valid,True,4.28,121.5,2022-12
1066,2023-06-14,Communication Skills,Internal,Completed,5,769.42,2021-12-27,2023-01-05,Voluntary,Active,Software Engineering,True,769.42,0.0,True,769.42,after_exit,False,1.46,153.88,2023-06
1067,2023-06-24,Project Management,External,Completed,5,857.65,2020-11-14,,Unk,Active,Software Engineering,True,857.65,0.0,False,0.0,valid,True,2.61,171.53,2023-06
1068,2022-11-06,Communication Skills,External,Completed,1,238.27,2021-10-01,,Unk,Active,Software Engineering,True,238.27,0.0,False,0.0,valid,True,1.1,238.27,2022-11
1069,2022-08-22,Communication Skills,Internal,Failed,5,886.06,2018-10-13,2023-05-28,Resignation,Active,Software Engineering,False,0.0,886.06,True,886.06,valid,True,3.86,177.21,2022-08
1070,2023-01-14,Technical Skills,Internal,Failed,1,943.8,2018-12-15,2022-05-28,Resignation,Active,Software Engineering,False,0.0,943.8,True,943.8,after_exit,False,4.08,943.8,2023-01
1071,2023-03-16,Communication Skills,Internal,Completed,5,234.26,2019-03-28,2020-10-17,Involuntary,Voluntarily Terminated,Software Engineering,True,234.26,0.0,True,234.26,after_exit,False,3.97,46.85,2023-03
1072,2023-05-19,Technical Skills,Internal,Passed,5,179.91,2018-12-27,,Unk,Active,Software Engineering,True,179.91,0.0,False,0.0,valid,True,4.39,35.98,2023-05
1073,2022-10-03,Project Management,Internal,Failed,4,306.3,2019-05-11,,Unk,Active,Software Engineering,False,0.0,306.3,False,0.0,valid,True,3.4,76.58,2022-10
1074,2023-07-07,Project Management,Internal,Passed,5,103.42,2021-02-19,2023-02-24,Voluntary,Voluntarily Terminated,Software Engineering,True,103.42,0.0,True,103.42,after_exit,False,2.38,20.68,2023-07
1075,2023-05-16,Project Management,Internal,Passed,4,573.29,2022-11-05,2023-04-16,Involuntary,Active,Software Engineering,True,573.29,0.0,True,573.29,after_exit,False,0.53,143.32,2023-05
1076,2022-11-07,Technical Skills,External,Incomplete,4,619.61,2020-03-22,2020-09-28,Retirement,Active,Software Engineering,False,0.0,619.61,True,619.61,after_exit,False,2.63,154.9,2022-11
1077,2022-12-21,Project Management,Internal,Incomplete,1,947.17,2019-02-02,,Unk,Active,Software Engineering,False,0.0,947.17,False,0.0,valid,True,3.88,947.17,2022-12
1078,2023-03-24,Project Management,External,Passed,1,597.64,2020-02-24,2021-06-16,Voluntary,Active,Software Engineering,True,597.64,0.0,True,597.64,after_exit,False,3.08,597.64,2023-03
1079,2023-04-15,Communication Skills,External,Incomplete,5,861.1,2021-04-07,2022-05-01,Resignation,Active,Software Engineering,False,0.0,861.1,True,861.1,after_exit,False,2.02,172.22,2023-04
1080,2023-04-22,Customer Service,External,Passed,4,199.14,2020-11-14,,Unk,Active,Software Engineering,True,199.14,0.0,False,0.0,valid,True,2.43,49.78,2023-04
1081,2023-06-05,Communication Skills,External,Failed,3,526.08,2022-01-17,2022-08-10,Involuntary,Voluntarily Terminated,Software Engineering,False,0.0,526.08,True,526.08,after_exit,False,1.38,175.36,2023-06
1082,2023-04-22,Customer Service,External,Incomplete,5,662.15,2021-09-02,2023-06-27,Retirement,Active,Software Engineering,False,0.0,662.15,True,662.15,valid,True,1.63,132.43,2023-04
1083,2022-11-18,Project Management,External,Completed,4,869.89,2023-07-30,,Unk,Active,Software Engineering,True,869.89,0.0,False,0.0,before_hire,False,-0.7,217.47,2022-11
1084,2022-12-17,Leadership Development,External,Completed,3,295.4,2023-06-27,,Unk,Active,Software Engineering,True,295.4,0.0,False,0.0,before_hire,False,-0.53,98.47,2022-12
1085,2022-11-01,Customer Service,External,Passed,5,993.13,2022-03-27,,Unk,Active,Software Engineering,True,993.13,0.0,False,0.0,valid,True,0.6,198.63,2022-11
1086,2023-07-15,Leadership Development,External,Completed,2,641.69,2022-08-12,2022-10-20,Voluntary,Active,Software Engineering,True,641.69,0.0,True,641.69,after_exit,False,0.92,320.85,2023-07
1087,2023-05-10,Technical Skills,Internal,Incomplete,5,197.34,2022-07-08,2023-08-04,Voluntary,Active,Software Engineering,False,0.0,197.34,True,197.34,valid,True,0.84,39.47,2023-05
1088,2023-05-17,Leadership Development,External,Failed,2,235.15,2020-08-15,2021-01-23,Resignation,Active,Software Engineering,False,0.0,235.15,True,235.15,after_exit,False,2.75,117.58,2023-05
1089,2023-05-27,Technical Skills,Internal,Passed,2,697.28,2023-05-27,2023-06-14,Involuntary,Active,Software Engineering,True,697.28,0.0,True,697.28,valid,True,0.0,348.64,2023-05
1090,2023-03-21,Communication Skills,External,Completed,1,910.33,2023-01-02,,Unk,Active,Software Engineering,True,910.33,0.0,False,0.0,valid,True,0.21,910.33,2023-03
1091,2022-10-20,Customer Service,Internal,Incomplete,2,213.91,2018-11-16,2021-04-03,Involuntary,Active,Production,False,0.0,213.91,True,213.91,after_exit,False,3.93,106.96,2022-10
1092,2022-09-20,Communication Skills,Internal,Completed,5,971.46,2022-07-12,,Unk,Active,Production,True,971.46,0.0,False,0.0,valid,True,0.19,194.29,2022-09
1093,2023-07-07,Customer Service,External,Failed,5,995.52,2022-12-16,,Unk,Active,Production,False,0.0,995.52,False,0.0,valid,True,0.56,199.1,2023-07
1094,2022-08-18,Communication Skills,Internal,Failed,4,161.4,2023-05-08,,Unk,Active,Production,False,0.0,161.4,False,0.0,before_hire,False,-0.72,40.35,2022-08
1095,2022-08-17,Customer Service,Internal,Passed,4,715.87,2023-04-07,,Unk,Active,Production,True,715.87,0.0,False,0.0,before_hire,False,-0.64,178.97,2022-08
1096,2022-09-25,Technical Skills,External,Incomplete,5,778.25,2022-02-15,2022-10-19,Voluntary,Active,Production,False,0.0,778.25,True,778.25,valid,True,0.61,155.65,2022-09
1097,2022-08-11,Customer Service,Internal,Completed,1,609.5,2023-07-17,2023-08-03,Involuntary,Active,Production,True,609.5,0.0,True,609.5,before_hire,False,-0.93,609.5,2022-08
1098,2023-05-13,Leadership Development,External,Failed,5,666.67,2019-05-03,2023-06-02,Involuntary,Voluntarily Terminated,Production,False,0.0,666.67,True,666.67,valid,True,4.03,133.33,2023-05
1099,2022-10-30,Project Management,External,Incomplete,5,797.05,2022-03-25,2022-04-22,Retirement,Active,Production,False,0.0,797.05,True,797.05,after_exit,False,0.6,159.41,2022-10
1100,2023-02-25,Communication Skills,External,Completed,3,518.56,2020-04-07,,Unk,Active,Production,True,518.56,0.0,False,0.0,valid,True,2.89,172.85,2023-02
1101,2023-03-31,Communication Skills,Internal,Passed,5,426.82,2021-03-10,,Unk,Active,Production,True,426.82,0.0,False,0.0,valid,True,2.06,85.36,2023-03
1102,2022-12-31,Project Management,External,Failed,2,150.04,2019-08-04,,Unk,Active,Production,False,0.0,150.04,False,0.0,valid,True,3.41,75.02,2022-12
1103,2023-07-05,Leadership Development,External,Passed,3,308.21,2021-04-11,2023-05-27,Involuntary,Voluntarily Terminated,Production,True,308.21,0.0,True,308.21,after_exit,False,2.23,102.74,2023-07
1104,2022-08-11,Communication Skills,Internal,Completed,4,766.77,2019-06-16,,Unk,Active,Production,True,766.77,0.0,False,0.0,valid,True,3.15,191.69,2022-08
1105,2023-01-17,Technical Skills,Internal,Incomplete,4,172.19,2020-10-08,2022-12-04,Voluntary,Voluntarily Terminated,Production,False,0.0,172.19,True,172.19,after_exit,False,2.28,43.05,2023-01
1106,2022-10-31,Project Management,Internal,Completed,1,742.55,2021-08-18,,Unk,Active,Production,True,742.55,0.0,False,0.0,valid,True,1.2,742.55,2022-10
1107,2023-01-26,Technical Skills,Internal,Failed,2,231.28,2020-03-16,,Unk,Active,Production,False,0.0,231.28,False,0.0,valid,True,2.86,115.64,2023-01
1108,2023-05-23,Customer Service,Internal,Completed,5,124.54,2019-01-24,,Unk,Active,Production,True,124.54,0.0,False,0.0,valid,True,4.33,24.91,2023-05
1109,2023-01-21,Leadership Development,External,Completed,5,898.37,2022-06-11,2022-09-25,Retirement,Voluntarily Terminated,Production,True,898.37,0.0,True,898.37,after_exit,False,0.61,179.67,2023-01
1110,2022-10-13,Customer Service,Internal,Passed,2,764.36,2022-07-02,,Unk,Active,Production,True,764.36,0.0,False,0.0,valid,True,0.28,382.18,2022-10
1111,2022-12-05,Project Management,Internal,Failed,5,786.57,2019-09-08,2020-08-29,Retirement,Voluntarily Terminated,Production,False,0.0,786.57,True,786.57,after_exit,False,3.24,157.31,2022-12
1112,2022-09-30,Communication Skills,Internal,Failed,3,668.05,2022-07-10,,Unk,Active,Production,False,0.0,668.05,False,0.0,valid,True,0.22,222.68,2022-09
1113,2023-01-20,Technical Skills,External,Incomplete,2,956.92,2022-04-24,,Unk,Active,Production,False,0.0,956.92,False,0.0,valid,True,0.74,478.46,2023-01
1114,2023-02-25,Communication Skills,Internal,Incomplete,1,912.27,2020-03-31,,Unk,Active,Production,False,0.0,912.27,False,0.0,valid,True,2.9,912.27,2023-02
1115,2023-05-19,Customer Service,Internal,Incomplete,4,881.71,2019-03-23,,Unk,Active,Production,False,0.0,881.71,False,0.0,valid,True,4.16,220.43,2023-05
1116,2023-05-16,Communication Skills,Internal,Incomplete,4,557.68,2019-03-09,2023-07-12,Voluntary,Voluntarily Terminated,Production,False,0.0,557.68,True,557.68,valid,True,4.19,139.42,2023-05
1117,2023-01-12,Communication Skills,Internal,Completed,4,271.68,2019-02-21,2019-03-06,Resignation,Voluntarily Terminated,Production,True,271.68,0.0,True,271.68,after_exit,False,3.89,67.92,2023-01
1118,2022-12-16,Communication Skills,External,Completed,2,299.68,2019-10-04,2022-11-26,Retirement,Active,Production,True,299.68,0.0,True,299.68,after_exit,False,3.2,149.84,2022-12
1119,2023-07-08,Communication Skills,Internal,Incomplete,5,440.28,2019-11-24,2020-12-20,Involuntary,Active,Production,False,0.0,440.28,True,440.28,after_exit,False,3.62,88.06,2023-07
1120,2023-03-10,Leadership Development,Internal,Incomplete,4,553.83,2020-08-17,,Unk,Active,Production,False,0.0,553.83,False,0.0,valid,True,2.56,138.46,2023-03
1121,2022-09-19,Leadership Development,Internal,Failed,1,428.9,2021-03-16,,Unk,Active,Production,False,0.0,428.9,False,0.0,valid,True,1.51,428.9,2022-09
1122,2023-01-21,Communication Skills,Internal,Passed,3,444.4,2021-11-16,2022-08-26,Retirement,Active,Production,True,444.4,0.0,True,444.4,after_exit,False,1.18,148.13,2023-01
1123,2023-01-31,Project Management,Internal,Completed,4,254.38,2022-05-03,,Unk,Active,Production,True,254.38,0.0,False,0.0,valid,True,0.75,63.6,2023-01
1124,2022-11-03,Communication Skills,Internal,Failed,1,256.21,2019-12-24,2022-11-11,Involuntary,Active,Production,False,0.0,256.21,True,256.21,valid,True,2.86,256.21,2022-11
1125,2022-12-14,Communication Skills,Internal,Incomplete,2,756.19,2021-10-21,,Unk,Active,Production,False,0.0,756.19,False,0.0,valid,True,1.15,378.1,2022-12
1126,2023-07-29,Technical Skills,Internal,Failed,4,500.45,2018-09-08,2020-03-06,Retirement,Voluntarily Terminated,Production,False,0.0,500.45,True,500.45,after_exit,False,4.89,125.11,2023-07
1127,2022-09-04,Communication Skills,External,Incomplete,2,500.83,2019-02-26,,Unk,Active,Production,False,0.0,500.83,False,0.0,valid,True,3.52,250.42,2022-09
1128,2023-05-17,Communication Skills,Internal,Incomplete,1,773.8,2023-04-21,,Unk,Active,Production,False,0.0,773.8,False,0.0,valid,True,0.07,773.8,2023-05
1129,2022-09-11,Technical Skills,Internal,Passed,2,768.06,2019-09-19,2021-10-23,Resignation,Voluntarily Terminated,Production,True,768.06,0.0,True,768.06,after_exit,False,2.98,384.03,2022-09
1130,2022-11-09,Leadership Development,External,Completed,3,777.7,2020-12-23,,Unk,Active,Production,True,777.7,0.0,False,0.0,valid,True,1.88,259.23,2022-11
1131,2023-03-31,Customer Service,Internal,Incomplete,2,943.05,2019-03-29,,Unk,Active,Production,False,0.0,943.05,False,0.0,valid,True,4.01,471.52,2023-03
1132,2022-09-27,Communication Skills,Internal,Passed,4,475.91,2021-05-15,2023-05-03,Involuntary,Voluntarily Terminated,Production,True,475.91,0.0,True,475.91,valid,True,1.37,118.98,2022-09
1133,2022-08-19,Customer Service,External,Passed,3,107.14,2022-03-14,2022-10-02,Voluntary,Voluntarily Terminated,Production,True,107.14,0.0,True,107.14,valid,True,0.43,35.71,2022-08
1134,2022-12-09,Communication Skills,External,Passed,1,271.49,2021-12-06,2022-01-08,Retirement,Voluntarily Terminated,Production,True,271.49,0.0,True,271.49,after_exit,False,1.01,271.49,2022-12
1135,2023-03-22,Project Management,Internal,Passed,2,524.23,2021-10-27,,Unk,Active,Production,True,524.23,0.0,False,0.0,valid,True,1.4,262.12,2023-03
1136,2022-12-25,Customer Service,External,Completed,3,535.88,2023-04-01,,Unk,Active,Production,True,535.88,0.0,False,0.0,before_hire,False,-0.27,178.63,2022-12
1137,2022-09-09,Communication Skills,Internal,Passed,5,270.92,2019-05-29,,Unk,Active,Production,True,270.92,0.0,False,0.0,valid,True,3.28,54.18,2022-09
1138,2022-09-10,Customer Service,Internal,Failed,4,155.14,2019-07-12,2022-07-12,Involuntary,Active,Production,False,0.0,155.14,True,155.14,after_exit,False,3.16,38.78,2022-09
1139,2022-10-01,Customer Service,External,Completed,1,930.06,2018-08-10,2022-02-21,Involuntary,Active,Production,True,930.06,0.0,True,930.06,after_exit,False,4.14,930.06,2022-10
1140,2022-09-27,Customer Service,Internal,Passed,1,949.81,2021-09-29,,Unk,Active,Production,True,949.81,0.0,False,0.0,valid,True,0.99,949.81,2022-09
1141,2023-05-17,Technical Skills,Internal,Incomplete,1,635.31,2021-08-05,,Unk,Active,Production,False,0.0,635.31,False,0.0,valid,True,1.78,635.31,2023-05
1142,2023-07-17,Leadership Development,External,Completed,3,675.04,2023-08-02,,Unk,Active,Production,True,675.04,0.0,False,0.0,before_hire,False,-0.04,225.01,2023-07
1143,2022-12-20,Customer Service,Internal,Failed,3,563.38,2018-09-02,2021-07-28,Resignation,Active,Production,False,0.0,563.38,True,563.38,after_exit,False,4.3,187.79,2022-12
1144,2023-01-10,Communication Skills,External,Completed,4,750.25,2019-10-13,,Unk,Active,Production,True,750.25,0.0,False,0.0,valid,True,3.24,187.56,2023-01
1145,2022-11-15,Technical Skills,Internal,Incomplete,2,401.53,2020-09-24,,Unk,Active,Production,False,0.0,401.53,False,0.0,valid,True,2.14,200.76,2022-11
1146,2023-06-28,Technical Skills,External,Failed,3,894.88,2023-08-06,,Unk,Active,Production,False,0.0,894.88,False,0.0,before_hire,False,-0.11,298.29,2023-06
1147,2023-01-25,Leadership Development,Internal,Failed,2,247.58,2019-06-11,2022-02-27,Involuntary,Voluntarily Terminated,Production,False,0.0,247.58,True,247.58,after_exit,False,3.62,123.79,2023-01
1148,2022-09-01,Communication Skills,External,Passed,3,529.0,2019-02-14,,Unk,Active,Production,True,529.0,0.0,False,0.0,valid,True,3.55,176.33,2022-09
1149,2023-07-31,Leadership Development,External,Failed,5,483.99,2022-03-17,,Unk,Active,Production,False,0.0,483.99,False,0.0,valid,True,1.37,96.8,2023-07
1150,2023-06-03,Project Management,External,Incomplete,5,797.35,2020-08-05,,Unk,Active,Production,False,0.0,797.35,False,0.0,valid,True,2.83,159.47,2023-06
1151,2022-12-19,Project Management,External,Passed,4,707.59,2022-08-23,,Unk,Active,Production,True,707.59,0.0,False,0.0,valid,True,0.32,176.9,2022-12
1152,2023-03-29,Customer Service,External,Incomplete,2,564.48,2023-01-12,,Unk,Active,Production,False,0.0,564.48,False,0.0,valid,True,0.21,282.24,2023-03
1153,2022-12-02,Communication Skills,Internal,Failed,4,555.35,2020-04-14,2021-09-10,Resignation,Voluntarily Terminated,Production,False,0.0,555.35,True,555.35,after_exit,False,2.63,138.84,2022-12
1154,2022-08-12,Customer Service,Internal,Incomplete,3,338.48,2021-09-27,2023-02-05,Retirement,Voluntarily Terminated,Production,False,0.0,338.48,True,338.48,valid,True,0.87,112.83,2022-08
1155,2022-09-10,Technical Skills,Internal,Failed,1,339.01,2018-11-17,2020-03-12,Resignation,Voluntarily Terminated,Production,False,0.0,339.01,True,339.01,after_exit,False,3.81,339.01,2022-09
1156,2022-09-04,Customer Service,Internal,Incomplete,5,939.49,2019-07-22,2023-02-28,Voluntary,Voluntarily Terminated,Production,False,0.0,939.49,True,939.49,valid,True,3.12,187.9,2022-09
1157,2022-10-11,Technical Skills,External,Passed,1,276.47,2019-02-10,,Unk,Active,Production,True,276.47,0.0,False,0.0,valid,True,3.67,276.47,2022-10
1158,2022-09-14,Customer Service,External,Completed,3,154.71,2018-11-22,2020-07-19,Resignation,Voluntarily Terminated,Production,True,154.71,0.0,True,154.71,after_exit,False,3.81,51.57,2022-09
1159,2022-12-27,Leadership Development,External,Failed,3,674.24,2023-04-23,,Unk,Active,Production,False,0.0,674.24,False,0.0,before_hire,False,-0.32,224.75,2022-12
1160,2022-11-07,Leadership Development,External,Failed,2,137.96,2022-12-26,2023-05-23,Retirement,Active,Production,False,0.0,137.96,True,137.96,before_hire,False,-0.13,68.98,2022-11
1161,2022-11-13,Technical Skills,Internal,Passed,5,926.85,2020-06-14,,Unk,Active,Production,True,926.85,0.0,False,0.0,valid,True,2.41,185.37,2022-11
1162,2022-09-02,Communication Skills,External,Incomplete,1,846.55,2022-03-29,2023-05-20,Resignation,Active,Production,False,0.0,846.55,True,846.55,valid,True,0.43,846.55,2022-09
1163,2023-02-23,Communication Skills,External,Passed,3,734.77,2022-12-18,,Unk,Active,Production,True,734.77,0.0,False,0.0,valid,True,0.18,244.92,2023-02
1164,2023-03-01,Technical Skills,Internal,Incomplete,3,315.09,2019-03-21,,Unk,Active,Production,False,0.0,315.09,False,0.0,valid,True,3.95,105.03,2023-03
1165,2022-09-27,Communication Skills,Internal,Passed,3,686.05,2021-02-08,,Unk,Active,Production,True,686.05,0.0,False,0.0,valid,True,1.63,228.68,2022-09
1166,2022-08-10,Communication Skills,External,Passed,4,942.51,2022-06-06,,Unk,Active,Production,True,942.51,0.0,False,0.0,valid,True,0.18,235.63,2022-08
1167,2023-02-23,Project Management,Internal,Failed,4,782.82,2021-11-01,,Unk,Active,Production,False,0.0,782.82,False,0.0,valid,True,1.31,195.7,2023-02
1168,2022-09-02,Project Management,Internal,Failed,1,370.64,2023-01-19,,Unk,Active,Production,False,0.0,370.64,False,0.0,before_hire,False,-0.38,370.64,2022-09
1169,2023-06-30,Technical Skills,Internal,Incomplete,1,487.66,2020-07-30,,Unk,Active,Production,False,0.0,487.66,False,0.0,valid,True,2.92,487.66,2023-06
1170,2023-08-04,Communication Skills,External,Incomplete,1,179.85,2023-07-16,,Unk,Active,Production,False,0.0,179.85,False,0.0,valid,True,0.05,179.85,2023-08
1171,2022-09-07,Project Management,Internal,Completed,1,294.74,2022-06-16,,Unk,Active,Production,True,294.74,0.0,False,0.0,valid,True,0.23,294.74,2022-09
1172,2023-03-30,Communication Skills,External,Passed,5,202.09,2021-06-13,2022-05-27,Voluntary,Voluntarily Terminated,Production,True,202.09,0.0,True,202.09,after_exit,False,1.79,40.42,2023-03
1173,2023-02-09,Customer Service,Internal,Passed,4,901.42,2020-11-14,2021-11-01,Resignation,Voluntarily Terminated,Production,True,901.42,0.0,True,901.42,after_exit,False,2.24,225.36,2023-02
1174,2023-05-12,Project Management,External,Incomplete,3,454.23,2020-06-16,2023-03-13,Resignation,Voluntarily Terminated,Production,False,0.0,454.23,True,454.23,after_exit,False,2.9,151.41,2023-05
1175,2023-01-04,Project Management,Internal,Passed,3,460.39,2018-12-20,2020-12-24,Voluntary,Voluntarily Terminated,Production,True,460.39,0.0,True,460.39,after_exit,False,4.04,153.46,2023-01
1176,2023-02-14,Leadership Development,Internal,Completed,2,644.72,2022-10-29,,Unk,Active,Production,True,644.72,0.0,False,0.0,valid,True,0.3,322.36,2023-02
1177,2022-09-17,Customer Service,External,Passed,3,436.86,2020-07-20,,Unk,Active,Production,True,436.86,0.0,False,0.0,valid,True,2.16,145.62,2022-09
1178,2022-12-21,Project Management,External,Failed,1,361.52,2021-10-03,2021-12-19,Involuntary,Voluntarily Terminated,Production,False,0.0,361.52,True,361.52,after_exit,False,1.22,361.52,2022-12
1179,2023-02-11,Technical Skills,Internal,Passed,2,229.05,2022-07-16,,Unk,Active,Production,True,229.05,0.0,False,0.0,valid,True,0.57,114.52,2023-02
1180,2022-11-17,Technical Skills,Internal,Completed,3,787.85,2020-06-30,,Unk,Active,Production,True,787.85,0.0,False,0.0,valid,True,2.38,262.62,2022-11
1181,2022-12-31,Communication Skills,External,Incomplete,1,483.82,2021-06-13,,Unk,Active,Production,False,0.0,483.82,False,0.0,valid,True,1.55,483.82,2022-12
1182,2022-10-19,Communication Skills,External,Passed,5,623.64,2020-12-29,2022-10-24,Voluntary,Active,Production,True,623.64,0.0,True,623.64,valid,True,1.8,124.73,2022-10
1183,2023-07-16,Technical Skills,Internal,Incomplete,4,351.35,2022-02-03,,Unk,Active,Production,False,0.0,351.35,False,0.0,valid,True,1.45,87.84,2023-07
1184,2023-01-31,Customer Service,Internal,Completed,3,512.51,2022-01-10,2023-05-11,Involuntary,Active,Production,True,512.51,0.0,True,512.51,valid,True,1.06,170.84,2023-01
1185,2022-09-22,Project Management,Internal,Failed,5,957.9,2018-12-13,,Unk,Active,Production,False,0.0,957.9,False,0.0,valid,True,3.78,191.58,2022-09
1186,2023-06-12,Communication Skills,External,Failed,5,886.45,2021-03-03,,Unk,Active,Production,False,0.0,886.45,False,0.0,valid,True,2.28,177.29,2023-06
1187,2022-10-25,Communication Skills,Internal,Incomplete,4,443.55,2021-07-04,,Unk,Active,Production,False,0.0,443.55,False,0.0,valid,True,1.31,110.89,2022-10
1188,2023-01-07,Technical Skills,Internal,Passed,4,899.13,2020-02-06,2021-07-21,Retirement,Voluntarily Terminated,Production,True,899.13,0.0,True,899.13,after_exit,False,2.92,224.78,2023-01
1189,2022-09-20,Communication Skills,External,Completed,1,202.74,2020-06-28,2022-07-11,Involuntary,Voluntarily Terminated,Production,True,202.74,0.0,True,202.74,after_exit,False,2.23,202.74,2022-09
1190,2023-05-21,Project Management,External,Failed,4,727.81,2020-12-22,2021-11-20,Resignation,Voluntarily Terminated,Production,False,0.0,727.81,True,727.81,after_exit,False,2.41,181.95,2023-05
1191,2022-09-23,Customer Service,Internal,Completed,2,820.39,2019-11-24,,Unk,Active,Production,True,820.39,0.0,False,0.0,valid,True,2.83,410.2,2022-09
1192,2022-10-11,Leadership Development,External,Passed,4,111.94,2022-09-23,,Unk,Active,Production,True,111.94,0.0,False,0.0,valid,True,0.05,27.98,2022-10
1193,2023-05-05,Technical Skills,External,Failed,1,231.96,2020-02-06,2022-01-23,Involuntary,Voluntarily Terminated,Production,False,0.0,231.96,True,231.96,after_exit,False,3.24,231.96,2023-05
1194,2023-05-07,Communication Skills,Internal,Completed,2,430.92,2019-01-14,2021-08-06,Resignation,Voluntarily Terminated,Production,True,430.92,0.0,True,430.92,after_exit,False,4.31,215.46,2023-05
1195,2023-07-06,Technical Skills,Internal,Failed,3,638.7,2019-06-25,2022-05-15,Retirement,Leave of Absence,Production,False,0.0,638.7,True,638.7,after_exit,False,4.03,212.9,2023-07
1196,2023-02-28,Communication Skills,Internal,Completed,5,355.3,2019-03-09,,Unk,Active,Production,True,355.3,0.0,False,0.0,valid,True,3.98,71.06,2023-02
1197,2023-02-25,Technical Skills,Internal,Passed,5,575.1,2020-06-13,,Unk,Active,Production,True,575.1,0.0,False,0.0,valid,True,2.7,115.02,2023-02
1198,2023-06-19,Project Management,Internal,Failed,1,140.82,2019-01-22,,Unk,Active,Production,False,0.0,140.82,False,0.0,valid,True,4.41,140.82,2023-06
1199,2022-11-28,Leadership Development,External,Passed,2,663.19,2020-12-12,,Unk,Active,Production,True,663.19,0.0,False,0.0,valid,True,1.96,331.6,2022-11
1200,2023-07-29,Project Management,Internal,Incomplete,2,996.77,2022-04-27,,Unk,Active,Production,False,0.0,996.77,False,0.0,valid,True,1.25,498.38,2023-07
1201,2022-10-10,Communication Skills,External,Passed,2,145.39,2022-04-11,2022-09-26,Voluntary,Voluntarily Terminated,Production,True,145.39,0.0,True,145.39,after_exit,False,0.5,72.69,2022-10
1202,2022-12-08,Technical Skills,Internal,Incomplete,1,344.74,2022-09-01,2022-12-02,Voluntary,Voluntarily Terminated,Production,False,0.0,344.74,True,344.74,after_exit,False,0.27,344.74,2022-12
1203,2022-10-12,Project Management,External,Incomplete,5,308.09,2018-09-08,,Unk,Active,Production,False,0.0,308.09,False,0.0,valid,True,4.09,61.62,2022-10
1204,2023-07-16,Project Management,External,Incomplete,1,610.96,2022-11-24,2023-08-05,Voluntary,Active,Production,False,0.0,610.96,True,610.96,valid,True,0.64,610.96,2023-07
1205,2023-08-01,Communication Skills,External,Failed,3,201.83,2020-07-23,,Unk,Active,Production,False,0.0,201.83,False,0.0,valid,True,3.02,67.28,2023-08
1206,2023-07-20,Technical Skills,Internal,Passed,5,391.85,2018-12-28,2023-05-15,Voluntary,Active,Production,True,391.85,0.0,True,391.85,after_exit,False,4.56,78.37,2023-07
1207,2022-12-07,Communication Skills,Internal,Completed,5,682.36,2019-10-01,,Unk,Active,Production,True,682.36,0.0,False,0.0,valid,True,3.18,136.47,2022-12
1208,2022-09-20,Leadership Development,Internal,Passed,3,492.39,2019-08-17,2019-10-25,Retirement,Active,Production,True,492.39,0.0,True,492.39,after_exit,False,3.09,164.13,2022-09
1209,2023-06-18,Communication Skills,External,Failed,2,197.78,2023-05-31,,Unk,Active,Production,False,0.0,197.78,False,0.0,valid,True,0.05,98.89,2023-06
1210,2023-01-09,Leadership Development,External,Incomplete,4,485.44,2020-12-08,2023-06-10,Involuntary,Active,Production,False,0.0,485.44,True,485.44,valid,True,2.09,121.36,2023-01
1211,2023-07-30,Leadership Development,External,Passed,3,557.34,2018-11-05,2023-03-23,Voluntary,Voluntarily Terminated,Production,True,557.34,0.0,True,557.34,after_exit,False,4.73,185.78,2023-07
1212,2023-05-03,Project Management,Internal,Failed,5,817.92,2020-08-26,2023-04-05,Voluntary,Voluntarily Terminated,Production,False,0.0,817.92,True,817.92,after_exit,False,2.68,163.58,2023-05
1213,2023-02-15,Project Management,External,Failed,4,485.39,2020-02-23,,Unk,Active,Production,False,0.0,485.39,False,0.0,valid,True,2.98,121.35,2023-02
1214,2023-04-02,Customer Service,Internal,Completed,3,145.13,2022-02-12,,Unk,Active,Production,True,145.13,0.0,False,0.0,valid,True,1.13,48.38,2023-04
1215,2022-09-13,Communication Skills,External,Passed,4,751.88,2020-02-13,,Unk,Active,Production,True,751.88,0.0,False,0.0,valid,True,2.58,187.97,2022-09
1216,2023-07-16,Leadership Development,External,Incomplete,1,136.48,2023-02-15,2023-03-09,Voluntary,Voluntarily Terminated,Production,False,0.0,136.48,True,136.48,after_exit,False,0.41,136.48,2023-07
1217,2023-04-17,Customer Service,External,Completed,1,857.42,2019-12-03,2021-08-31,Voluntary,Voluntarily Terminated,Production,True,857.42,0.0,True,857.42,after_exit,False,3.37,857.42,2023-04
1218,2023-01-30,Leadership Development,Internal,Failed,3,733.16,2018-12-31,,Unk,Active,Production,False,0.0,733.16,False,0.0,valid,True,4.08,244.39,2023-01
1219,2022-09-15,Communication Skills,External,Failed,5,761.31,2020-01-16,2021-02-09,Voluntary,Voluntarily Terminated,Production,False,0.0,761.31,True,761.31,after_exit,False,2.66,152.26,2022-09
1220,2023-06-29,Leadership Development,External,Passed,1,920.41,2018-11-20,2020-02-09,Voluntary,Voluntarily Terminated,Production,True,920.41,0.0,True,920.41,after_exit,False,4.61,920.41,2023-06
1221,2022-08-25,Customer Service,Internal,Passed,4,167.69,2022-11-11,2023-07-03,Involuntary,Voluntarily Terminated,Production,True,167.69,0.0,True,167.69,before_hire,False,-0.21,41.92,2022-08
1222,2023-03-10,Leadership Development,External,Passed,2,931.45,2020-12-18,2021-07-23,Involuntary,Voluntarily Terminated,Production,True,931.45,0.0,True,931.45,after_exit,False,2.22,465.72,2023-03
1223,2022-08-30,Project Management,External,Completed,1,474.36,2021-01-26,,Unk,Active,Production,True,474.36,0.0,False,0.0,valid,True,1.59,474.36,2022-08
1224,2023-03-18,Project Management,Internal,Incomplete,5,598.72,2021-11-26,2022-05-24,Retirement,Voluntarily Terminated,Production,False,0.0,598.72,True,598.72,after_exit,False,1.31,119.74,2023-03
1225,2022-08-14,Customer Service,Internal,Completed,5,557.02,2023-05-15,,Unk,Active,Production,True,557.02,0.0,False,0.0,before_hire,False,-0.75,111.4,2022-08
1226,2023-05-20,Customer Service,Internal,Completed,3,939.92,2023-06-20,,Unk,Active,Production,True,939.92,0.0,False,0.0,before_hire,False,-0.08,313.31,2023-05
1227,2023-05-15,Communication Skills,External,Failed,3,669.19,2019-08-22,2022-06-06,Voluntary,Active,Production,False,0.0,669.19,True,669.19,after_exit,False,3.73,223.06,2023-05
1228,2022-10-05,Technical Skills,Internal,Failed,5,525.69,2021-08-30,,Unk,Active,Production,False,0.0,525.69,False,0.0,valid,True,1.1,105.14,2022-10
1229,2023-01-11,Customer Service,External,Failed,1,173.66,2020-01-27,,Unk,Active,Production,False,0.0,173.66,False,0.0,valid,True,2.96,173.66,2023-01
1230,2023-04-30,Communication Skills,External,Completed,1,635.71,2022-03-04,,Unk,Active,Production,True,635.71,0.0,False,0.0,valid,True,1.16,635.71,2023-04
1231,2022-08-06,Project Management,External,Passed,1,896.8,2020-03-07,,Unk,Active,Production,True,896.8,0.0,False,0.0,valid,True,2.41,896.8,2022-08
1232,2022-11-30,Leadership Development,Internal,Incomplete,4,857.61,2020-03-19,,Unk,Active,Production,False,0.0,857.61,False,0.0,valid,True,2.7,214.4,2022-11
1233,2022-11-29,Customer Service,Internal,Failed,3,460.59,2022-07-23,,Unk,Active,Production,False,0.0,460.59,False,0.0,valid,True,0.35,153.53,2022-11
1234,2023-02-19,Leadership Development,Internal,Passed,1,504.82,2019-10-18,2021-10-03,Involuntary,Voluntarily Terminated,Production,True,504.82,0.0,True,504.82,after_exit,False,3.34,504.82,2023-02
1235,2023-04-10,Project Management,Internal,Failed,3,737.91,2020-04-14,,Unk,Active,Production,False,0.0,737.91,False,0.0,valid,True,2.99,245.97,2023-04
1236,2023-04-17,Customer Service,External,Passed,2,244.25,2018-11-25,2019-07-25,Retirement,Voluntarily Terminated,Production,True,244.25,0.0,True,244.25,after_exit,False,4.39,122.12,2023-04
1237,2022-11-11,Leadership Development,External,Passed,2,762.82,2021-03-23,2022-08-26,Resignation,Voluntarily Terminated,Production,True,762.82,0.0,True,762.82,after_exit,False,1.64,381.41,2022-11
1238,2022-11-14,Leadership Development,Internal,Incomplete,2,640.14,2020-10-27,2021-11-08,Voluntary,Voluntarily Terminated,Production,False,0.0,640.14,True,640.14,after_exit,False,2.05,320.07,2022-11
1239,2023-04-28,Project Management,Internal,Incomplete,3,726.03,2022-06-11,2023-06-29,Voluntary,Voluntarily Terminated,Production,False,0.0,726.03,True,726.03,valid,True,0.88,242.01,2023-04
1240,2023-01-04,Communication Skills,External,Passed,5,758.75,2020-03-19,,Unk,Active,Production,True,758.75,0.0,False,0.0,valid,True,2.8,151.75,2023-01
1241,2023-02-01,Project Management,External,Failed,5,878.94,2019-11-07,2022-12-07,Retirement,Voluntarily Terminated,Production,False,0.0,878.94,True,878.94,after_exit,False,3.24,175.79,2023-02
1242,2023-03-14,Project Management,External,Passed,3,227.9,2023-04-24,,Unk,Active,Production,True,227.9,0.0,False,0.0,before_hire,False,-0.11,75.97,2023-03
1243,2023-02-05,Communication Skills,Internal,Incomplete,3,855.27,2020-06-04,,Unk,Active,Production,False,0.0,855.27,False,0.0,valid,True,2.67,285.09,2023-02
1244,2023-02-18,Technical Skills,External,Incomplete,5,170.62,2022-05-23,,Unk,Active,Production,False,0.0,170.62,False,0.0,valid,True,0.74,34.12,2023-02
1245,2023-06-29,Communication Skills,Internal,Incomplete,4,392.14,2019-05-17,,Unk,Active,Production,False,0.0,392.14,False,0.0,valid,True,4.12,98.04,2023-06
1246,2022-12-25,Communication Skills,Internal,Completed,1,206.93,2018-09-28,2021-04-25,Resignation,Voluntarily Terminated,Production,True,206.93,0.0,True,206.93,after_exit,False,4.24,206.93,2022-12
1247,2022-12-09,Customer Service,External,Completed,5,307.13,2019-03-04,,Unk,Active,Production,True,307.13,0.0,False,0.0,valid,True,3.77,61.43,2022-12
1248,2022-08-24,Communication Skills,Internal,Passed,4,165.05,2021-03-29,2021-12-01,Resignation,Active,Production,True,165.05,0.0,True,165.05,after_exit,False,1.4,41.26,2022-08
1249,2022-08-15,Communication Skills,Internal,Completed,4,371.27,2019-07-07,2020-02-14,Retirement,Active,Production,True,371.27,0.0,True,371.27,after_exit,False,3.11,92.82,2022-08
1250,2023-04-28,Communication Skills,External,Incomplete,3,366.78,2018-09-06,,Unk,Active,Production,False,0.0,366.78,False,0.0,valid,True,4.64,122.26,2023-04
1251,2023-02-04,Communication Skills,External,Failed,5,205.92,2018-09-25,,Unk,Active,Production,False,0.0,205.92,False,0.0,valid,True,4.36,41.18,2023-02
1252,2022-11-20,Leadership Development,Internal,Completed,1,314.51,2022-03-11,2022-04-25,Voluntary,Active,Production,True,314.51,0.0,True,314.51,after_exit,False,0.7,314.51,2022-11
1253,2023-06-03,Customer Service,Internal,Completed,2,793.86,2020-07-13,2021-10-06,Retirement,Active,Production,True,793.86,0.0,True,793.86,after_exit,False,2.89,396.93,2023-06
1254,2023-04-20,Project Management,Internal,Passed,3,252.53,2020-06-22,,Unk,Active,Production,True,252.53,0.0,False,0.0,valid,True,2.83,84.18,2023-04
1255,2022-10-23,Customer Service,External,Passed,2,693.25,2019-09-30,2021-03-02,Resignation,Voluntarily Terminated,Production,True,693.25,0.0,True,693.25,after_exit,False,3.06,346.62,2022-10
1256,2023-05-26,Project Management,Internal,Completed,4,926.76,2020-01-08,,Unk,Active,Production,True,926.76,0.0,False,0.0,valid,True,3.38,231.69,2023-05
1257,2023-05-23,Technical Skills,Internal,Failed,1,694.61,2021-10-16,,Unk,Active,Production,False,0.0,694.61,False,0.0,valid,True,1.6,694.61,2023-05
1258,2023-06-30,Project Management,Internal,Incomplete,1,732.02,2022-06-29,,Unk,Active,Production,False,0.0,732.02,False,0.0,valid,True,1.0,732.02,2023-06
1259,2023-01-04,Leadership Development,Internal,Completed,1,897.62,2022-05-01,2023-04-24,Retirement,Voluntarily Terminated,Production,True,897.62,0.0,True,897.62,valid,True,0.68,897.62,2023-01
1260,2022-11-21,Leadership Development,Internal,Completed,2,786.57,2018-08-16,,Unk,Active,Production,True,786.57,0.0,False,0.0,valid,True,4.27,393.28,2022-11
1261,2023-07-26,Project Management,External,Incomplete,3,613.93,2019-12-27,,Unk,Active,Production,False,0.0,613.93,False,0.0,valid,True,3.58,204.64,2023-07
1262,2023-01-17,Communication Skills,Internal,Passed,2,711.8,2021-07-01,2023-03-28,Retirement,Voluntarily Terminated,Production,True,711.8,0.0,True,711.8,valid,True,1.55,355.9,2023-01
1263,2023-03-03,Communication Skills,Internal,Failed,5,784.1,2022-10-20,,Unk,Active,Production,False,0.0,784.1,False,0.0,valid,True,0.37,156.82,2023-03
1264,2023-05-16,Customer Service,Internal,Failed,5,509.67,2019-02-15,,Unk,Active,Production,False,0.0,509.67,False,0.0,valid,True,4.25,101.93,2023-05
1265,2023-06-15,Leadership Development,Internal,Incomplete,4,494.96,2022-01-17,2022-07-25,Retirement,Voluntarily Terminated,Production,False,0.0,494.96,True,494.96,after_exit,False,1.41,123.74,2023-06
1266,2023-03-30,Project Management,Internal,Incomplete,5,465.72,2021-11-14,2022-07-01,Involuntary,Voluntarily Terminated,Production,False,0.0,465.72,True,465.72,after_exit,False,1.37,93.14,2023-03
1267,2023-02-27,Technical Skills,Internal,Failed,1,507.43,2020-11-14,2020-12-22,Voluntary,Active,Production,False,0.0,507.43,True,507.43,after_exit,False,2.29,507.43,2023-02
1268,2023-05-25,Project Management,External,Passed,5,401.97,2023-02-25,,Unk,Active,Production,True,401.97,0.0,False,0.0,valid,True,0.24,80.39,2023-05
1269,2022-12-23,Customer Service,External,Passed,4,813.9,2022-08-23,,Unk,Active,Production,True,813.9,0.0,False,0.0,valid,True,0.33,203.48,2022-12
1270,2022-08-21,Leadership Development,External,Completed,2,360.02,2019-05-01,2019-12-31,Voluntary,Active,Production,True,360.02,0.0,True,360.02,after_exit,False,3.31,180.01,2022-08
1271,2023-02-15,Customer Service,Internal,Completed,3,692.71,2020-04-26,,Unk,Active,Production,True,692.71,0.0,False,0.0,valid,True,2.81,230.9,2023-02
1272,2023-02-24,Technical Skills,Internal,Failed,3,233.12,2021-02-08,2022-07-15,Involuntary,Active,Production,False,0.0,233.12,True,233.12,after_exit,False,2.04,77.71,2023-02
1273,2023-05-24,Technical Skills,External,Incomplete,1,881.48,2020-10-29,2021-01-26,Retirement,Active,Production,False,0.0,881.48,True,881.48,after_exit,False,2.57,881.48,2023-05
1274,2023-05-22,Project Management,Internal,Passed,2,448.48,2022-11-22,,Unk,Active,Production,True,448.48,0.0,False,0.0,valid,True,0.5,224.24,2023-05
1275,2023-06-13,Communication Skills,External,Incomplete,3,288.88,2022-10-11,,Unk,Active,Production,False,0.0,288.88,False,0.0,valid,True,0.67,96.29,2023-06
1276,2023-07-15,Communication Skills,Internal,Failed,1,572.45,2019-12-28,,Unk,Active,Production,False,0.0,572.45,False,0.0,valid,True,3.55,572.45,2023-07
1277,2023-03-27,Communication Skills,Internal,Passed,3,141.38,2019-04-11,,Unk,Active,Production,True,141.38,0.0,False,0.0,valid,True,3.96,47.13,2023-03
1278,2023-02-04,Technical Skills,Internal,Incomplete,1,331.46,2020-10-26,,Unk,Active,Production,False,0.0,331.46,False,0.0,valid,True,2.28,331.46,2023-02
1279,2022-11-23,Technical Skills,Internal,Incomplete,4,704.93,2021-07-09,2023-01-27,Resignation,Voluntarily Terminated,Production,False,0.0,704.93,True,704.93,valid,True,1.37,176.23,2022-11
1280,2023-06-08,Leadership Development,External,Completed,4,450.65,2022-01-12,,Unk,Active,Production,True,450.65,0.0,False,0.0,valid,True,1.4,112.66,2023-06
1281,2023-01-31,Project Management,External,Completed,3,775.97,2020-08-07,2021-07-20,Retirement,Voluntarily Terminated,Production,True,775.97,0.0,True,775.97,after_exit,False,2.48,258.66,2023-01
1282,2023-02-20,Leadership Development,External,Passed,4,376.0,2021-04-10,2022-11-19,Involuntary,Voluntarily Terminated,Production,True,376.0,0.0,True,376.0,after_exit,False,1.86,94.0,2023-02
1283,2023-01-17,Customer Service,External,Failed,2,106.54,2021-01-11,,Unk,Active,Production,False,0.0,106.54,False,0.0,valid,True,2.02,53.27,2023-01
1284,2022-11-10,Communication Skills,External,Completed,1,852.87,2019-12-08,,Unk,Active,Production,True,852.87,0.0,False,0.0,valid,True,2.92,852.87,2022-11
1285,2022-11-08,Project Management,External,Completed,4,469.03,2021-09-26,,Unk,Active,Production,True,469.03,0.0,False,0.0,valid,True,1.12,117.26,2022-11
1286,2023-05-28,Customer Service,Internal,Incomplete,2,274.85,2021-09-09,2021-10-28,Voluntary,Voluntarily Terminated,Production,False,0.0,274.85,True,274.85,after_exit,False,1.71,137.43,2023-05
1287,2023-03-31,Technical Skills,External,Completed,1,342.57,2020-09-19,2023-02-20,Retirement,Voluntarily Terminated,Production,True,342.57,0.0,True,342.57,after_exit,False,2.53,342.57,2023-03
1288,2023-05-13,Technical Skills,External,Incomplete,5,948.31,2022-01-11,2022-10-26,Voluntary,Active,Production,False,0.0,948.31,True,948.31,after_exit,False,1.33,189.66,2023-05
1289,2022-10-08,Leadership Development,Internal,Incomplete,3,900.52,2019-07-18,,Unk,Active,Production,False,0.0,900.52,False,0.0,valid,True,3.23,300.17,2022-10
1290,2023-05-14,Leadership Development,External,Completed,4,140.72,2021-04-13,,Unk,Active,Production,True,140.72,0.0,False,0.0,valid,True,2.08,35.18,2023-05
1291,2022-09-12,Technical Skills,Internal,Passed,3,913.62,2023-06-17,2023-07-27,Voluntary,Active,Production,True,913.62,0.0,True,913.62,before_hire,False,-0.76,304.54,2022-09
1292,2023-02-22,Customer Service,Internal,Completed,5,950.3,2018-10-27,,Unk,Active,Production,True,950.3,0.0,False,0.0,valid,True,4.32,190.06,2023-02
1293,2023-03-12,Project Management,Internal,Passed,2,668.77,2021-06-01,2023-04-29,Voluntary,Active,Production,True,668.77,0.0,True,668.77,valid,True,1.78,334.38,2023-03
1294,2022-08-15,Technical Skills,Internal,Passed,3,906.05,2023-04-07,2023-05-07,Voluntary,Active,Production,True,906.05,0.0,True,906.05,before_hire,False,-0.64,302.02,2022-08
1295,2023-01-03,Communication Skills,Internal,Incomplete,5,689.77,2021-06-13,,Unk,Active,Production,False,0.0,689.77,False,0.0,valid,True,1.56,137.95,2023-01
1296,2023-03-05,Communication Skills,External,Passed,2,694.27,2019-03-13,2020-09-12,Involuntary,Voluntarily Terminated,Production,True,694.27,0.0,True,694.27,after_exit,False,3.98,347.14,2023-03
1297,2023-06-14,Project Management,External,Passed,3,352.75,2019-05-24,2021-10-09,Resignation,Voluntarily Terminated,Production,True,352.75,0.0,True,352.75,after_exit,False,4.06,117.58,2023-06
1298,2023-05-16,Project Management,Internal,Passed,3,411.17,2023-02-25,,Unk,Active,Production,True,411.17,0.0,False,0.0,valid,True,0.22,137.06,2023-05
1299,2023-01-21,Project Management,External,Completed,3,358.81,2020-03-24,,Unk,Active,Production,True,358.81,0.0,False,0.0,valid,True,2.83,119.6,2023-01
1300,2023-04-29,Technical Skills,Internal,Passed,4,588.64,2021-06-12,,Unk,Active,Production,True,588.64,0.0,False,0.0,valid,True,1.88,147.16,2023-04
1301,2022-09-22,Communication Skills,Internal,Incomplete,1,472.18,2019-03-22,2022-03-23,Retirement,Voluntarily Terminated,Production,False,0.0,472.18,True,472.18,after_exit,False,3.5,472.18,2022-09
1302,2022-08-20,Project Management,Internal,Passed,2,758.79,2021-03-08,2022-12-17,Voluntary,Voluntarily Terminated,Production,True,758.79,0.0,True,758.79,valid,True,1.45,379.4,2022-08
1303,2023-06-02,Leadership Development,Internal,Failed,3,921.81,2020-05-15,,Unk,Active,Production,False,0.0,921.81,False,0.0,valid,True,3.05,307.27,2023-06
1304,2023-01-16,Communication Skills,External,Completed,3,405.08,2023-01-24,,Unk,Active,Production,True,405.08,0.0,False,0.0,before_hire,False,-0.02,135.03,2023-01
1305,2023-07-08,Technical Skills,Internal,Failed,3,784.22,2021-01-06,2022-12-30,Resignation,Voluntarily Terminated,Production,False,0.0,784.22,True,784.22,after_exit,False,2.5,261.41,2023-07
1306,2023-07-13,Technical Skills,External,Failed,4,443.99,2021-04-16,,Unk,Active,Production,False,0.0,443.99,False,0.0,valid,True,2.24,111.0,2023-07
1307,2022-11-16,Technical Skills,Internal,Incomplete,3,609.9,2021-09-22,2021-10-25,Voluntary,Voluntarily Terminated,Production,False,0.0,609.9,True,609.9,after_exit,False,1.15,203.3,2022-11
1308,2022-10-10,Leadership Development,External,Failed,5,742.16,2022-06-28,2023-03-07,Retirement,Active,Production,False,0.0,742.16,True,742.16,valid,True,0.28,148.43,2022-10
1309,2022-09-09,Technical Skills,External,Failed,3,517.74,2020-08-17,,Unk,Active,Production,False,0.0,517.74,False,0.0,valid,True,2.06,172.58,2022-09
1310,2022-10-16,Project Management,Internal,Incomplete,4,350.59,2023-04-03,2023-07-21,Voluntary,Active,Production,False,0.0,350.59,True,350.59,before_hire,False,-0.46,87.65,2022-10
1311,2022-10-17,Leadership Development,Internal,Incomplete,1,546.94,2023-05-26,2023-06-12,Resignation,Active,Production,False,0.0,546.94,True,546.94,before_hire,False,-0.61,546.94,2022-10
1312,2023-04-29,Communication Skills,Internal,Completed,4,514.37,2021-04-10,,Unk,Active,Production,True,514.37,0.0,False,0.0,valid,True,2.05,128.59,2023-04
1313,2022-10-25,Leadership Development,Internal,Incomplete,5,786.98,2023-04-18,,Unk,Active,Production,False,0.0,786.98,False,0.0,before_hire,False,-0.48,157.4,2022-10
1314,2023-03-18,Project Management,Internal,Passed,4,852.21,2021-10-13,2023-06-21,Retirement,Active,Production,True,852.21,0.0,True,852.21,valid,True,1.43,213.05,2023-03
1315,2023-07-29,Communication Skills,External,Failed,4,761.63,2020-10-10,,Unk,Active,Admin Offices,False,0.0,761.63,False,0.0,valid,True,2.8,190.41,2023-07
1316,2023-04-20,Technical Skills,External,Passed,5,202.62,2019-01-20,2021-09-15,Involuntary,Active,Executive Office,True,202.62,0.0,True,202.62,after_exit,False,4.25,40.52,2023-04
1317,2022-08-20,Communication Skills,External,Passed,5,414.75,2021-05-09,2022-10-27,Involuntary,Active,Admin Offices,True,414.75,0.0,True,414.75,valid,True,1.28,82.95,2022-08
1318,2022-10-17,Communication Skills,External,Completed,4,344.55,2023-07-29,2023-08-04,Retirement,Active,Admin Offices,True,344.55,0.0,True,344.55,before_hire,False,-0.78,86.14,2022-10
1319,2023-05-19,Project Management,Internal,Failed,1,777.46,2019-08-24,2022-12-14,Involuntary,Active,Admin Offices,False,0.0,777.46,True,777.46,after_exit,False,3.73,777.46,2023-05
1320,2022-08-25,Leadership Development,External,Completed,3,948.71,2018-12-25,,Unk,Active,Admin Offices,True,948.71,0.0,False,0.0,valid,True,3.67,316.24,2022-08
1321,2023-01-19,Customer Service,Internal,Passed,5,308.77,2021-05-27,2021-08-24,Involuntary,Active,Admin Offices,True,308.77,0.0,True,308.77,after_exit,False,1.65,61.75,2023-01
1322,2023-02-24,Customer Service,External,Incomplete,1,891.25,2023-02-02,2023-06-23,Resignation,Active,Admin Offices,False,0.0,891.25,True,891.25,valid,True,0.06,891.25,2023-02
1323,2023-03-30,Customer Service,Internal,Passed,2,659.9,2022-12-06,,Unk,Active,Admin Offices,True,659.9,0.0,False,0.0,valid,True,0.31,329.95,2023-03
1324,2022-09-30,Project Management,Internal,Failed,2,858.72,2021-07-23,,Unk,Active,Admin Offices,False,0.0,858.72,False,0.0,valid,True,1.19,429.36,2022-09
1325,2023-03-28,Project Management,External,Failed,5,380.24,2019-11-16,,Unk,Active,Admin Offices,False,0.0,380.24,False,0.0,valid,True,3.36,76.05,2023-03
1326,2023-05-01,Leadership Development,External,Passed,5,505.4,2020-03-08,2021-11-07,Retirement,Active,Admin Offices,True,505.4,0.0,True,505.4,after_exit,False,3.15,101.08,2023-05
1327,2023-07-02,Leadership Development,Internal,Passed,3,609.01,2019-01-14,,Unk,Active,Admin Offices,True,609.01,0.0,False,0.0,valid,True,4.46,203.0,2023-07
1328,2023-03-24,Customer Service,Internal,Failed,3,656.38,2020-02-29,2021-09-23,Voluntary,Active,IT/IS,False,0.0,656.38,True,656.38,after_exit,False,3.06,218.79,2023-03
1329,2023-06-11,Project Management,External,Passed,5,692.63,2022-11-25,2023-04-12,Resignation,Active,Software Engineering,True,692.63,0.0,True,692.63,after_exit,False,0.54,138.53,2023-06
1330,2022-11-20,Project Management,Internal,Incomplete,3,633.72,2022-09-15,2023-05-05,Retirement,Active,Admin Offices,False,0.0,633.72,True,633.72,valid,True,0.18,211.24,2022-11
1331,2022-09-14,Communication Skills,Internal,Failed,2,517.62,2021-08-11,,Unk,Active,Admin Offices,False,0.0,517.62,False,0.0,valid,True,1.09,258.81,2022-09
1332,2022-08-13,Leadership Development,External,Incomplete,4,231.76,2023-08-03,,Unk,Active,Admin Offices,False,0.0,231.76,False,0.0,before_hire,False,-0.97,57.94,2022-08
1333,2023-03-01,Customer Service,Internal,Passed,2,605.12,2022-03-14,,Unk,Active,IT/IS,True,605.12,0.0,False,0.0,valid,True,0.96,302.56,2023-03
1334,2023-04-01,Project Management,Internal,Failed,1,297.12,2020-09-01,2020-11-29,Retirement,Active,IT/IS,False,0.0,297.12,True,297.12,after_exit,False,2.58,297.12,2023-04
1335,2023-02-20,Leadership Development,Internal,Incomplete,2,384.43,2021-10-31,,Unk,Active,Software Engineering,False,0.0,384.43,False,0.0,valid,True,1.31,192.22,2023-02
1336,2022-12-19,Leadership Development,Internal,Passed,4,969.95,2020-02-26,2023-03-30,Retirement,Active,Admin Offices,True,969.95,0.0,True,969.95,valid,True,2.81,242.49,2022-12
1337,2023-01-17,Project Management,External,Failed,5,719.7,2018-08-10,2021-12-07,Resignation,Active,Admin Offices,False,0.0,719.7,True,719.7,after_exit,False,4.44,143.94,2023-01
1338,2022-10-30,Leadership Development,External,Incomplete,1,355.83,2020-09-30,,Unk,Active,Admin Offices,False,0.0,355.83,False,0.0,valid,True,2.08,355.83,2022-10
1339,2022-11-24,Customer Service,Internal,Incomplete,3,754.47,2021-04-01,2022-08-14,Retirement,Active,IT/IS,False,0.0,754.47,True,754.47,after_exit,False,1.65,251.49,2022-11
1340,2023-02-06,Leadership Development,External,Incomplete,2,890.39,2021-03-21,2021-11-21,Retirement,Active,IT/IS,False,0.0,890.39,True,890.39,after_exit,False,1.88,445.2,2023-02
1341,2023-02-14,Project Management,Internal,Passed,3,268.78,2021-11-03,,Unk,Active,Software Engineering,True,268.78,0.0,False,0.0,valid,True,1.28,89.59,2023-02
1342,2023-01-28,Project Management,Internal,Failed,4,930.72,2019-06-22,2019-08-26,Retirement,Active,Admin Offices,False,0.0,930.72,True,930.72,after_exit,False,3.6,232.68,2023-01
1343,2022-09-02,Customer Service,External,Completed,5,924.85,2019-11-12,2023-05-19,Voluntary,Active,Admin Offices,True,924.85,0.0,True,924.85,valid,True,2.81,184.97,2022-09
1344,2022-11-01,Technical Skills,Internal,Incomplete,5,284.38,2022-09-20,,Unk,Active,Admin Offices,False,0.0,284.38,False,0.0,valid,True,0.11,56.88,2022-11
1345,2022-11-30,Communication Skills,External,Passed,1,395.1,2023-01-27,,Unk,Active,Admin Offices,True,395.1,0.0,False,0.0,before_hire,False,-0.16,395.1,2022-11
1346,2023-07-02,Technical Skills,External,Failed,2,501.64,2021-02-21,2022-08-22,Retirement,Active,IT/IS,False,0.0,501.64,True,501.64,after_exit,False,2.36,250.82,2023-07
1347,2022-10-22,Communication Skills,Internal,Failed,5,792.72,2022-03-04,2023-01-18,Retirement,Active,IT/IS,False,0.0,792.72,True,792.72,valid,True,0.64,158.54,2022-10
1348,2023-08-01,Technical Skills,Internal,Completed,4,594.15,2019-04-21,2020-12-02,Involuntary,Future Start,Software Engineering,True,594.15,0.0,True,594.15,after_exit,False,4.28,148.54,2023-08
1349,2022-11-26,Technical Skills,Internal,Incomplete,3,870.01,2021-08-02,2022-11-26,Retirement,Active,Admin Offices,False,0.0,870.01,True,870.01,valid,True,1.32,290.0,2022-11
1350,2023-01-29,Leadership Development,Internal,Incomplete,2,610.06,2022-03-04,,Unk,Active,Admin Offices,False,0.0,610.06,False,0.0,valid,True,0.91,305.03,2023-01
1351,2022-12-20,Project Management,Internal,Passed,2,278.16,2021-03-28,,Unk,Active,Admin Offices,True,278.16,0.0,False,0.0,valid,True,1.73,139.08,2022-12
1352,2022-11-01,Communication Skills,External,Completed,4,218.93,2018-08-08,2023-06-01,Voluntary,Active,Admin Offices,True,218.93,0.0,True,218.93,valid,True,4.23,54.73,2022-11
1353,2022-12-16,Communication Skills,Internal,Incomplete,5,179.21,2020-09-15,2022-01-06,Involuntary,Active,IT/IS,False,0.0,179.21,True,179.21,after_exit,False,2.25,35.84,2022-12
1354,2023-08-03,Communication Skills,External,Failed,2,983.37,2020-10-28,2022-02-27,Involuntary,Future Start,Software Engineering,False,0.0,983.37,True,983.37,after_exit,False,2.76,491.68,2023-08
1355,2023-03-13,Project Management,Internal,Completed,5,534.28,2021-06-16,2021-11-23,Resignation,Active,Admin Offices,True,534.28,0.0,True,534.28,after_exit,False,1.74,106.86,2023-03
1356,2023-04-06,Technical Skills,Internal,Incomplete,3,301.39,2023-03-20,2023-06-21,Voluntary,Active,Admin Offices,False,0.0,301.39,True,301.39,valid,True,0.05,100.46,2023-04
1357,2023-05-26,Project Management,External,Incomplete,3,231.65,2018-09-07,2021-07-16,Retirement,Active,Admin Offices,False,0.0,231.65,True,231.65,after_exit,False,4.71,77.22,2023-05
1358,2022-08-10,Communication Skills,Internal,Completed,2,994.81,2018-11-08,2022-10-28,Retirement,Active,Admin Offices,True,994.81,0.0,True,994.81,valid,True,3.75,497.4,2022-08
1359,2023-02-14,Customer Service,External,Incomplete,4,729.91,2019-01-26,,Unk,Active,Admin Offices,False,0.0,729.91,False,0.0,valid,True,4.05,182.48,2023-02
1360,2022-09-20,Leadership Development,Internal,Passed,2,538.02,2021-08-30,,Unk,Active,IT/IS,True,538.02,0.0,False,0.0,valid,True,1.06,269.01,2022-09
1361,2022-10-09,Project Management,Internal,Failed,4,903.88,2023-03-08,2023-03-30,Voluntary,Future Start,Admin Offices,False,0.0,903.88,True,903.88,before_hire,False,-0.41,225.97,2022-10
1362,2022-08-29,Customer Service,Internal,Passed,4,196.94,2019-11-10,2020-12-03,Retirement,Active,Admin Offices,True,196.94,0.0,True,196.94,after_exit,False,2.8,49.24,2022-08
1363,2022-12-15,Project Management,Internal,Completed,2,285.83,2023-07-28,,Unk,Active,Admin Offices,True,285.83,0.0,False,0.0,before_hire,False,-0.62,142.92,2022-12
1364,2022-12-28,Project Management,External,Incomplete,4,818.6,2019-04-03,2019-08-05,Voluntary,Active,Admin Offices,False,0.0,818.6,True,818.6,after_exit,False,3.74,204.65,2022-12
1365,2023-04-10,Leadership Development,External,Incomplete,1,610.97,2019-07-24,,Unk,Active,Admin Offices,False,0.0,610.97,False,0.0,valid,True,3.71,610.97,2023-04
1366,2022-11-18,Technical Skills,Internal,Completed,1,762.83,2022-04-29,2022-12-11,Voluntary,Active,IT/IS,True,762.83,0.0,True,762.83,valid,True,0.56,762.83,2022-11
1367,2022-09-20,Project Management,External,Incomplete,5,438.44,2020-10-06,,Unk,Active,IT/IS,False,0.0,438.44,False,0.0,valid,True,1.95,87.69,2022-09
1368,2022-10-19,Project Management,Internal,Incomplete,4,271.9,2020-04-04,,Unk,Active,Admin Offices,False,0.0,271.9,False,0.0,valid,True,2.54,67.97,2022-10
1369,2023-01-31,Communication Skills,External,Incomplete,2,629.2,2021-03-26,,Unk,Active,Sales,False,0.0,629.2,False,0.0,valid,True,1.85,314.6,2023-01
1370,2022-09-06,Leadership Development,Internal,Incomplete,1,850.28,2022-05-19,,Unk,Active,Admin Offices,False,0.0,850.28,False,0.0,valid,True,0.3,850.28,2022-09
1371,2022-10-01,Leadership Development,External,Passed,1,321.25,2021-08-28,2021-10-16,Involuntary,Active,Admin Offices,True,321.25,0.0,True,321.25,after_exit,False,1.09,321.25,2022-10
1372,2023-06-03,Customer Service,Internal,Passed,1,475.32,2022-11-24,,Unk,Active,Admin Offices,True,475.32,0.0,False,0.0,valid,True,0.52,475.32,2023-06
1373,2022-09-08,Leadership Development,External,Failed,4,847.2,2022-01-12,2022-11-11,Resignation,Active,Admin Offices,False,0.0,847.2,True,847.2,valid,True,0.65,211.8,2022-09
1374,2022-10-08,Customer Service,Internal,Completed,1,983.35,2019-07-07,,Unk,Active,IT/IS,True,983.35,0.0,False,0.0,valid,True,3.26,983.35,2022-10
1375,2023-06-25,Technical Skills,External,Passed,3,880.9,2021-07-14,,Unk,Active,Admin Offices,True,880.9,0.0,False,0.0,valid,True,1.95,293.63,2023-06
1376,2023-08-02,Customer Service,External,Completed,3,795.72,2019-12-03,2022-02-10,Retirement,Active,Sales,True,795.72,0.0,True,795.72,after_exit,False,3.66,265.24,2023-08
1377,2023-06-20,Communication Skills,Internal,Completed,2,909.56,2021-03-03,2021-07-10,Resignation,Active,Admin Offices,True,909.56,0.0,True,909.56,after_exit,False,2.3,454.78,2023-06
1378,2023-01-28,Communication Skills,External,Failed,5,145.7,2022-06-13,,Unk,Active,Admin Offices,False,0.0,145.7,False,0.0,valid,True,0.63,29.14,2023-01
1379,2023-03-06,Communication Skills,Internal,Passed,1,397.48,2023-01-23,,Unk,Active,Admin Offices,True,397.48,0.0,False,0.0,valid,True,0.11,397.48,2023-03
1380,2023-05-26,Communication Skills,External,Failed,3,326.7,2020-09-06,,Unk,Active,Admin Offices,False,0.0,326.7,False,0.0,valid,True,2.72,108.9,2023-05
1381,2022-09-20,Leadership Development,Internal,Failed,4,718.16,2022-10-17,,Unk,Active,IT/IS,False,0.0,718.16,False,0.0,before_hire,False,-0.07,179.54,2022-09
1382,2023-02-21,Communication Skills,Internal,Passed,5,162.46,2019-06-07,,Unk,Active,Admin Offices,True,162.46,0.0,False,0.0,valid,True,3.71,32.49,2023-02
1383,2023-01-15,Customer Service,Internal,Completed,3,924.64,2022-01-28,2022-09-16,Resignation,Active,Admin Offices,True,924.64,0.0,True,924.64,after_exit,False,0.96,308.21,2023-01
1384,2022-10-04,Leadership Development,Internal,Passed,4,628.48,2020-07-01,2021-03-05,Resignation,Active,Admin Offices,True,628.48,0.0,True,628.48,after_exit,False,2.26,157.12,2022-10
1385,2023-06-27,Communication Skills,Internal,Passed,1,678.07,2020-05-30,,Unk,Active,Admin Offices,True,678.07,0.0,False,0.0,valid,True,3.07,678.07,2023-06
1386,2023-06-29,Technical Skills,External,Passed,1,106.91,2019-10-05,2023-02-04,Involuntary,Active,Admin Offices,True,106.91,0.0,True,106.91,after_exit,False,3.73,106.91,2023-06
1387,2022-12-20,Communication Skills,External,Incomplete,1,195.95,2021-11-06,2023-04-20,Voluntary,Active,Admin Offices,False,0.0,195.95,True,195.95,valid,True,1.12,195.95,2022-12
1388,2023-04-18,Communication Skills,External,Completed,1,918.34,2019-05-09,2020-05-07,Resignation,Active,Admin Offices,True,918.34,0.0,True,918.34,after_exit,False,3.94,918.34,2023-04
1389,2023-01-16,Communication Skills,External,Incomplete,3,425.34,2019-10-28,,Unk,Active,Production,False,0.0,425.34,False,0.0,valid,True,3.22,141.78,2023-01
1390,2023-03-03,Communication Skills,External,Completed,3,512.53,2019-01-11,,Unk,Active,Production,True,512.53,0.0,False,0.0,valid,True,4.14,170.84,2023-03
1391,2023-02-05,Leadership Development,External,Completed,3,146.48,2020-04-02,,Unk,Active,Production,True,146.48,0.0,False,0.0,valid,True,2.84,48.83,2023-02
1392,2023-04-20,Leadership Development,External,Completed,3,578.62,2019-06-07,2019-08-15,Involuntary,Active,Production,True,578.62,0.0,True,578.62,after_exit,False,3.87,192.87,2023-04
1393,2023-04-02,Technical Skills,External,Failed,3,255.61,2021-11-22,2022-11-23,Voluntary,Active,Production,False,0.0,255.61,True,255.61,after_exit,False,1.36,85.2,2023-04
1394,2023-02-13,Leadership Development,Internal,Passed,5,370.26,2019-01-19,,Unk,Active,Production,True,370.26,0.0,False,0.0,valid,True,4.07,74.05,2023-02
1395,2022-12-28,Communication Skills,Internal,Failed,2,302.97,2021-12-17,2021-12-26,Resignation,Voluntarily Terminated,Production,False,0.0,302.97,True,302.97,after_exit,False,1.03,151.49,2022-12
1396,2022-09-13,Communication Skills,Internal,Completed,3,632.28,2019-05-04,2021-02-15,Resignation,Active,Production,True,632.28,0.0,True,632.28,after_exit,False,3.36,210.76,2022-09
1397,2023-03-01,Customer Service,Internal,Incomplete,2,669.41,2018-12-25,2019-03-11,Voluntary,Active,Production,False,0.0,669.41,True,669.41,after_exit,False,4.18,334.7,2023-03
1398,2023-01-04,Communication Skills,External,Passed,3,191.99,2021-01-03,2023-03-08,Involuntary,Active,Production,True,191.99,0.0,True,191.99,valid,True,2.0,64.0,2023-01
1399,2023-05-02,Customer Service,Internal,Incomplete,2,695.11,2023-06-15,,Unk,Active,Production,False,0.0,695.11,False,0.0,before_hire,False,-0.12,347.56,2023-05
1400,2022-08-06,Communication Skills,Internal,Failed,2,634.92,2018-08-29,2023-02-09,Resignation,Active,Production,False,0.0,634.92,True,634.92,valid,True,3.94,317.46,2022-08
1401,2023-07-03,Communication Skills,Internal,Incomplete,5,873.98,2019-01-04,,Unk,Active,Production,False,0.0,873.98,False,0.0,valid,True,4.49,174.8,2023-07
1402,2022-10-14,Communication Skills,External,Passed,3,602.33,2021-09-10,,Unk,Active,Production,True,602.33,0.0,False,0.0,valid,True,1.09,200.78,2022-10
1403,2023-06-08,Technical Skills,Internal,Failed,3,807.02,2021-07-08,,Unk,Active,Production,False,0.0,807.02,False,0.0,valid,True,1.92,269.01,2023-06
1404,2022-10-02,Project Management,Internal,Completed,4,411.94,2018-11-01,2021-04-29,Involuntary,Voluntarily Terminated,Production,True,411.94,0.0,True,411.94,after_exit,False,3.92,102.98,2022-10
1405,2022-09-15,Customer Service,External,Completed,4,537.73,2018-12-08,2022-06-11,Involuntary,Active,Production,True,537.73,0.0,True,537.73,after_exit,False,3.77,134.43,2022-09
1406,2023-05-03,Technical Skills,Internal,Incomplete,5,930.1,2022-10-25,,Unk,Active,Production,False,0.0,930.1,False,0.0,valid,True,0.52,186.02,2023-05
1407,2022-11-23,Communication Skills,External,Completed,3,249.66,2023-04-04,,Unk,Active,Production,True,249.66,0.0,False,0.0,before_hire,False,-0.36,83.22,2022-11
1408,2022-12-24,Communication Skills,Internal,Passed,5,691.82,2021-03-17,,Unk,Active,Production,True,691.82,0.0,False,0.0,valid,True,1.77,138.36,2022-12
1409,2022-08-23,Customer Service,Internal,Passed,4,938.59,2019-03-11,2021-09-06,Retirement,Voluntarily Terminated,Production,True,938.59,0.0,True,938.59,after_exit,False,3.45,234.65,2022-08
1410,2022-11-25,Project Management,External,Completed,1,746.8,2022-02-25,2023-04-28,Resignation,Active,Production,True,746.8,0.0,True,746.8,valid,True,0.75,746.8,2022-11
1411,2022-12-14,Technical Skills,External,Incomplete,1,690.75,2019-07-02,,Unk,Active,Production,False,0.0,690.75,False,0.0,valid,True,3.45,690.75,2022-12
1412,2022-08-24,Project Management,External,Incomplete,4,544.19,2019-06-20,,Unk,Active,Production,False,0.0,544.19,False,0.0,valid,True,3.18,136.05,2022-08
1413,2023-02-17,Technical Skills,Internal,Completed,5,918.34,2019-09-27,2023-02-08,Retirement,Active,Production,True,918.34,0.0,True,918.34,after_exit,False,3.39,183.67,2023-02
1414,2023-01-21,Customer Service,Internal,Failed,3,997.2,2022-11-15,2023-07-26,Involuntary,Active,Production,False,0.0,997.2,True,997.2,valid,True,0.18,332.4,2023-01
1415,2022-12-28,Customer Service,Internal,Incomplete,3,633.96,2020-08-22,,Unk,Active,Production,False,0.0,633.96,False,0.0,valid,True,2.35,211.32,2022-12
1416,2022-10-27,Customer Service,External,Passed,2,638.69,2020-04-09,,Unk,Active,Production,True,638.69,0.0,False,0.0,valid,True,2.55,319.35,2022-10
1417,2023-01-05,Project Management,Internal,Passed,1,643.82,2021-03-30,,Unk,Active,Production,True,643.82,0.0,False,0.0,valid,True,1.77,643.82,2023-01
1418,2023-06-24,Project Management,External,Failed,1,840.76,2018-09-26,,Unk,Active,Production,False,0.0,840.76,False,0.0,valid,True,4.74,840.76,2023-06
1419,2023-04-13,Leadership Development,Internal,Passed,1,108.04,2023-05-22,,Unk,Active,Production,True,108.04,0.0,False,0.0,before_hire,False,-0.11,108.04,2023-04
1420,2023-02-16,Communication Skills,Internal,Completed,5,889.57,2021-06-04,,Unk,Active,Production,True,889.57,0.0,False,0.0,valid,True,1.7,177.91,2023-02
1421,2022-12-08,Customer Service,Internal,Completed,5,835.97,2019-10-22,2023-07-25,Involuntary,Active,Production,True,835.97,0.0,True,835.97,valid,True,3.13,167.19,2022-12
1422,2023-04-13,Technical Skills,Internal,Failed,3,585.66,2019-10-04,2020-10-18,Involuntary,Future Start,Production,False,0.0,585.66,True,585.66,after_exit,False,3.52,195.22,2023-04
1423,2023-03-15,Communication Skills,Internal,Passed,3,255.55,2022-06-25,,Unk,Active,Production,True,255.55,0.0,False,0.0,valid,True,0.72,85.18,2023-03
1424,2023-03-05,Technical Skills,External,Incomplete,4,695.24,2021-11-17,2022-08-03,Voluntary,Leave of Absence,Production,False,0.0,695.24,True,695.24,after_exit,False,1.3,173.81,2023-03
1425,2023-03-13,Technical Skills,Internal,Failed,1,850.15,2019-08-04,,Unk,Active,Production,False,0.0,850.15,False,0.0,valid,True,3.61,850.15,2023-03
1426,2022-12-02,Project Management,External,Completed,3,938.04,2022-03-08,2022-11-12,Retirement,Voluntarily Terminated,Production,True,938.04,0.0,True,938.04,after_exit,False,0.74,312.68,2022-12
1427,2023-04-25,Project Management,External,Passed,1,684.24,2019-02-22,,Unk,Active,Production,True,684.24,0.0,False,0.0,valid,True,4.17,684.24,2023-04
1428,2022-08-30,Technical Skills,Internal,Failed,5,956.11,2022-12-08,,Unk,Active,Production,False,0.0,956.11,False,0.0,before_hire,False,-0.27,191.22,2022-08
1429,2022-11-26,Communication Skills,External,Failed,4,441.43,2019-11-22,2022-03-12,Resignation,Voluntarily Terminated,Production,False,0.0,441.43,True,441.43,after_exit,False,3.01,110.36,2022-11
1430,2022-08-26,Leadership Development,External,Passed,4,193.99,2023-02-13,2023-03-03,Involuntary,Voluntarily Terminated,Production,True,193.99,0.0,True,193.99,before_hire,False,-0.47,48.5,2022-08
1431,2022-10-15,Technical Skills,External,Failed,3,790.72,2019-03-15,,Unk,Active,Production,False,0.0,790.72,False,0.0,valid,True,3.59,263.57,2022-10
1432,2022-08-06,Communication Skills,Internal,Completed,4,894.75,2019-07-18,,Unk,Active,Production,True,894.75,0.0,False,0.0,valid,True,3.05,223.69,2022-08
1433,2022-09-18,Customer Service,Internal,Passed,4,863.73,2021-04-09,2021-11-28,Voluntary,Active,Production,True,863.73,0.0,True,863.73,after_exit,False,1.44,215.93,2022-09
1434,2023-04-27,Project Management,External,Incomplete,2,746.99,2018-12-30,2023-03-30,Voluntary,Active,Production,False,0.0,746.99,True,746.99,after_exit,False,4.32,373.5,2023-04
1435,2022-09-21,Leadership Development,Internal,Passed,4,360.38,2021-07-30,,Unk,Active,Production,True,360.38,0.0,False,0.0,valid,True,1.14,90.1,2022-09
1436,2022-08-26,Technical Skills,Internal,Incomplete,1,298.3,2022-10-28,,Unk,Active,Production,False,0.0,298.3,False,0.0,before_hire,False,-0.17,298.3,2022-08
1437,2022-12-28,Leadership Development,External,Passed,3,537.12,2020-10-29,,Unk,Active,Production,True,537.12,0.0,False,0.0,valid,True,2.16,179.04,2022-12
1438,2023-05-12,Customer Service,External,Passed,2,996.18,2023-03-17,2023-03-22,Voluntary,Active,Production,True,996.18,0.0,True,996.18,after_exit,False,0.15,498.09,2023-05
1439,2023-06-20,Communication Skills,Internal,Completed,4,764.43,2022-07-20,2023-04-26,Voluntary,Active,Production,True,764.43,0.0,True,764.43,after_exit,False,0.92,191.11,2023-06
1440,2022-11-13,Communication Skills,External,Failed,5,490.33,2023-08-04,,Unk,Active,Production,False,0.0,490.33,False,0.0,before_hire,False,-0.72,98.07,2022-11
1441,2022-10-23,Customer Service,Internal,Incomplete,4,758.41,2021-11-26,2022-09-23,Voluntary,Active,Production,False,0.0,758.41,True,758.41,after_exit,False,0.91,189.6,2022-10
1442,2023-02-21,Technical Skills,External,Incomplete,3,367.56,2018-09-27,,Unk,Active,Production,False,0.0,367.56,False,0.0,valid,True,4.4,122.52,2023-02
1443,2023-05-03,Leadership Development,Internal,Failed,5,582.49,2019-08-04,,Unk,Active,Production,False,0.0,582.49,False,0.0,valid,True,3.75,116.5,2023-05
1444,2023-01-30,Leadership Development,External,Incomplete,2,561.14,2019-10-03,,Unk,Active,Production,False,0.0,561.14,False,0.0,valid,True,3.33,280.57,2023-01
1445,2023-07-20,Communication Skills,Internal,Passed,5,458.8,2021-09-05,2022-09-29,Voluntary,Future Start,Production,True,458.8,0.0,True,458.8,after_exit,False,1.87,91.76,2023-07
1446,2023-02-06,Communication Skills,Internal,Passed,3,207.17,2020-07-21,2023-02-28,Involuntary,Future Start,Production,True,207.17,0.0,True,207.17,valid,True,2.55,69.06,2023-02
1447,2023-05-26,Technical Skills,External,Completed,4,784.89,2022-12-12,2023-06-26,Resignation,Leave of Absence,Production,True,784.89,0.0,True,784.89,valid,True,0.45,196.22,2023-05
1448,2022-08-06,Leadership Development,Internal,Failed,5,151.43,2020-09-13,,Unk,Active,Production,False,0.0,151.43,False,0.0,valid,True,1.89,30.29,2022-08
1449,2022-10-09,Customer Service,Internal,Passed,5,675.71,2022-11-15,,Unk,Active,Production,True,675.71,0.0,False,0.0,before_hire,False,-0.1,135.14,2022-10
1450,2023-06-23,Project Management,Internal,Incomplete,5,436.63,2020-02-07,2022-04-20,Retirement,Voluntarily Terminated,Production,False,0.0,436.63,True,436.63,after_exit,False,3.37,87.33,2023-06
1451,2022-10-25,Communication Skills,External,Completed,2,387.11,2022-12-31,,Unk,Active,Production,True,387.11,0.0,False,0.0,before_hire,False,-0.18,193.56,2022-10
1452,2022-09-04,Technical Skills,Internal,Passed,4,320.38,2019-03-26,,Unk,Active,Production,True,320.38,0.0,False,0.0,valid,True,3.44,80.1,2022-09
1453,2023-04-05,Technical Skills,Internal,Passed,2,294.55,2023-03-22,,Unk,Active,Production,True,294.55,0.0,False,0.0,valid,True,0.04,147.28,2023-04
1454,2022-12-14,Customer Service,External,Completed,1,832.86,2022-12-23,2022-12-25,Voluntary,Voluntarily Terminated,Production,True,832.86,0.0,True,832.86,before_hire,False,-0.02,832.86,2022-12
1455,2023-05-15,Leadership Development,Internal,Passed,5,223.34,2019-12-27,,Unk,Active,Production,True,223.34,0.0,False,0.0,valid,True,3.38,44.67,2023-05
1456,2022-09-30,Customer Service,External,Incomplete,3,456.95,2019-06-25,2019-07-09,Resignation,Active,Production,False,0.0,456.95,True,456.95,after_exit,False,3.27,152.32,2022-09
1457,2023-05-11,Project Management,External,Passed,5,988.47,2018-11-23,,Unk,Active,Production,True,988.47,0.0,False,0.0,valid,True,4.46,197.69,2023-05
1458,2023-05-22,Technical Skills,External,Incomplete,1,429.49,2021-01-17,,Unk,Active,Production,False,0.0,429.49,False,0.0,valid,True,2.34,429.49,2023-05
1459,2022-10-18,Project Management,Internal,Failed,3,798.97,2021-09-08,,Unk,Active,Production,False,0.0,798.97,False,0.0,valid,True,1.11,266.32,2022-10
1460,2023-03-06,Customer Service,Internal,Incomplete,2,864.22,2021-02-24,2022-06-18,Retirement,Active,Production,False,0.0,864.22,True,864.22,after_exit,False,2.03,432.11,2023-03
1461,2023-06-01,Communication Skills,Internal,Passed,1,302.52,2019-04-12,2020-09-28,Retirement,Active,Production,True,302.52,0.0,True,302.52,after_exit,False,4.14,302.52,2023-06
1462,2023-02-02,Leadership Development,External,Completed,4,152.66,2023-07-13,,Unk,Active,Production,True,152.66,0.0,False,0.0,before_hire,False,-0.44,38.16,2023-02
1463,2023-04-14,Customer Service,Internal,Completed,2,399.05,2020-10-05,,Unk,Active,Production,True,399.05,0.0,False,0.0,valid,True,2.52,199.52,2023-04
1464,2023-06-25,Customer Service,Internal,Completed,2,791.74,2019-01-27,,Unk,Active,Production,True,791.74,0.0,False,0.0,valid,True,4.41,395.87,2023-06
1465,2022-12-06,Leadership Development,External,Incomplete,4,770.23,2020-12-17,2021-11-20,Retirement,Active,Production,False,0.0,770.23,True,770.23,after_exit,False,1.97,192.56,2022-12
1466,2022-12-16,Project Management,External,Completed,3,746.05,2021-03-04,,Unk,Active,Production,True,746.05,0.0,False,0.0,valid,True,1.79,248.68,2022-12
1467,2023-01-13,Technical Skills,External,Completed,2,177.66,2023-03-30,,Unk,Active,Production,True,177.66,0.0,False,0.0,before_hire,False,-0.21,88.83,2023-01
1468,2023-04-10,Leadership Development,Internal,Passed,5,429.38,2018-12-27,,Unk,Active,Production,True,429.38,0.0,False,0.0,valid,True,4.28,85.88,2023-04
1469,2022-08-25,Leadership Development,External,Incomplete,3,867.59,2021-09-20,,Unk,Active,Production,False,0.0,867.59,False,0.0,valid,True,0.93,289.2,2022-08
1470,2023-04-17,Communication Skills,External,Failed,5,502.65,2023-02-08,,Unk,Active,Production,False,0.0,502.65,False,0.0,valid,True,0.19,100.53,2023-04
1471,2023-03-06,Technical Skills,Internal,Completed,3,488.68,2019-10-16,2022-01-12,Retirement,Voluntarily Terminated,Production,True,488.68,0.0,True,488.68,after_exit,False,3.39,162.89,2023-03
1472,2023-04-11,Project Management,Internal,Passed,3,416.76,2021-08-31,,Unk,Active,Production,True,416.76,0.0,False,0.0,valid,True,1.61,138.92,2023-04
1473,2023-02-11,Leadership Development,External,Passed,4,336.08,2020-09-25,,Unk,Active,Production,True,336.08,0.0,False,0.0,valid,True,2.38,84.02,2023-02
1474,2023-02-19,Project Management,External,Failed,1,798.37,2023-02-01,2023-02-03,Voluntary,Voluntarily Terminated,Production,False,0.0,798.37,True,798.37,after_exit,False,0.05,798.37,2023-02
1475,2022-11-04,Technical Skills,Internal,Passed,3,499.48,2023-01-17,2023-05-21,Resignation,Active,Production,True,499.48,0.0,True,499.48,before_hire,False,-0.2,166.49,2022-11
1476,2023-03-08,Technical Skills,External,Completed,2,615.32,2019-12-07,2020-09-02,Voluntary,Voluntarily Terminated,Production,True,615.32,0.0,True,615.32,after_exit,False,3.25,307.66,2023-03
1477,2023-03-12,Technical Skills,External,Failed,5,410.36,2018-11-21,2022-01-11,Retirement,Active,Production,False,0.0,410.36,True,410.36,after_exit,False,4.3,82.07,2023-03
1478,2023-08-03,Leadership Development,External,Failed,5,453.86,2021-02-15,2023-07-18,Voluntary,Active,Production,False,0.0,453.86,True,453.86,after_exit,False,2.46,90.77,2023-08
1479,2023-01-23,Project Management,Internal,Failed,1,975.27,2021-01-06,,Unk,Active,Production,False,0.0,975.27,False,0.0,valid,True,2.05,975.27,2023-01
1480,2023-04-18,Leadership Development,External,Failed,2,946.81,2019-01-18,,Unk,Active,Production,False,0.0,946.81,False,0.0,valid,True,4.25,473.4,2023-04
1481,2023-05-16,Communication Skills,Internal,Completed,5,142.57,2023-03-15,,Unk,Active,Production,True,142.57,0.0,False,0.0,valid,True,0.17,28.51,2023-05
1482,2022-10-13,Customer Service,Internal,Completed,5,186.57,2019-11-11,,Unk,Active,Production,True,186.57,0.0,False,0.0,valid,True,2.92,37.31,2022-10
1483,2022-08-22,Communication Skills,External,Incomplete,4,168.71,2022-08-21,2023-01-20,Retirement,Active,Production,False,0.0,168.71,True,168.71,valid,True,0.0,42.18,2022-08
1484,2023-07-29,Communication Skills,External,Incomplete,1,473.77,2020-05-05,,Unk,Active,Production,False,0.0,473.77,False,0.0,valid,True,3.23,473.77,2023-07
1485,2023-07-02,Leadership Development,External,Completed,5,654.35,2021-03-05,2023-04-02,Involuntary,Active,Production,True,654.35,0.0,True,654.35,after_exit,False,2.32,130.87,2023-07
1486,2023-05-30,Customer Service,Internal,Incomplete,2,176.63,2019-03-07,,Unk,Active,Production,False,0.0,176.63,False,0.0,valid,True,4.23,88.32,2023-05
1487,2022-08-08,Customer Service,External,Failed,3,385.82,2022-05-08,2023-03-27,Involuntary,Active,Production,False,0.0,385.82,True,385.82,valid,True,0.25,128.61,2022-08
1488,2023-07-23,Technical Skills,Internal,Incomplete,5,428.44,2020-08-21,2022-05-30,Retirement,Future Start,Production,False,0.0,428.44,True,428.44,after_exit,False,2.92,85.69,2023-07
1489,2022-10-01,Leadership Development,External,Completed,5,112.64,2020-12-01,,Unk,Active,Production,True,112.64,0.0,False,0.0,valid,True,1.83,22.53,2022-10
1490,2023-07-23,Communication Skills,External,Incomplete,4,849.95,2019-08-13,,Unk,Active,Production,False,0.0,849.95,False,0.0,valid,True,3.94,212.49,2023-07
1491,2022-08-10,Technical Skills,External,Failed,5,187.65,2020-03-09,,Unk,Active,Production,False,0.0,187.65,False,0.0,valid,True,2.42,37.53,2022-08
1492,2022-12-25,Customer Service,Internal,Failed,1,285.56,2020-05-06,,Unk,Active,Production,False,0.0,285.56,False,0.0,valid,True,2.64,285.56,2022-12
1493,2022-10-09,Communication Skills,Internal,Incomplete,3,793.43,2022-08-03,,Unk,Active,Production,False,0.0,793.43,False,0.0,valid,True,0.18,264.48,2022-10
1494,2023-02-01,Customer Service,External,Passed,5,978.89,2018-10-13,2019-12-04,Retirement,Voluntarily Terminated,Production,True,978.89,0.0,True,978.89,after_exit,False,4.3,195.78,2023-02
1495,2023-02-25,Customer Service,Internal,Completed,4,993.66,2021-07-04,,Unk,Active,Production,True,993.66,0.0,False,0.0,valid,True,1.65,248.42,2023-02
1496,2022-09-07,Customer Service,External,Completed,3,768.55,2019-04-30,2020-05-04,Retirement,Active,Production,True,768.55,0.0,True,768.55,after_exit,False,3.36,256.18,2022-09
1497,2022-08-23,Technical Skills,External,Completed,3,140.78,2020-11-03,,Unk,Active,Production,True,140.78,0.0,False,0.0,valid,True,1.8,46.93,2022-08
1498,2023-08-05,Project Management,Internal,Passed,3,598.07,2022-08-15,2022-08-20,Retirement,Active,Production,True,598.07,0.0,True,598.07,after_exit,False,0.97,199.36,2023-08
1499,2023-01-18,Customer Service,External,Incomplete,5,543.52,2022-02-26,2022-10-16,Resignation,Active,Production,False,0.0,543.52,True,543.52,after_exit,False,0.89,108.7,2023-01
1500,2023-01-12,Technical Skills,Internal,Passed,2,916.73,2019-05-13,,Unk,Active,Production,True,916.73,0.0,False,0.0,valid,True,3.67,458.36,2023-01
1501,2023-07-29,Customer Service,Internal,Completed,2,491.99,2021-10-24,2022-10-03,Retirement,Active,Production,True,491.99,0.0,True,491.99,after_exit,False,1.76,246.0,2023-07
1502,2023-03-08,Technical Skills,Internal,Failed,4,245.0,2021-05-10,2023-04-10,Retirement,Active,Production,False,0.0,245.0,True,245.0,valid,True,1.83,61.25,2023-03
1503,2022-12-09,Communication Skills,External,Failed,3,574.9,2021-06-13,2021-06-20,Retirement,Active,Production,False,0.0,574.9,True,574.9,after_exit,False,1.49,191.63,2022-12
1504,2023-06-20,Technical Skills,Internal,Failed,4,684.08,2019-11-04,2021-07-28,Resignation,Active,Production,False,0.0,684.08,True,684.08,after_exit,False,3.62,171.02,2023-06
1505,2023-05-08,Leadership Development,Internal,Passed,2,204.1,2020-01-29,,Unk,Active,Production,True,204.1,0.0,False,0.0,valid,True,3.27,102.05,2023-05
1506,2022-11-01,Leadership Development,External,Failed,1,789.33,2018-09-05,2020-09-08,Retirement,Active,Production,False,0.0,789.33,True,789.33,after_exit,False,4.16,789.33,2022-11
1507,2022-09-21,Technical Skills,Internal,Completed,3,812.13,2021-07-21,,Unk,Active,Production,True,812.13,0.0,False,0.0,valid,True,1.17,270.71,2022-09
1508,2023-05-12,Customer Service,Internal,Passed,2,675.02,2023-05-20,,Unk,Active,Production,True,675.02,0.0,False,0.0,before_hire,False,-0.02,337.51,2023-05
1509,2023-06-29,Project Management,Internal,Incomplete,4,343.07,2022-05-16,,Unk,Active,Production,False,0.0,343.07,False,0.0,valid,True,1.12,85.77,2023-06
1510,2022-10-13,Technical Skills,External,Incomplete,5,986.78,2021-03-15,,Unk,Active,Production,False,0.0,986.78,False,0.0,valid,True,1.58,197.36,2022-10
1511,2022-08-25,Leadership Development,Internal,Failed,5,511.15,2023-06-26,2023-07-30,Retirement,Future Start,Production,False,0.0,511.15,True,511.15,before_hire,False,-0.84,102.23,2022-08
1512,2023-05-28,Project Management,External,Failed,5,305.09,2019-10-11,2021-04-24,Involuntary,Leave of Absence,Production,False,0.0,305.09,True,305.09,after_exit,False,3.63,61.02,2023-05
1513,2022-11-10,Technical Skills,External,Failed,4,746.57,2019-12-21,,Unk,Active,Production,False,0.0,746.57,False,0.0,valid,True,2.89,186.64,2022-11
1514,2022-12-01,Leadership Development,Internal,Failed,5,434.39,2022-07-15,,Unk,Active,Production,False,0.0,434.39,False,0.0,valid,True,0.38,86.88,2022-12
1515,2023-04-03,Communication Skills,External,Completed,3,765.84,2018-09-26,,Unk,Active,Production,True,765.84,0.0,False,0.0,valid,True,4.52,255.28,2023-04
1516,2022-11-18,Communication Skills,Internal,Failed,3,457.4,2022-10-16,,Unk,Active,Production,False,0.0,457.4,False,0.0,valid,True,0.09,152.47,2022-11
1517,2023-01-12,Customer Service,External,Passed,3,615.84,2021-12-02,2022-04-25,Involuntary,Active,Production,True,615.84,0.0,True,615.84,after_exit,False,1.11,205.28,2023-01
1518,2022-12-08,Customer Service,Internal,Completed,2,803.79,2019-03-07,2023-03-06,Retirement,Voluntarily Terminated,Production,True,803.79,0.0,True,803.79,valid,True,3.76,401.9,2022-12
1519,2022-09-23,Leadership Development,External,Completed,2,586.89,2023-05-02,2023-07-26,Voluntary,Active,Production,True,586.89,0.0,True,586.89,before_hire,False,-0.61,293.44,2022-09
1520,2022-10-11,Communication Skills,External,Failed,5,104.48,2020-08-24,2023-02-26,Involuntary,Active,Production,False,0.0,104.48,True,104.48,valid,True,2.13,20.9,2022-10
1521,2023-06-02,Project Management,Internal,Passed,1,877.41,2020-12-08,2021-09-07,Voluntary,Active,Production,True,877.41,0.0,True,877.41,after_exit,False,2.48,877.41,2023-06
1522,2023-05-17,Technical Skills,External,Incomplete,3,791.99,2021-02-15,,Unk,Active,Production,False,0.0,791.99,False,0.0,valid,True,2.25,264.0,2023-05
1523,2022-12-11,Technical Skills,External,Incomplete,2,660.4,2020-09-15,2023-06-24,Involuntary,Active,Production,False,0.0,660.4,True,660.4,valid,True,2.24,330.2,2022-12
1524,2023-05-01,Communication Skills,Internal,Completed,2,928.81,2023-03-16,,Unk,Active,Production,True,928.81,0.0,False,0.0,valid,True,0.13,464.4,2023-05
1525,2022-12-10,Technical Skills,Internal,Incomplete,4,347.29,2021-11-14,2022-10-07,Involuntary,Active,Production,False,0.0,347.29,True,347.29,after_exit,False,1.07,86.82,2022-12
1526,2023-05-26,Leadership Development,Internal,Completed,3,190.51,2021-04-23,,Unk,Active,Production,True,190.51,0.0,False,0.0,valid,True,2.09,63.5,2023-05
1527,2023-06-03,Customer Service,External,Incomplete,3,206.53,2022-06-05,2022-08-26,Voluntary,Active,Production,False,0.0,206.53,True,206.53,after_exit,False,0.99,68.84,2023-06
1528,2022-12-10,Communication Skills,Internal,Incomplete,1,639.93,2022-11-19,,Unk,Active,Production,False,0.0,639.93,False,0.0,valid,True,0.06,639.93,2022-12
1529,2023-04-14,Communication Skills,External,Incomplete,5,304.06,2023-04-14,,Unk,Active,Production,False,0.0,304.06,False,0.0,valid,True,0.0,60.81,2023-04
1530,2023-06-06,Project Management,External,Passed,4,261.13,2022-12-13,,Unk,Active,Production,True,261.13,0.0,False,0.0,valid,True,0.48,65.28,2023-06
1531,2023-07-18,Leadership Development,Internal,Passed,4,404.06,2023-03-11,2023-04-09,Voluntary,Future Start,Production,True,404.06,0.0,True,404.06,after_exit,False,0.35,101.02,2023-07
1532,2022-08-11,Technical Skills,External,Completed,5,746.17,2019-11-22,2020-02-18,Retirement,Leave of Absence,Production,True,746.17,0.0,True,746.17,after_exit,False,2.72,149.23,2022-08
1533,2022-12-24,Leadership Development,External,Passed,2,278.33,2021-03-13,2021-11-19,Resignation,Leave of Absence,Production,True,278.33,0.0,True,278.33,after_exit,False,1.78,139.16,2022-12
1534,2022-10-27,Project Management,External,Failed,1,857.19,2022-02-27,,Unk,Active,Production,False,0.0,857.19,False,0.0,valid,True,0.66,857.19,2022-10
1535,2022-10-09,Customer Service,Internal,Failed,3,442.86,2021-05-08,,Unk,Active,Production,False,0.0,442.86,False,0.0,valid,True,1.42,147.62,2022-10
1536,2023-01-27,Communication Skills,Internal,Passed,4,382.0,2022-12-27,,Unk,Active,Production,True,382.0,0.0,False,0.0,valid,True,0.08,95.5,2023-01
1537,2023-07-29,Communication Skills,External,Incomplete,2,430.09,2020-08-16,,Unk,Active,Production,False,0.0,430.09,False,0.0,valid,True,2.95,215.04,2023-07
1538,2022-10-21,Leadership Development,External,Failed,3,854.47,2023-01-20,,Unk,Active,Production,False,0.0,854.47,False,0.0,before_hire,False,-0.25,284.82,2022-10
1539,2022-12-20,Communication Skills,Internal,Passed,5,899.57,2020-12-28,2021-10-01,Voluntary,Voluntarily Terminated,Production,True,899.57,0.0,True,899.57,after_exit,False,1.98,179.91,2022-12
1540,2022-10-27,Communication Skills,Internal,Incomplete,1,686.34,2021-02-18,,Unk,Active,Production,False,0.0,686.34,False,0.0,valid,True,1.69,686.34,2022-10
1541,2023-02-17,Communication Skills,Internal,Passed,4,770.12,2021-01-16,,Unk,Active,Production,True,770.12,0.0,False,0.0,valid,True,2.09,192.53,2023-02
1542,2022-10-07,Leadership Development,External,Incomplete,4,180.73,2022-04-07,,Unk,Active,Production,False,0.0,180.73,False,0.0,valid,True,0.5,45.18,2022-10
1543,2023-05-01,Technical Skills,Internal,Incomplete,2,734.87,2019-07-11,2021-05-04,Involuntary,Active,Production,False,0.0,734.87,True,734.87,after_exit,False,3.81,367.44,2023-05
1544,2022-10-23,Communication Skills,Internal,Passed,3,811.24,2020-08-09,2022-11-06,Retirement,Active,Production,True,811.24,0.0,True,811.24,valid,True,2.2,270.41,2022-10
1545,2023-02-05,Leadership Development,Internal,Passed,3,566.0,2018-09-20,,Unk,Active,Production,True,566.0,0.0,False,0.0,valid,True,4.38,188.67,2023-02
1546,2023-02-26,Project Management,External,Incomplete,5,638.92,2020-01-21,2021-05-19,Voluntary,Active,Production,False,0.0,638.92,True,638.92,after_exit,False,3.1,127.78,2023-02
1547,2023-04-04,Leadership Development,Internal,Incomplete,3,340.07,2022-02-17,2023-02-14,Retirement,Active,Production,False,0.0,340.07,True,340.07,after_exit,False,1.13,113.36,2023-04
1548,2023-04-12,Communication Skills,Internal,Passed,4,206.75,2019-06-11,,Unk,Active,Production,True,206.75,0.0,False,0.0,valid,True,3.84,51.69,2023-04
1549,2023-06-04,Project Management,External,Completed,1,759.56,2022-05-05,,Unk,Active,Production,True,759.56,0.0,False,0.0,valid,True,1.08,759.56,2023-06
1550,2022-11-09,Customer Service,External,Failed,3,354.19,2018-09-19,2020-08-12,Retirement,Active,Production,False,0.0,354.19,True,354.19,after_exit,False,4.14,118.06,2022-11
1551,2022-08-22,Project Management,External,Incomplete,4,791.44,2021-06-01,2023-06-19,Resignation,Future Start,Production,False,0.0,791.44,True,791.44,valid,True,1.22,197.86,2022-08
1552,2022-09-28,Leadership Development,External,Passed,4,616.86,2023-07-05,2023-07-11,Voluntary,Future Start,Production,True,616.86,0.0,True,616.86,before_hire,False,-0.77,154.22,2022-09
1553,2023-03-19,Leadership Development,External,Completed,3,528.55,2022-12-17,,Unk,Active,Production,True,528.55,0.0,False,0.0,valid,True,0.25,176.18,2023-03
1554,2022-09-17,Project Management,Internal,Completed,2,892.06,2021-07-06,2022-09-15,Voluntary,Leave of Absence,Production,True,892.06,0.0,True,892.06,after_exit,False,1.2,446.03,2022-09
1555,2023-02-26,Technical Skills,External,Passed,5,757.78,2019-03-27,,Unk,Active,Production,True,757.78,0.0,False,0.0,valid,True,3.92,151.56,2023-02
1556,2023-06-10,Communication Skills,External,Completed,1,337.94,2023-05-08,,Unk,Active,Production,True,337.94,0.0,False,0.0,valid,True,0.09,337.94,2023-06
1557,2023-06-06,Customer Service,External,Incomplete,5,256.57,2018-12-12,2020-12-24,Voluntary,Voluntarily Terminated,Production,False,0.0,256.57,True,256.57,after_exit,False,4.48,51.31,2023-06
1558,2022-09-25,Leadership Development,External,Passed,2,839.12,2020-08-25,,Unk,Active,Production,True,839.12,0.0,False,0.0,valid,True,2.08,419.56,2022-09
1559,2023-04-08,Project Management,External,Passed,1,281.94,2022-04-22,2022-08-29,Involuntary,Voluntarily Terminated,Production,True,281.94,0.0,True,281.94,after_exit,False,0.96,281.94,2023-04
1560,2023-07-05,Technical Skills,External,Completed,2,821.41,2021-12-20,2022-12-02,Retirement,Voluntarily Terminated,Production,True,821.41,0.0,True,821.41,after_exit,False,1.54,410.7,2023-07
1561,2022-10-19,Leadership Development,Internal,Incomplete,3,924.06,2021-02-12,,Unk,Active,Production,False,0.0,924.06,False,0.0,valid,True,1.68,308.02,2022-10
1562,2022-12-24,Leadership Development,Internal,Passed,2,578.66,2020-09-29,2021-10-19,Involuntary,Active,Production,True,578.66,0.0,True,578.66,after_exit,False,2.23,289.33,2022-12
1563,2022-12-09,Leadership Development,External,Incomplete,3,721.86,2022-09-10,2023-02-09,Resignation,Active,Production,False,0.0,721.86,True,721.86,valid,True,0.25,240.62,2022-12
1564,2023-04-20,Communication Skills,External,Completed,4,430.3,2023-03-11,2023-06-03,Resignation,Active,Production,True,430.3,0.0,True,430.3,valid,True,0.11,107.58,2023-04
1565,2022-12-03,Customer Service,Internal,Completed,3,337.52,2022-04-28,2023-03-12,Voluntary,Active,Production,True,337.52,0.0,True,337.52,valid,True,0.6,112.51,2022-12
1566,2023-05-05,Communication Skills,Internal,Failed,1,692.71,2022-03-20,2023-06-18,Retirement,Active,Production,False,0.0,692.71,True,692.71,valid,True,1.13,692.71,2023-05
1567,2023-05-13,Project Management,External,Failed,1,177.99,2022-03-04,2022-07-29,Involuntary,Active,Production,False,0.0,177.99,True,177.99,after_exit,False,1.19,177.99,2023-05
1568,2023-04-07,Communication Skills,External,Incomplete,5,586.71,2023-02-01,,Unk,Active,Production,False,0.0,586.71,False,0.0,valid,True,0.18,117.34,2023-04
1569,2023-03-20,Customer Service,Internal,Completed,2,771.98,2021-02-05,,Unk,Active,Production,True,771.98,0.0,False,0.0,valid,True,2.12,385.99,2023-03
1570,2023-03-28,Project Management,Internal,Passed,4,121.88,2022-11-23,2023-05-26,Retirement,Active,Production,True,121.88,0.0,True,121.88,valid,True,0.34,30.47,2023-03
1571,2023-03-15,Project Management,External,Completed,2,379.68,2021-05-24,,Unk,Active,Production,True,379.68,0.0,False,0.0,valid,True,1.81,189.84,2023-03
1572,2022-10-08,Customer Service,Internal,Completed,2,738.65,2021-09-28,2022-10-09,Resignation,Active,Production,True,738.65,0.0,True,738.65,valid,True,1.03,369.32,2022-10
1573,2022-12-15,Technical Skills,External,Incomplete,2,159.42,2021-03-17,,Unk,Active,Production,False,0.0,159.42,False,0.0,valid,True,1.75,79.71,2022-12
1574,2023-06-23,Communication Skills,Internal,Passed,1,689.76,2023-07-03,2023-07-19,Voluntary,Future Start,Production,True,689.76,0.0,True,689.76,before_hire,False,-0.03,689.76,2023-06
1575,2023-04-14,Leadership Development,Internal,Incomplete,5,981.36,2019-08-11,2021-07-10,Involuntary,Leave of Absence,Production,False,0.0,981.36,True,981.36,after_exit,False,3.67,196.27,2023-04
1576,2023-07-06,Communication Skills,Internal,Completed,4,104.34,2019-11-11,2020-09-29,Resignation,Voluntarily Terminated,Production,True,104.34,0.0,True,104.34,after_exit,False,3.65,26.08,2023-07
1577,2022-10-26,Customer Service,External,Failed,5,413.08,2020-12-15,,Unk,Active,Production,False,0.0,413.08,False,0.0,valid,True,1.86,82.62,2022-10
1578,2022-12-29,Technical Skills,External,Incomplete,1,856.71,2021-05-06,2023-04-08,Retirement,Voluntarily Terminated,Production,False,0.0,856.71,True,856.71,valid,True,1.65,856.71,2022-12
1579,2022-10-20,Communication Skills,Internal,Passed,5,322.3,2021-07-08,,Unk,Active,Production,True,322.3,0.0,False,0.0,valid,True,1.28,64.46,2022-10
1580,2023-03-29,Project Management,Internal,Passed,3,527.93,2023-04-04,,Unk,Active,Production,True,527.93,0.0,False,0.0,before_hire,False,-0.02,175.98,2023-03
1581,2023-01-10,Project Management,External,Failed,2,480.2,2022-08-05,2023-01-30,Voluntary,Voluntarily Terminated,Production,False,0.0,480.2,True,480.2,valid,True,0.43,240.1,2023-01
1582,2022-11-01,Leadership Development,Internal,Completed,5,323.79,2020-04-06,2021-12-08,Resignation,Voluntarily Terminated,Production,True,323.79,0.0,True,323.79,after_exit,False,2.57,64.76,2022-11
1583,2023-06-18,Leadership Development,External,Failed,3,184.66,2023-03-02,2023-03-12,Involuntary,Voluntarily Terminated,Production,False,0.0,184.66,True,184.66,after_exit,False,0.3,61.55,2023-06
1584,2023-05-10,Leadership Development,External,Passed,4,265.22,2020-04-09,,Unk,Active,Production,True,265.22,0.0,False,0.0,valid,True,3.08,66.31,2023-05
1585,2023-02-06,Technical Skills,External,Incomplete,5,843.28,2022-09-17,2023-07-10,Retirement,Active,Production,False,0.0,843.28,True,843.28,valid,True,0.39,168.66,2023-02
1586,2022-12-06,Communication Skills,Internal,Passed,3,643.9,2022-01-15,,Unk,Active,Production,True,643.9,0.0,False,0.0,valid,True,0.89,214.63,2022-12
1587,2023-03-10,Customer Service,Internal,Completed,4,876.73,2022-05-23,,Unk,Active,Production,True,876.73,0.0,False,0.0,valid,True,0.8,219.18,2023-03
1588,2022-11-08,Leadership Development,Internal,Failed,1,293.85,2021-07-15,,Unk,Active,Production,False,0.0,293.85,False,0.0,valid,True,1.32,293.85,2022-11
1589,2022-10-22,Project Management,Internal,Incomplete,4,328.06,2020-08-28,2022-08-25,Involuntary,Active,Production,False,0.0,328.06,True,328.06,after_exit,False,2.15,82.02,2022-10
1590,2023-03-16,Leadership Development,Internal,Failed,2,187.35,2021-09-09,,Unk,Active,Production,False,0.0,187.35,False,0.0,valid,True,1.51,93.68,2023-03
1591,2023-06-09,Leadership Development,Internal,Passed,5,340.01,2023-02-10,2023-05-23,Voluntary,Active,Production,True,340.01,0.0,True,340.01,after_exit,False,0.33,68.0,2023-06
1592,2023-06-20,Communication Skills,Internal,Incomplete,1,590.82,2020-06-14,2023-07-18,Retirement,Active,Production,False,0.0,590.82,True,590.82,valid,True,3.01,590.82,2023-06
1593,2023-05-08,Leadership Development,External,Failed,1,321.08,2020-12-05,,Unk,Active,Production,False,0.0,321.08,False,0.0,valid,True,2.42,321.08,2023-05
1594,2023-04-04,Communication Skills,External,Failed,1,684.45,2022-07-16,,Unk,Active,Production,False,0.0,684.45,False,0.0,valid,True,0.72,684.45,2023-04
1595,2023-05-07,Leadership Development,External,Passed,4,571.48,2023-06-09,,Unk,Active,Production,True,571.48,0.0,False,0.0,before_hire,False,-0.09,142.87,2023-05
1596,2023-02-03,Project Management,Internal,Incomplete,4,683.34,2020-03-02,2020-05-25,Voluntary,Future Start,Production,False,0.0,683.34,True,683.34,after_exit,False,2.92,170.84,2023-02
1597,2023-07-07,Customer Service,Internal,Incomplete,2,865.57,2018-11-23,2021-09-27,Voluntary,Future Start,Production,False,0.0,865.57,True,865.57,after_exit,False,4.62,432.78,2023-07
1598,2023-06-17,Technical Skills,Internal,Incomplete,2,130.29,2019-05-27,2023-06-19,Resignation,Leave of Absence,Production,False,0.0,130.29,True,130.29,valid,True,4.06,65.14,2023-06
1599,2023-05-17,Leadership Development,External,Passed,2,848.72,2022-05-18,2023-04-10,Resignation,Voluntarily Terminated,Production,True,848.72,0.0,True,848.72,after_exit,False,1.0,424.36,2023-05
1600,2022-08-15,Project Management,Internal,Passed,5,851.93,2018-11-06,,Unk,Active,Production,True,851.93,0.0,False,0.0,valid,True,3.77,170.39,2022-08
1601,2023-05-20,Technical Skills,Internal,Incomplete,4,381.09,2022-03-29,2023-07-24,Resignation,Active,Production,False,0.0,381.09,True,381.09,valid,True,1.14,95.27,2023-05
1602,2023-04-23,Project Management,External,Incomplete,4,175.5,2021-11-04,2022-05-10,Voluntary,Active,Production,False,0.0,175.5,True,175.5,after_exit,False,1.46,43.88,2023-04
1603,2023-03-11,Communication Skills,External,Completed,2,784.15,2023-04-27,,Unk,Active,Production,True,784.15,0.0,False,0.0,before_hire,False,-0.13,392.08,2023-03
1604,2023-02-08,Communication Skills,External,Passed,3,999.97,2020-03-08,,Unk,Active,Production,True,999.97,0.0,False,0.0,valid,True,2.92,333.32,2023-02
1605,2023-04-08,Customer Service,Internal,Passed,5,878.65,2019-04-27,2020-10-08,Resignation,Voluntarily Terminated,Production,True,878.65,0.0,True,878.65,after_exit,False,3.95,175.73,2023-04
1606,2022-09-26,Project Management,Internal,Completed,5,937.89,2019-05-11,,Unk,Active,Production,True,937.89,0.0,False,0.0,valid,True,3.38,187.58,2022-09
1607,2022-11-30,Customer Service,External,Completed,3,961.1,2021-03-09,,Unk,Active,Production,True,961.1,0.0,False,0.0,valid,True,1.73,320.37,2022-11
1608,2022-11-06,Customer Service,Internal,Incomplete,1,820.96,2020-11-05,,Unk,Active,Production,False,0.0,820.96,False,0.0,valid,True,2.0,820.96,2022-11
1609,2023-04-22,Project Management,Internal,Failed,3,455.52,2018-09-12,2023-02-25,Retirement,Active,Production,False,0.0,455.52,True,455.52,after_exit,False,4.61,151.84,2023-04
1610,2023-03-29,Communication Skills,External,Completed,4,815.24,2019-11-09,2019-11-18,Involuntary,Active,Production,True,815.24,0.0,True,815.24,after_exit,False,3.38,203.81,2023-03
1611,2022-10-01,Leadership Development,External,Failed,5,534.82,2018-11-29,2022-07-09,Voluntary,Active,Production,False,0.0,534.82,True,534.82,after_exit,False,3.84,106.96,2022-10
1612,2023-01-25,Technical Skills,External,Incomplete,4,522.79,2022-07-03,2023-02-22,Retirement,Active,Production,False,0.0,522.79,True,522.79,valid,True,0.56,130.7,2023-01
1613,2023-01-28,Leadership Development,Internal,Completed,1,868.8,2019-09-26,2020-08-01,Voluntary,Active,Production,True,868.8,0.0,True,868.8,after_exit,False,3.34,868.8,2023-01
1614,2023-07-22,Communication Skills,External,Passed,1,808.85,2022-12-23,,Unk,Active,Production,True,808.85,0.0,False,0.0,valid,True,0.58,808.85,2023-07
1615,2022-08-31,Technical Skills,Internal,Passed,1,874.1,2023-01-19,,Unk,Active,Production,True,874.1,0.0,False,0.0,before_hire,False,-0.39,874.1,2022-08
1616,2023-07-18,Leadership Development,External,Completed,2,206.73,2018-10-01,,Unk,Active,Production,True,206.73,0.0,False,0.0,valid,True,4.79,103.36,2023-07
1617,2023-02-06,Leadership Development,Internal,Completed,3,586.5,2022-02-18,,Unk,Active,Production,True,586.5,0.0,False,0.0,valid,True,0.97,195.5,2023-02
1618,2023-04-24,Leadership Development,Internal,Passed,2,779.69,2021-12-09,,Unk,Active,Production,True,779.69,0.0,False,0.0,valid,True,1.37,389.84,2023-04
1619,2022-11-07,Technical Skills,Internal,Incomplete,4,506.99,2019-01-01,2021-09-23,Retirement,Leave of Absence,Production,False,0.0,506.99,True,506.99,after_exit,False,3.85,126.75,2022-11
1620,2023-01-18,Project Management,External,Completed,5,986.14,2020-05-27,,Unk,Active,Production,True,986.14,0.0,False,0.0,valid,True,2.64,197.23,2023-01
1621,2022-10-03,Technical Skills,Internal,Completed,2,264.74,2021-09-21,2023-01-28,Involuntary,Active,IT/IS,True,264.74,0.0,True,264.74,valid,True,1.03,132.37,2022-10
1622,2022-12-17,Communication Skills,Internal,Passed,4,344.06,2021-08-30,2022-03-22,Retirement,Active,IT/IS,True,344.06,0.0,True,344.06,after_exit,False,1.3,86.02,2022-12
1623,2022-11-26,Project Management,Internal,Passed,3,232.5,2023-06-19,2023-07-31,Voluntary,Active,IT/IS,True,232.5,0.0,True,232.5,before_hire,False,-0.56,77.5,2022-11
1624,2023-04-21,Customer Service,Internal,Failed,1,953.68,2023-05-12,2023-05-16,Resignation,Active,IT/IS,False,0.0,953.68,True,953.68,before_hire,False,-0.06,953.68,2023-04
1625,2022-11-15,Project Management,External,Passed,5,101.56,2022-06-05,,Unk,Active,IT/IS,True,101.56,0.0,False,0.0,valid,True,0.45,20.31,2022-11
1626,2023-05-05,Project Management,Internal,Failed,3,624.8,2020-09-17,2021-06-08,Resignation,Active,IT/IS,False,0.0,624.8,True,624.8,after_exit,False,2.63,208.27,2023-05
1627,2022-12-05,Project Management,Internal,Completed,5,943.93,2023-05-15,,Unk,Active,IT/IS,True,943.93,0.0,False,0.0,before_hire,False,-0.44,188.79,2022-12
1628,2023-05-20,Customer Service,Internal,Completed,1,781.52,2018-12-15,2019-11-14,Retirement,Active,IT/IS,True,781.52,0.0,True,781.52,after_exit,False,4.43,781.52,2023-05
1629,2023-07-18,Leadership Development,Internal,Failed,2,615.28,2019-11-06,2023-03-22,Voluntary,Terminated for Cause,IT/IS,False,0.0,615.28,True,615.28,after_exit,False,3.7,307.64,2023-07
1630,2023-03-26,Customer Service,External,Incomplete,4,779.26,2021-04-25,2022-10-25,Involuntary,Terminated for Cause,IT/IS,False,0.0,779.26,True,779.26,after_exit,False,1.92,194.82,2023-03
1631,2023-01-14,Customer Service,External,Incomplete,1,464.49,2023-06-17,2023-07-19,Voluntary,Terminated for Cause,IT/IS,False,0.0,464.49,True,464.49,before_hire,False,-0.42,464.49,2023-01
1632,2023-03-26,Leadership Development,External,Completed,4,196.31,2022-01-14,,Unk,Active,IT/IS,True,196.31,0.0,False,0.0,valid,True,1.19,49.08,2023-03
1633,2022-10-09,Project Management,External,Passed,3,300.12,2018-10-22,2019-03-13,Involuntary,Active,IT/IS,True,300.12,0.0,True,300.12,after_exit,False,3.96,100.04,2022-10
1634,2023-03-26,Communication Skills,External,Failed,3,895.42,2021-10-17,2022-11-13,Voluntary,Active,IT/IS,False,0.0,895.42,True,895.42,after_exit,False,1.44,298.47,2023-03
1635,2023-05-15,Leadership Development,External,Completed,3,619.86,2021-10-19,2023-04-10,Retirement,Active,IT/IS,True,619.86,0.0,True,619.86,after_exit,False,1.57,206.62,2023-05
1636,2022-08-31,Technical Skills,External,Completed,1,943.84,2018-10-16,2018-12-17,Involuntary,Active,Admin Offices,True,943.84,0.0,True,943.84,after_exit,False,3.87,943.84,2022-08
1637,2022-10-04,Customer Service,External,Failed,5,556.33,2020-04-26,2020-07-21,Resignation,Active,Admin Offices,False,0.0,556.33,True,556.33,after_exit,False,2.44,111.27,2022-10
1638,2022-12-27,Customer Service,External,Completed,4,274.97,2020-01-22,2022-10-26,Involuntary,Active,Sales,True,274.97,0.0,True,274.97,after_exit,False,2.93,68.74,2022-12
1639,2023-01-21,Communication Skills,Internal,Completed,5,359.87,2022-03-30,2022-07-21,Resignation,Terminated for Cause,IT/IS,True,359.87,0.0,True,359.87,after_exit,False,0.81,71.97,2023-01
1640,2023-02-01,Communication Skills,Internal,Completed,1,881.51,2021-05-29,2022-09-03,Voluntary,Terminated for Cause,IT/IS,True,881.51,0.0,True,881.51,after_exit,False,1.68,881.51,2023-02
1641,2022-12-22,Project Management,External,Passed,5,879.86,2023-03-09,2023-05-30,Voluntary,Terminated for Cause,IT/IS,True,879.86,0.0,True,879.86,before_hire,False,-0.21,175.97,2022-12
1642,2023-07-18,Customer Service,External,Passed,3,226.92,2019-11-22,2019-12-28,Retirement,Terminated for Cause,IT/IS,True,226.92,0.0,True,226.92,after_exit,False,3.65,75.64,2023-07
1643,2023-07-13,Technical Skills,External,Completed,3,674.14,2019-04-07,2020-12-22,Involuntary,Active,IT/IS,True,674.14,0.0,True,674.14,after_exit,False,4.27,224.71,2023-07
1644,2022-12-13,Customer Service,External,Failed,4,383.95,2023-03-23,2023-03-28,Voluntary,Active,IT/IS,False,0.0,383.95,True,383.95,before_hire,False,-0.27,95.99,2022-12
1645,2022-08-12,Technical Skills,External,Completed,1,122.81,2021-02-18,2022-10-28,Resignation,Active,IT/IS,True,122.81,0.0,True,122.81,valid,True,1.48,122.81,2022-08
1646,2022-08-07,Customer Service,Internal,Completed,5,380.22,2019-04-05,2021-05-07,Voluntary,Active,Admin Offices,True,380.22,0.0,True,380.22,after_exit,False,3.34,76.04,2022-08
1647,2022-09-15,Communication Skills,External,Passed,5,719.1,2019-10-23,2022-07-09,Involuntary,Active,IT/IS,True,719.1,0.0,True,719.1,after_exit,False,2.9,143.82,2022-09
1648,2023-01-11,Project Management,External,Passed,1,699.81,2021-05-14,,Unk,Active,Sales,True,699.81,0.0,False,0.0,valid,True,1.66,699.81,2023-01
1649,2022-11-24,Leadership Development,Internal,Passed,5,452.38,2019-03-19,,Unk,Active,IT/IS,True,452.38,0.0,False,0.0,valid,True,3.69,90.48,2022-11
1650,2022-10-08,Leadership Development,Internal,Completed,3,727.36,2019-05-08,2020-10-01,Resignation,Terminated for Cause,IT/IS,True,727.36,0.0,True,727.36,after_exit,False,3.42,242.45,2022-10
1651,2022-12-20,Customer Service,Internal,Passed,5,595.83,2019-10-05,2023-05-21,Involuntary,Terminated for Cause,IT/IS,True,595.83,0.0,True,595.83,valid,True,3.21,119.17,2022-12
1652,2022-12-09,Leadership Development,Internal,Completed,4,740.51,2021-11-29,2022-05-31,Resignation,Terminated for Cause,IT/IS,True,740.51,0.0,True,740.51,after_exit,False,1.03,185.13,2022-12
1653,2023-07-24,Technical Skills,External,Incomplete,1,886.01,2018-11-06,2019-12-26,Involuntary,Active,IT/IS,False,0.0,886.01,True,886.01,after_exit,False,4.71,886.01,2023-07
1654,2023-05-01,Technical Skills,External,Failed,2,641.09,2021-07-27,2021-11-23,Resignation,Active,IT/IS,False,0.0,641.09,True,641.09,after_exit,False,1.76,320.54,2023-05
1655,2023-06-15,Communication Skills,Internal,Completed,5,780.94,2023-07-18,,Unk,Active,IT/IS,True,780.94,0.0,False,0.0,before_hire,False,-0.09,156.19,2023-06
1656,2023-03-19,Leadership Development,Internal,Completed,3,132.75,2022-09-04,,Unk,Active,Admin Offices,True,132.75,0.0,False,0.0,valid,True,0.54,44.25,2023-03
1657,2022-10-01,Technical Skills,Internal,Passed,1,838.52,2019-05-24,,Unk,Active,IT/IS,True,838.52,0.0,False,0.0,valid,True,3.36,838.52,2022-10
1658,2023-06-06,Project Management,External,Failed,4,474.23,2019-11-03,,Unk,Active,IT/IS,False,0.0,474.23,False,0.0,valid,True,3.59,118.56,2023-06
1659,2023-05-23,Leadership Development,Internal,Incomplete,1,579.06,2019-11-26,2021-03-19,Involuntary,Active,Sales,False,0.0,579.06,True,579.06,after_exit,False,3.49,579.06,2023-05
1660,2023-07-25,Communication Skills,Internal,Failed,5,698.82,2022-08-09,2022-09-01,Retirement,Terminated for Cause,IT/IS,False,0.0,698.82,True,698.82,after_exit,False,0.96,139.76,2023-07
1661,2023-07-20,Technical Skills,Internal,Failed,5,633.36,2019-03-19,,Unk,Active,IT/IS,False,0.0,633.36,False,0.0,valid,True,4.34,126.67,2023-07
1662,2023-02-18,Technical Skills,Internal,Failed,3,241.19,2018-11-25,,Unk,Active,IT/IS,False,0.0,241.19,False,0.0,valid,True,4.23,80.4,2023-02
1663,2023-07-13,Communication Skills,External,Passed,5,271.37,2022-04-10,2023-04-03,Retirement,Terminated for Cause,IT/IS,True,271.37,0.0,True,271.37,after_exit,False,1.26,54.27,2023-07
1664,2023-07-08,Project Management,Internal,Incomplete,1,137.87,2021-04-02,,Unk,Active,IT/IS,False,0.0,137.87,False,0.0,valid,True,2.26,137.87,2023-07
1665,2022-11-15,Project Management,Internal,Passed,3,999.83,2019-12-22,,Unk,Active,IT/IS,True,999.83,0.0,False,0.0,valid,True,2.9,333.28,2022-11
1666,2023-02-21,Technical Skills,Internal,Failed,5,597.62,2021-08-14,,Unk,Active,IT/IS,False,0.0,597.62,False,0.0,valid,True,1.52,119.52,2023-02
1667,2022-09-11,Leadership Development,External,Completed,1,697.89,2018-08-28,,Unk,Active,Admin Offices,True,697.89,0.0,False,0.0,valid,True,4.04,697.89,2022-09
1668,2023-06-23,Customer Service,External,Failed,5,673.27,2023-07-10,,Unk,Active,Admin Offices,False,0.0,673.27,False,0.0,before_hire,False,-0.05,134.65,2023-06
1669,2023-01-10,Project Management,External,Passed,5,753.01,2020-09-18,,Unk,Active,IT/IS,True,753.01,0.0,False,0.0,valid,True,2.31,150.6,2023-01
1670,2023-02-01,Leadership Development,Internal,Failed,5,939.02,2019-07-18,,Unk,Active,IT/IS,False,0.0,939.02,False,0.0,valid,True,3.54,187.8,2023-02
1671,2022-11-15,Customer Service,External,Passed,2,680.45,2021-11-21,2021-12-12,Involuntary,Active,Sales,True,680.45,0.0,True,680.45,after_exit,False,0.98,340.22,2022-11
1672,2022-09-14,Technical Skills,External,Completed,3,263.8,2021-03-08,,Unk,Active,IT/IS,True,263.8,0.0,False,0.0,valid,True,1.52,87.93,2022-09
1673,2023-01-04,Project Management,External,Incomplete,2,981.06,2019-08-21,,Unk,Active,IT/IS,False,0.0,981.06,False,0.0,valid,True,3.37,490.53,2023-01
1674,2022-11-22,Customer Service,Internal,Passed,1,293.55,2022-04-30,2023-06-09,Involuntary,Terminated for Cause,IT/IS,True,293.55,0.0,True,293.55,valid,True,0.56,293.55,2022-11
1675,2023-03-07,Technical Skills,Internal,Failed,4,904.68,2023-02-03,2023-04-16,Resignation,Active,IT/IS,False,0.0,904.68,True,904.68,valid,True,0.09,226.17,2023-03
1676,2022-12-07,Project Management,Internal,Failed,5,104.66,2023-05-08,,Unk,Active,IT/IS,False,0.0,104.66,False,0.0,before_hire,False,-0.42,20.93,2022-12
1677,2022-12-02,Technical Skills,External,Incomplete,2,836.37,2022-07-29,,Unk,Active,IT/IS,False,0.0,836.37,False,0.0,valid,True,0.34,418.18,2022-12
1678,2023-04-14,Leadership Development,Internal,Completed,1,749.64,2020-11-18,2021-05-22,Resignation,Active,Admin Offices,True,749.64,0.0,True,749.64,after_exit,False,2.4,749.64,2023-04
1679,2023-03-25,Leadership Development,External,Failed,5,213.06,2021-05-16,2022-04-14,Voluntary,Active,Admin Offices,False,0.0,213.06,True,213.06,after_exit,False,1.86,42.61,2023-03
1680,2022-10-04,Customer Service,Internal,Completed,3,882.76,2019-10-25,2020-10-16,Involuntary,Active,IT/IS,True,882.76,0.0,True,882.76,after_exit,False,2.94,294.25,2022-10
1681,2022-12-20,Customer Service,External,Failed,1,113.42,2023-03-05,2023-05-04,Retirement,Active,IT/IS,False,0.0,113.42,True,113.42,before_hire,False,-0.21,113.42,2022-12
1682,2022-09-19,Project Management,External,Failed,3,284.61,2021-06-01,,Unk,Active,IT/IS,False,0.0,284.61,False,0.0,valid,True,1.3,94.87,2022-09
1683,2023-06-28,Project Management,Internal,Failed,1,599.74,2022-01-22,2022-07-25,Voluntary,Voluntarily Terminated,Sales,False,0.0,599.74,True,599.74,after_exit,False,1.43,599.74,2023-06
1684,2023-06-05,Leadership Development,Internal,Failed,5,700.99,2023-07-09,2023-07-31,Involuntary,Terminated for Cause,IT/IS,False,0.0,700.99,True,700.99,before_hire,False,-0.09,140.2,2023-06
1685,2023-01-01,Customer Service,Internal,Passed,1,650.07,2018-11-11,2019-05-27,Retirement,Terminated for Cause,IT/IS,True,650.07,0.0,True,650.07,after_exit,False,4.14,650.07,2023-01
1686,2022-11-11,Communication Skills,External,Completed,2,851.38,2021-01-05,2021-06-18,Retirement,Active,IT/IS,True,851.38,0.0,True,851.38,after_exit,False,1.85,425.69,2022-11
1687,2023-02-24,Customer Service,Internal,Failed,4,455.1,2022-11-25,,Unk,Active,IT/IS,False,0.0,455.1,False,0.0,valid,True,0.25,113.78,2023-02
1688,2022-12-21,Project Management,Internal,Completed,3,880.67,2020-03-30,2023-07-21,Voluntary,Active,IT/IS,True,880.67,0.0,True,880.67,valid,True,2.73,293.56,2022-12
1689,2022-09-15,Customer Service,External,Passed,2,712.64,2021-01-02,2022-09-22,Retirement,Active,Admin Offices,True,712.64,0.0,True,712.64,valid,True,1.7,356.32,2022-09
1690,2023-01-21,Communication Skills,Internal,Failed,3,504.34,2019-02-26,2019-07-26,Voluntary,Active,Admin Offices,False,0.0,504.34,True,504.34,after_exit,False,3.9,168.11,2023-01
1691,2022-09-21,Customer Service,External,Failed,3,120.37,2019-10-06,,Unk,Active,IT/IS,False,0.0,120.37,False,0.0,valid,True,2.96,40.12,2022-09
1692,2023-03-08,Project Management,External,Failed,1,705.24,2020-04-19,2022-07-30,Voluntary,Active,IT/IS,False,0.0,705.24,True,705.24,after_exit,False,2.88,705.24,2023-03
1693,2023-03-10,Project Management,External,Passed,5,928.81,2022-12-24,,Unk,Active,IT/IS,True,928.81,0.0,False,0.0,valid,True,0.21,185.76,2023-03
1694,2022-08-30,Communication Skills,Internal,Completed,5,638.07,2021-04-09,2021-05-29,Resignation,Terminated for Cause,IT/IS,True,638.07,0.0,True,638.07,after_exit,False,1.39,127.61,2022-08
1695,2023-01-03,Leadership Development,Internal,Passed,2,913.34,2018-09-04,2022-12-16,Voluntary,Terminated for Cause,IT/IS,True,913.34,0.0,True,913.34,after_exit,False,4.33,456.67,2023-01
1696,2023-05-29,Project Management,Internal,Completed,1,754.78,2021-11-07,,Unk,Active,IT/IS,True,754.78,0.0,False,0.0,valid,True,1.56,754.78,2023-05
1697,2022-10-14,Leadership Development,External,Passed,4,503.3,2023-05-24,2023-07-21,Retirement,Active,IT/IS,True,503.3,0.0,True,503.3,before_hire,False,-0.61,125.82,2022-10
1698,2022-11-23,Technical Skills,External,Passed,5,218.31,2021-02-15,2021-06-05,Resignation,Active,IT/IS,True,218.31,0.0,True,218.31,after_exit,False,1.77,43.66,2022-11
1699,2023-07-24,Customer Service,External,Incomplete,3,730.86,2021-11-03,2022-08-19,Voluntary,Active,Admin Offices,False,0.0,730.86,True,730.86,after_exit,False,1.72,243.62,2023-07
1700,2022-09-19,Customer Service,External,Completed,4,203.34,2018-09-20,,Unk,Active,IT/IS,True,203.34,0.0,False,0.0,valid,True,4.0,50.84,2022-09
1701,2023-06-18,Technical Skills,Internal,Passed,1,460.53,2019-07-23,2023-01-07,Involuntary,Active,IT/IS,True,460.53,0.0,True,460.53,after_exit,False,3.9,460.53,2023-06
1702,2023-03-19,Communication Skills,Internal,Completed,5,733.92,2022-05-12,,Unk,Active,IT/IS,True,733.92,0.0,False,0.0,valid,True,0.85,146.78,2023-03
1703,2022-10-06,Customer Service,Internal,Completed,2,987.43,2018-10-03,,Unk,Active,Sales,True,987.43,0.0,False,0.0,valid,True,4.01,493.72,2022-10
1704,2023-05-13,Customer Service,External,Completed,1,691.32,2020-11-26,,Unk,Active,IT/IS,True,691.32,0.0,False,0.0,valid,True,2.46,691.32,2023-05
1705,2022-10-22,Communication Skills,External,Passed,1,663.08,2018-10-04,,Unk,Active,IT/IS,True,663.08,0.0,False,0.0,valid,True,4.05,663.08,2022-10
1706,2022-09-21,Customer Service,External,Incomplete,1,970.01,2020-12-02,2023-02-25,Involuntary,Active,IT/IS,False,0.0,970.01,True,970.01,valid,True,1.8,970.01,2022-09
1707,2023-05-26,Customer Service,Internal,Passed,3,496.31,2021-09-24,2023-07-20,Voluntary,Active,IT/IS,True,496.31,0.0,True,496.31,valid,True,1.67,165.44,2023-05
1708,2023-06-20,Customer Service,Internal,Incomplete,5,640.01,2020-09-10,2021-05-22,Involuntary,Active,IT/IS,False,0.0,640.01,True,640.01,after_exit,False,2.77,128.0,2023-06
1709,2023-06-03,Technical Skills,External,Failed,4,858.8,2022-05-25,2022-11-17,Involuntary,Active,IT/IS,False,0.0,858.8,True,858.8,after_exit,False,1.02,214.7,2023-06
1710,2022-12-11,Communication Skills,External,Passed,2,300.52,2019-02-15,2019-12-09,Resignation,Active,Admin Offices,True,300.52,0.0,True,300.52,after_exit,False,3.82,150.26,2022-12
1711,2022-09-30,Technical Skills,External,Failed,3,102.19,2018-09-28,2023-02-01,Voluntary,Active,IT/IS,False,0.0,102.19,True,102.19,valid,True,4.01,34.06,2022-09
1712,2023-06-06,Communication Skills,Internal,Completed,2,581.16,2018-12-12,,Unk,Active,IT/IS,True,581.16,0.0,False,0.0,valid,True,4.48,290.58,2023-06
1713,2023-03-11,Leadership Development,Internal,Incomplete,3,752.91,2021-12-01,,Unk,Active,IT/IS,False,0.0,752.91,False,0.0,valid,True,1.27,250.97,2023-03
1714,2023-07-24,Project Management,External,Passed,3,374.58,2022-01-12,,Unk,Active,Sales,True,374.58,0.0,False,0.0,valid,True,1.53,124.86,2023-07
1715,2023-02-17,Leadership Development,Internal,Incomplete,3,788.64,2020-10-27,2022-09-28,Involuntary,Active,IT/IS,False,0.0,788.64,True,788.64,after_exit,False,2.31,262.88,2023-02
1716,2023-02-13,Communication Skills,External,Incomplete,2,234.05,2020-11-02,2022-06-21,Involuntary,Active,IT/IS,False,0.0,234.05,True,234.05,after_exit,False,2.28,117.02,2023-02
1717,2022-11-05,Customer Service,External,Incomplete,1,381.33,2021-04-24,2023-02-28,Retirement,Active,IT/IS,False,0.0,381.33,True,381.33,valid,True,1.53,381.33,2022-11
1718,2022-12-24,Leadership Development,Internal,Passed,3,527.62,2020-06-29,2023-08-03,Involuntary,Active,IT/IS,True,527.62,0.0,True,527.62,valid,True,2.49,175.87,2022-12
1719,2022-09-12,Leadership Development,External,Passed,3,442.1,2021-07-15,,Unk,Active,IT/IS,True,442.1,0.0,False,0.0,valid,True,1.16,147.37,2022-09
1720,2023-01-19,Project Management,Internal,Passed,2,396.81,2023-06-20,,Unk,Active,IT/IS,True,396.81,0.0,False,0.0,before_hire,False,-0.42,198.4,2023-01
1721,2023-02-16,Project Management,External,Failed,2,730.31,2019-09-22,2022-11-10,Retirement,Active,IT/IS,False,0.0,730.31,True,730.31,after_exit,False,3.4,365.16,2023-02
1722,2023-05-14,Technical Skills,External,Incomplete,2,128.06,2022-02-22,,Unk,Active,IT/IS,False,0.0,128.06,False,0.0,valid,True,1.22,64.03,2023-05
1723,2022-09-25,Technical Skills,External,Passed,5,942.63,2020-07-01,2022-06-26,Retirement,Active,Sales,True,942.63,0.0,True,942.63,after_exit,False,2.23,188.53,2022-09
1724,2023-04-11,Customer Service,Internal,Failed,5,733.63,2021-05-13,2021-12-11,Retirement,Active,IT/IS,False,0.0,733.63,True,733.63,after_exit,False,1.91,146.73,2023-04
1725,2023-01-16,Customer Service,External,Completed,1,743.28,2021-05-30,,Unk,Active,IT/IS,True,743.28,0.0,False,0.0,valid,True,1.63,743.28,2023-01
1726,2022-10-19,Technical Skills,Internal,Completed,4,435.18,2019-07-04,,Unk,Active,IT/IS,True,435.18,0.0,False,0.0,valid,True,3.29,108.8,2022-10
1727,2023-02-16,Technical Skills,Internal,Failed,5,252.22,2019-05-31,2022-05-31,Involuntary,Active,IT/IS,False,0.0,252.22,True,252.22,after_exit,False,3.72,50.44,2023-02
1728,2022-12-31,Customer Service,External,Completed,2,103.07,2020-03-13,,Unk,Active,Production,True,103.07,0.0,False,0.0,valid,True,2.8,51.54,2022-12
1729,2023-03-22,Technical Skills,Internal,Incomplete,2,386.87,2020-01-06,2020-12-24,Voluntary,Voluntarily Terminated,Production,False,0.0,386.87,True,386.87,after_exit,False,3.21,193.44,2023-03
1730,2023-03-20,Customer Service,External,Incomplete,3,718.21,2023-04-30,,Unk,Active,Production,False,0.0,718.21,False,0.0,before_hire,False,-0.11,239.4,2023-03
1731,2023-02-27,Customer Service,Internal,Failed,1,578.81,2021-07-11,2022-02-08,Retirement,Active,Production,False,0.0,578.81,True,578.81,after_exit,False,1.63,578.81,2023-02
1732,2023-07-06,Project Management,Internal,Completed,1,562.06,2021-07-02,2021-12-13,Voluntary,Voluntarily Terminated,Production,True,562.06,0.0,True,562.06,after_exit,False,2.01,562.06,2023-07
1733,2023-01-08,Leadership Development,External,Incomplete,5,845.86,2019-10-23,2020-12-03,Resignation,Active,Production,False,0.0,845.86,True,845.86,after_exit,False,3.21,169.17,2023-01
1734,2023-01-16,Project Management,External,Completed,2,391.39,2019-01-19,,Unk,Active,Production,True,391.39,0.0,False,0.0,valid,True,3.99,195.7,2023-01
1735,2023-07-22,Project Management,Internal,Passed,1,203.04,2021-01-08,2023-01-14,Resignation,Voluntarily Terminated,Production,True,203.04,0.0,True,203.04,after_exit,False,2.53,203.04,2023-07
1736,2023-03-09,Leadership Development,Internal,Incomplete,4,717.29,2019-01-29,2022-07-08,Involuntary,Active,Production,False,0.0,717.29,True,717.29,after_exit,False,4.11,179.32,2023-03
1737,2022-10-17,Leadership Development,External,Incomplete,5,719.0,2018-10-27,,Unk,Active,Production,False,0.0,719.0,False,0.0,valid,True,3.97,143.8,2022-10
1738,2023-01-09,Customer Service,External,Incomplete,5,802.66,2023-05-30,2023-07-05,Involuntary,Voluntarily Terminated,Production,False,0.0,802.66,True,802.66,before_hire,False,-0.39,160.53,2023-01
1739,2023-07-04,Communication Skills,Internal,Incomplete,1,388.07,2019-07-15,2023-05-01,Involuntary,Active,Production,False,0.0,388.07,True,388.07,after_exit,False,3.97,388.07,2023-07
1740,2023-02-18,Project Management,Internal,Completed,2,350.26,2020-03-17,2021-08-02,Voluntary,Active,Production,True,350.26,0.0,True,350.26,after_exit,False,2.92,175.13,2023-02
1741,2022-11-08,Leadership Development,External,Completed,5,625.76,2022-09-16,,Unk,Active,Production,True,625.76,0.0,False,0.0,valid,True,0.15,125.15,2022-11
1742,2023-04-19,Communication Skills,External,Incomplete,1,206.72,2021-01-04,,Unk,Active,Production,False,0.0,206.72,False,0.0,valid,True,2.29,206.72,2023-04
1743,2023-07-13,Project Management,External,Passed,4,954.37,2018-11-30,,Unk,Active,Production,True,954.37,0.0,False,0.0,valid,True,4.62,238.59,2023-07
1744,2022-12-24,Communication Skills,Internal,Failed,4,728.77,2022-07-24,,Unk,Active,Production,False,0.0,728.77,False,0.0,valid,True,0.42,182.19,2022-12
1745,2022-09-05,Leadership Development,External,Completed,1,996.01,2022-02-05,,Unk,Active,Production,True,996.01,0.0,False,0.0,valid,True,0.58,996.01,2022-09
1746,2022-11-18,Communication Skills,Internal,Incomplete,2,787.19,2020-04-23,2022-01-07,Voluntary,Active,Production,False,0.0,787.19,True,787.19,after_exit,False,2.57,393.6,2022-11
1747,2023-03-02,Project Management,External,Passed,3,853.43,2023-06-23,2023-07-10,Resignation,Leave of Absence,Production,True,853.43,0.0,True,853.43,before_hire,False,-0.31,284.48,2023-03
1748,2023-03-26,Leadership Development,External,Failed,5,433.03,2022-01-13,2022-07-05,Retirement,Active,Production,False,0.0,433.03,True,433.03,after_exit,False,1.2,86.61,2023-03
1749,2023-07-21,Leadership Development,Internal,Incomplete,3,148.69,2020-11-26,,Unk,Active,Production,False,0.0,148.69,False,0.0,valid,True,2.65,49.56,2023-07
1750,2022-08-20,Project Management,Internal,Incomplete,1,523.44,2018-12-07,,Unk,Active,Production,False,0.0,523.44,False,0.0,valid,True,3.7,523.44,2022-08
1751,2022-12-10,Project Management,External,Incomplete,5,719.54,2023-04-19,,Unk,Active,Production,False,0.0,719.54,False,0.0,before_hire,False,-0.36,143.91,2022-12
1752,2022-10-09,Leadership Development,External,Incomplete,3,560.55,2022-03-05,2022-04-08,Resignation,Active,Production,False,0.0,560.55,True,560.55,after_exit,False,0.6,186.85,2022-10
1753,2023-03-18,Customer Service,Internal,Completed,1,711.71,2019-06-20,2019-10-14,Resignation,Active,Production,True,711.71,0.0,True,711.71,after_exit,False,3.74,711.71,2023-03
1754,2023-01-30,Project Management,External,Failed,1,980.65,2022-09-13,,Unk,Active,Production,False,0.0,980.65,False,0.0,valid,True,0.38,980.65,2023-01
1755,2022-11-22,Communication Skills,External,Incomplete,2,367.76,2019-01-02,,Unk,Active,Production,False,0.0,367.76,False,0.0,valid,True,3.89,183.88,2022-11
1756,2023-04-22,Communication Skills,Internal,Failed,1,849.36,2022-06-06,,Unk,Active,Production,False,0.0,849.36,False,0.0,valid,True,0.88,849.36,2023-04
1757,2022-12-31,Technical Skills,Internal,Incomplete,5,305.05,2020-01-09,,Unk,Active,Production,False,0.0,305.05,False,0.0,valid,True,2.98,61.01,2022-12
1758,2023-05-14,Customer Service,Internal,Completed,5,296.24,2019-01-03,,Unk,Active,Production,True,296.24,0.0,False,0.0,valid,True,4.36,59.25,2023-05
1759,2022-10-21,Project Management,Internal,Completed,4,220.06,2021-01-23,2022-10-23,Retirement,Active,Production,True,220.06,0.0,True,220.06,valid,True,1.74,55.02,2022-10
1760,2023-01-20,Technical Skills,External,Passed,3,378.51,2020-02-08,2020-05-04,Voluntary,Active,Production,True,378.51,0.0,True,378.51,after_exit,False,2.95,126.17,2023-01
1761,2022-11-07,Technical Skills,External,Completed,4,905.6,2021-10-29,2022-08-02,Voluntary,Voluntarily Terminated,Production,True,905.6,0.0,True,905.6,after_exit,False,1.02,226.4,2022-11
1762,2022-09-02,Customer Service,External,Incomplete,3,669.57,2023-07-04,2023-07-12,Voluntary,Voluntarily Terminated,Production,False,0.0,669.57,True,669.57,before_hire,False,-0.84,223.19,2022-09
1763,2023-03-02,Leadership Development,External,Completed,2,723.9,2023-04-06,,Unk,Active,Production,True,723.9,0.0,False,0.0,before_hire,False,-0.1,361.95,2023-03
1764,2023-05-07,Communication Skills,Internal,Passed,1,834.44,2023-01-17,,Unk,Active,Production,True,834.44,0.0,False,0.0,valid,True,0.3,834.44,2023-05
1765,2023-08-04,Leadership Development,External,Incomplete,1,393.88,2019-10-17,,Unk,Active,Production,False,0.0,393.88,False,0.0,valid,True,3.8,393.88,2023-08
1766,2023-07-07,Customer Service,External,Incomplete,3,637.61,2019-06-22,2021-05-01,Resignation,Active,Production,False,0.0,637.61,True,637.61,after_exit,False,4.04,212.54,2023-07
1767,2022-10-25,Project Management,External,Passed,3,902.11,2023-02-10,2023-05-01,Retirement,Active,Production,True,902.11,0.0,True,902.11,before_hire,False,-0.3,300.7,2022-10
1768,2022-09-30,Leadership Development,External,Passed,1,999.79,2022-10-13,2023-05-02,Voluntary,Active,Production,True,999.79,0.0,True,999.79,before_hire,False,-0.04,999.79,2022-09
1769,2023-03-27,Leadership Development,Internal,Passed,1,976.58,2023-03-07,2023-04-27,Resignation,Active,Production,True,976.58,0.0,True,976.58,valid,True,0.05,976.58,2023-03
1770,2022-09-04,Customer Service,External,Incomplete,2,257.2,2018-09-12,,Unk,Active,Production,False,0.0,257.2,False,0.0,valid,True,3.98,128.6,2022-09
1771,2023-02-27,Technical Skills,External,Incomplete,2,991.1,2020-06-27,,Unk,Active,Production,False,0.0,991.1,False,0.0,valid,True,2.67,495.55,2023-02
1772,2022-08-20,Technical Skills,External,Passed,2,205.64,2018-12-28,2022-01-28,Resignation,Active,Production,True,205.64,0.0,True,205.64,after_exit,False,3.64,102.82,2022-08
1773,2022-12-30,Leadership Development,Internal,Passed,2,817.45,2021-01-20,2023-03-08,Retirement,Active,Production,True,817.45,0.0,True,817.45,valid,True,1.94,408.72,2022-12
1774,2023-06-08,Customer Service,External,Failed,5,643.22,2019-09-14,2023-02-06,Involuntary,Active,Production,False,0.0,643.22,True,643.22,after_exit,False,3.73,128.64,2023-06
1775,2023-05-08,Project Management,Internal,Failed,4,795.28,2018-10-06,2019-12-12,Involuntary,Active,Production,False,0.0,795.28,True,795.28,after_exit,False,4.59,198.82,2023-05
1776,2022-09-07,Project Management,Internal,Failed,2,521.69,2021-08-03,2022-11-01,Retirement,Active,Production,False,0.0,521.69,True,521.69,valid,True,1.1,260.85,2022-09
1777,2023-04-24,Customer Service,External,Incomplete,3,157.78,2019-07-05,2021-05-26,Involuntary,Active,Production,False,0.0,157.78,True,157.78,after_exit,False,3.8,52.59,2023-04
1778,2022-09-01,Project Management,External,Passed,3,803.94,2019-04-25,,Unk,Active,Production,True,803.94,0.0,False,0.0,valid,True,3.35,267.98,2022-09
1779,2022-11-27,Project Management,Internal,Passed,3,188.56,2023-07-15,,Unk,Active,Production,True,188.56,0.0,False,0.0,before_hire,False,-0.63,62.85,2022-11
1780,2023-03-25,Technical Skills,External,Passed,2,663.72,2022-12-10,2023-02-11,Retirement,Active,Production,True,663.72,0.0,True,663.72,after_exit,False,0.29,331.86,2023-03
1781,2023-07-04,Technical Skills,External,Failed,4,892.3,2019-05-02,,Unk,Active,Production,False,0.0,892.3,False,0.0,valid,True,4.17,223.08,2023-07
1782,2022-12-21,Communication Skills,Internal,Passed,3,560.35,2019-01-13,2023-07-02,Retirement,Voluntarily Terminated,Production,True,560.35,0.0,True,560.35,valid,True,3.94,186.78,2022-12
1783,2022-12-24,Technical Skills,External,Passed,2,595.5,2021-06-09,,Unk,Active,Production,True,595.5,0.0,False,0.0,valid,True,1.54,297.75,2022-12
1784,2022-11-17,Communication Skills,External,Passed,2,242.18,2023-08-02,2023-08-02,Retirement,Active,Production,True,242.18,0.0,True,242.18,before_hire,False,-0.71,121.09,2022-11
1785,2023-01-07,Project Management,Internal,Failed,5,104.95,2023-06-17,,Unk,Active,Production,False,0.0,104.95,False,0.0,before_hire,False,-0.44,20.99,2023-01
1786,2023-04-23,Communication Skills,External,Completed,2,942.28,2022-03-31,2022-06-14,Resignation,Active,Production,True,942.28,0.0,True,942.28,after_exit,False,1.06,471.14,2023-04
1787,2022-08-31,Project Management,Internal,Passed,2,756.7,2019-04-06,2020-08-15,Voluntary,Active,Production,True,756.7,0.0,True,756.7,after_exit,False,3.4,378.35,2022-08
1788,2022-12-23,Leadership Development,Internal,Completed,4,290.99,2020-07-11,,Unk,Active,Production,True,290.99,0.0,False,0.0,valid,True,2.45,72.75,2022-12
1789,2023-01-08,Leadership Development,External,Incomplete,2,700.97,2023-04-22,,Unk,Active,Production,False,0.0,700.97,False,0.0,before_hire,False,-0.28,350.48,2023-01
1790,2022-08-19,Communication Skills,Internal,Incomplete,4,631.98,2022-12-02,2023-04-08,Resignation,Active,Production,False,0.0,631.98,True,631.98,before_hire,False,-0.29,158.0,2022-08
1791,2022-11-26,Project Management,Internal,Failed,5,282.85,2021-03-06,2023-04-26,Resignation,Active,Production,False,0.0,282.85,True,282.85,valid,True,1.72,56.57,2022-11
1792,2022-11-29,Technical Skills,Internal,Completed,1,412.58,2019-05-21,,Unk,Active,Production,True,412.58,0.0,False,0.0,valid,True,3.53,412.58,2022-11
1793,2023-02-28,Communication Skills,External,Passed,1,943.91,2018-10-23,2022-12-02,Resignation,Active,Production,True,943.91,0.0,True,943.91,after_exit,False,4.35,943.91,2023-02
1794,2022-10-31,Leadership Development,Internal,Completed,3,208.13,2021-05-26,,Unk,Active,Production,True,208.13,0.0,False,0.0,valid,True,1.43,69.38,2022-10
1795,2023-02-24,Leadership Development,External,Passed,2,145.47,2019-12-01,2020-06-08,Involuntary,Voluntarily Terminated,Production,True,145.47,0.0,True,145.47,after_exit,False,3.23,72.74,2023-02
1796,2022-10-27,Customer Service,External,Failed,1,727.51,2021-06-07,2022-12-13,Involuntary,Voluntarily Terminated,Production,False,0.0,727.51,True,727.51,valid,True,1.39,727.51,2022-10
1797,2022-12-24,Project Management,External,Failed,5,581.43,2020-10-13,2022-11-09,Voluntary,Active,Production,False,0.0,581.43,True,581.43,after_exit,False,2.2,116.29,2022-12
1798,2022-12-11,Communication Skills,Internal,Incomplete,1,725.94,2022-10-30,,Unk,Active,Production,False,0.0,725.94,False,0.0,valid,True,0.11,725.94,2022-12
1799,2022-10-27,Technical Skills,Internal,Passed,1,338.36,2022-09-04,2023-05-30,Involuntary,Voluntarily Terminated,Production,True,338.36,0.0,True,338.36,valid,True,0.15,338.36,2022-10
1800,2023-04-17,Technical Skills,External,Failed,1,732.84,2019-10-18,2021-04-19,Resignation,Active,Production,False,0.0,732.84,True,732.84,after_exit,False,3.5,732.84,2023-04
1801,2023-06-22,Technical Skills,External,Incomplete,1,753.69,2021-07-25,2023-01-23,Involuntary,Active,Production,False,0.0,753.69,True,753.69,after_exit,False,1.91,753.69,2023-06
1802,2023-07-16,Customer Service,Internal,Failed,5,131.92,2020-03-31,,Unk,Active,Production,False,0.0,131.92,False,0.0,valid,True,3.29,26.38,2023-07
1803,2022-09-20,Leadership Development,External,Passed,4,550.55,2019-11-11,2023-08-02,Resignation,Active,Production,True,550.55,0.0,True,550.55,valid,True,2.86,137.64,2022-09
1804,2022-08-22,Customer Service,Internal,Failed,1,767.49,2021-12-05,2022-03-02,Voluntary,Active,Production,False,0.0,767.49,True,767.49,after_exit,False,0.71,767.49,2022-08
1805,2023-02-11,Communication Skills,Internal,Incomplete,5,222.88,2018-12-17,2022-09-03,Voluntary,Active,Production,False,0.0,222.88,True,222.88,after_exit,False,4.15,44.58,2023-02
1806,2023-07-27,Communication Skills,Internal,Passed,3,176.2,2022-03-06,,Unk,Active,Production,True,176.2,0.0,False,0.0,valid,True,1.39,58.73,2023-07
1807,2023-03-07,Technical Skills,External,Incomplete,5,794.61,2019-09-04,,Unk,Active,Production,False,0.0,794.61,False,0.0,valid,True,3.5,158.92,2023-03
1808,2022-10-12,Customer Service,External,Passed,1,147.08,2023-07-26,,Unk,Active,Production,True,147.08,0.0,False,0.0,before_hire,False,-0.79,147.08,2022-10
1809,2022-08-15,Communication Skills,Internal,Incomplete,5,488.94,2022-12-19,2023-05-19,Involuntary,Active,Production,False,0.0,488.94,True,488.94,before_hire,False,-0.34,97.79,2022-08
1810,2023-02-22,Project Management,External,Failed,1,603.57,2021-08-17,,Unk,Active,Production,False,0.0,603.57,False,0.0,valid,True,1.52,603.57,2023-02
1811,2023-07-25,Customer Service,External,Incomplete,3,819.87,2022-06-11,,Unk,Active,Production,False,0.0,819.87,False,0.0,valid,True,1.12,273.29,2023-07
1812,2023-03-04,Leadership Development,Internal,Incomplete,2,836.19,2021-10-01,2023-06-18,Involuntary,Voluntarily Terminated,Production,False,0.0,836.19,True,836.19,valid,True,1.42,418.1,2023-03
1813,2022-11-05,Project Management,External,Passed,5,879.94,2020-08-04,,Unk,Active,Production,True,879.94,0.0,False,0.0,valid,True,2.25,175.99,2022-11
1814,2023-06-04,Customer Service,Internal,Failed,3,532.3,2022-02-11,,Unk,Active,Production,False,0.0,532.3,False,0.0,valid,True,1.31,177.43,2023-06
1815,2022-10-03,Leadership Development,External,Incomplete,5,758.21,2020-06-22,,Unk,Active,Production,False,0.0,758.21,False,0.0,valid,True,2.28,151.64,2022-10
1816,2023-06-05,Communication Skills,Internal,Incomplete,2,253.51,2020-08-28,,Unk,Active,Production,False,0.0,253.51,False,0.0,valid,True,2.77,126.76,2023-06
1817,2022-08-20,Leadership Development,Internal,Completed,3,375.86,2019-05-06,2022-04-09,Resignation,Active,Production,True,375.86,0.0,True,375.86,after_exit,False,3.29,125.29,2022-08
1818,2023-03-20,Leadership Development,External,Incomplete,5,909.47,2021-07-08,,Unk,Active,Production,False,0.0,909.47,False,0.0,valid,True,1.7,181.89,2023-03
1819,2022-10-19,Customer Service,Internal,Passed,3,649.51,2022-07-02,,Unk,Active,Production,True,649.51,0.0,False,0.0,valid,True,0.3,216.5,2022-10
1820,2023-06-30,Customer Service,Internal,Failed,1,742.26,2023-05-04,,Unk,Active,Production,False,0.0,742.26,False,0.0,valid,True,0.16,742.26,2023-06
1821,2022-10-12,Communication Skills,Internal,Passed,4,713.84,2022-12-19,,Unk,Active,Production,True,713.84,0.0,False,0.0,before_hire,False,-0.19,178.46,2022-10
1822,2023-07-29,Project Management,External,Incomplete,1,999.06,2022-03-26,,Unk,Active,Production,False,0.0,999.06,False,0.0,valid,True,1.34,999.06,2023-07
1823,2023-07-10,Leadership Development,Internal,Completed,4,977.99,2021-05-09,2022-11-12,Voluntary,Active,Production,True,977.99,0.0,True,977.99,after_exit,False,2.17,244.5,2023-07
1824,2022-09-16,Leadership Development,External,Completed,5,136.33,2020-01-09,2022-03-10,Voluntary,Active,Production,True,136.33,0.0,True,136.33,after_exit,False,2.69,27.27,2022-09
1825,2022-08-05,Technical Skills,External,Completed,4,946.67,2021-05-16,2023-05-14,Voluntary,Active,Production,True,946.67,0.0,True,946.67,valid,True,1.22,236.67,2022-08
1826,2023-07-24,Technical Skills,External,Passed,4,485.39,2021-01-31,2022-06-03,Resignation,Active,Production,True,485.39,0.0,True,485.39,after_exit,False,2.48,121.35,2023-07
1827,2023-04-28,Communication Skills,External,Incomplete,5,962.02,2021-09-19,2022-09-14,Involuntary,Active,Production,False,0.0,962.02,True,962.02,after_exit,False,1.6,192.4,2023-04
1828,2023-05-29,Technical Skills,External,Failed,1,620.24,2020-03-01,2022-03-26,Resignation,Active,Production,False,0.0,620.24,True,620.24,after_exit,False,3.24,620.24,2023-05
1829,2023-04-21,Customer Service,External,Completed,4,333.8,2020-02-29,,Unk,Active,Production,True,333.8,0.0,False,0.0,valid,True,3.14,83.45,2023-04
1830,2023-03-29,Leadership Development,External,Passed,3,764.21,2018-12-08,,Unk,Active,Production,True,764.21,0.0,False,0.0,valid,True,4.3,254.74,2023-03
1831,2022-12-11,Project Management,Internal,Failed,3,756.42,2022-06-26,2023-06-15,Retirement,Voluntarily Terminated,Production,False,0.0,756.42,True,756.42,valid,True,0.46,252.14,2022-12
1832,2023-07-30,Customer Service,Internal,Failed,2,716.62,2019-11-03,,Unk,Active,Production,False,0.0,716.62,False,0.0,valid,True,3.74,358.31,2023-07
1833,2023-03-26,Technical Skills,Internal,Failed,2,712.9,2023-01-01,,Unk,Active,Production,False,0.0,712.9,False,0.0,valid,True,0.23,356.45,2023-03
1834,2023-03-11,Technical Skills,Internal,Incomplete,1,845.82,2020-07-31,2021-04-05,Resignation,Active,Production,False,0.0,845.82,True,845.82,after_exit,False,2.61,845.82,2023-03
1835,2023-03-01,Communication Skills,Internal,Passed,4,727.9,2021-09-10,2022-07-19,Resignation,Active,Production,True,727.9,0.0,True,727.9,after_exit,False,1.47,181.98,2023-03
1836,2023-07-21,Project Management,Internal,Incomplete,1,760.41,2019-06-19,,Unk,Active,Production,False,0.0,760.41,False,0.0,valid,True,4.09,760.41,2023-07
1837,2023-07-25,Project Management,Internal,Incomplete,5,567.74,2021-08-16,,Unk,Active,Production,False,0.0,567.74,False,0.0,valid,True,1.94,113.55,2023-07
1838,2023-01-14,Communication Skills,External,Incomplete,5,582.7,2019-07-08,,Unk,Active,Production,False,0.0,582.7,False,0.0,valid,True,3.52,116.54,2023-01
1839,2022-08-16,Leadership Development,External,Incomplete,2,645.16,2021-08-17,2022-08-31,Voluntary,Active,Production,False,0.0,645.16,True,645.16,valid,True,1.0,322.58,2022-08
1840,2023-03-07,Project Management,External,Passed,5,310.44,2021-01-08,,Unk,Active,Production,True,310.44,0.0,False,0.0,valid,True,2.16,62.09,2023-03
1841,2022-08-13,Communication Skills,External,Failed,4,683.42,2018-08-14,,Unk,Active,Production,False,0.0,683.42,False,0.0,valid,True,4.0,170.86,2022-08
1842,2023-07-19,Communication Skills,Internal,Completed,3,129.49,2021-07-30,,Unk,Active,Production,True,129.49,0.0,False,0.0,valid,True,1.97,43.16,2023-07
1843,2022-11-11,Project Management,External,Incomplete,5,349.46,2023-04-08,,Unk,Active,Production,False,0.0,349.46,False,0.0,before_hire,False,-0.41,69.89,2022-11
1844,2022-08-19,Project Management,Internal,Failed,5,668.2,2019-09-11,,Unk,Active,Production,False,0.0,668.2,False,0.0,valid,True,2.94,133.64,2022-08
1845,2022-12-31,Customer Service,External,Passed,5,409.99,2020-03-05,2021-08-22,Voluntary,Active,Production,True,409.99,0.0,True,409.99,after_exit,False,2.82,82.0,2022-12
1846,2023-04-25,Communication Skills,Internal,Passed,4,964.4,2019-12-02,,Unk,Active,Production,True,964.4,0.0,False,0.0,valid,True,3.39,241.1,2023-04
1847,2023-02-14,Leadership Development,External,Completed,1,777.95,2022-12-03,2022-12-24,Resignation,Active,Production,True,777.95,0.0,True,777.95,after_exit,False,0.2,777.95,2023-02
1848,2023-02-15,Communication Skills,Internal,Completed,5,816.07,2021-12-23,,Unk,Active,Production,True,816.07,0.0,False,0.0,valid,True,1.15,163.21,2023-02
1849,2023-06-04,Leadership Development,External,Passed,4,332.12,2022-01-28,,Unk,Active,Production,True,332.12,0.0,False,0.0,valid,True,1.35,83.03,2023-06
1850,2023-05-02,Communication Skills,Internal,Completed,1,950.45,2019-12-15,2021-06-25,Voluntary,Voluntarily Terminated,Production,True,950.45,0.0,True,950.45,after_exit,False,3.38,950.45,2023-05
1851,2022-09-04,Communication Skills,External,Passed,4,997.13,2021-11-11,2022-08-01,Retirement,Voluntarily Terminated,Production,True,997.13,0.0,True,997.13,after_exit,False,0.81,249.28,2022-09
1852,2022-10-16,Customer Service,Internal,Completed,1,917.56,2019-02-15,2023-07-28,Voluntary,Voluntarily Terminated,Production,True,917.56,0.0,True,917.56,valid,True,3.67,917.56,2022-10
1853,2022-08-10,Project Management,External,Failed,4,220.2,2022-03-31,,Unk,Active,Production,False,0.0,220.2,False,0.0,valid,True,0.36,55.05,2022-08
1854,2023-05-18,Technical Skills,External,Failed,1,837.64,2020-10-25,2022-04-18,Involuntary,Active,Production,False,0.0,837.64,True,837.64,after_exit,False,2.56,837.64,2023-05
1855,2022-08-30,Technical Skills,External,Incomplete,2,648.72,2022-07-25,2023-04-26,Retirement,Voluntarily Terminated,Production,False,0.0,648.72,True,648.72,valid,True,0.1,324.36,2022-08
1856,2023-07-04,Leadership Development,External,Failed,4,687.77,2021-08-02,,Unk,Active,Production,False,0.0,687.77,False,0.0,valid,True,1.92,171.94,2023-07
1857,2023-06-14,Project Management,External,Incomplete,5,278.62,2021-11-13,2023-03-17,Involuntary,Voluntarily Terminated,Production,False,0.0,278.62,True,278.62,after_exit,False,1.58,55.72,2023-06
1858,2022-12-16,Technical Skills,External,Failed,5,568.57,2019-05-07,2019-11-27,Resignation,Active,Production,False,0.0,568.57,True,568.57,after_exit,False,3.61,113.71,2022-12
1859,2022-10-07,Technical Skills,Internal,Completed,4,764.64,2020-12-31,2021-03-04,Voluntary,Active,Production,True,764.64,0.0,True,764.64,after_exit,False,1.77,191.16,2022-10
1860,2022-08-20,Project Management,External,Passed,3,551.45,2019-12-10,2020-03-07,Involuntary,Voluntarily Terminated,Production,True,551.45,0.0,True,551.45,after_exit,False,2.69,183.82,2022-08
1861,2023-06-18,Customer Service,Internal,Completed,2,849.52,2020-06-11,,Unk,Active,Production,True,849.52,0.0,False,0.0,valid,True,3.02,424.76,2023-06
1862,2022-12-21,Communication Skills,Internal,Incomplete,1,180.61,2021-08-30,,Unk,Active,Production,False,0.0,180.61,False,0.0,valid,True,1.31,180.61,2022-12
1863,2023-06-21,Communication Skills,Internal,Passed,3,559.52,2019-11-04,2021-12-29,Involuntary,Active,Production,True,559.52,0.0,True,559.52,after_exit,False,3.63,186.51,2023-06
1864,2022-08-06,Project Management,Internal,Completed,4,850.57,2023-06-03,2023-07-18,Resignation,Active,Production,True,850.57,0.0,True,850.57,before_hire,False,-0.82,212.64,2022-08
1865,2022-11-13,Project Management,Internal,Completed,3,802.75,2021-02-14,,Unk,Active,Production,True,802.75,0.0,False,0.0,valid,True,1.74,267.58,2022-11
1866,2023-04-22,Customer Service,External,Completed,3,587.63,2023-02-28,,Unk,Active,Production,True,587.63,0.0,False,0.0,valid,True,0.15,195.88,2023-04
1867,2023-05-04,Project Management,External,Passed,3,114.45,2021-01-09,2021-08-17,Involuntary,Active,Production,True,114.45,0.0,True,114.45,after_exit,False,2.31,38.15,2023-05
1868,2023-03-27,Leadership Development,Internal,Completed,4,599.79,2022-03-22,2023-05-15,Resignation,Active,Production,True,599.79,0.0,True,599.79,valid,True,1.01,149.95,2023-03
1869,2022-12-23,Customer Service,Internal,Failed,3,280.46,2019-11-11,,Unk,Active,Production,False,0.0,280.46,False,0.0,valid,True,3.12,93.49,2022-12
1870,2022-12-25,Communication Skills,External,Incomplete,3,969.98,2022-10-04,,Unk,Active,Production,False,0.0,969.98,False,0.0,valid,True,0.22,323.33,2022-12
1871,2023-07-03,Customer Service,Internal,Failed,4,643.07,2021-08-23,,Unk,Active,Production,False,0.0,643.07,False,0.0,valid,True,1.86,160.77,2023-07
1872,2023-07-04,Leadership Development,Internal,Incomplete,4,299.55,2022-12-05,2023-06-18,Retirement,Active,Production,False,0.0,299.55,True,299.55,after_exit,False,0.58,74.89,2023-07
1873,2023-03-02,Technical Skills,External,Incomplete,3,373.67,2019-07-20,2019-08-28,Involuntary,Active,Production,False,0.0,373.67,True,373.67,after_exit,False,3.62,124.56,2023-03
1874,2022-12-25,Leadership Development,Internal,Passed,1,902.01,2021-11-05,,Unk,Active,Production,True,902.01,0.0,False,0.0,valid,True,1.14,902.01,2022-12
1875,2023-03-19,Project Management,Internal,Failed,1,105.61,2021-01-04,2023-03-04,Involuntary,Voluntarily Terminated,Production,False,0.0,105.61,True,105.61,after_exit,False,2.2,105.61,2023-03
1876,2023-03-14,Leadership Development,Internal,Completed,5,445.28,2022-10-14,2023-03-02,Resignation,Leave of Absence,Production,True,445.28,0.0,True,445.28,after_exit,False,0.41,89.06,2023-03
1877,2023-05-01,Technical Skills,External,Passed,1,845.17,2021-10-30,,Unk,Active,Production,True,845.17,0.0,False,0.0,valid,True,1.5,845.17,2023-05
1878,2023-05-25,Technical Skills,External,Passed,5,932.44,2022-10-02,2023-06-28,Voluntary,Active,Production,True,932.44,0.0,True,932.44,valid,True,0.64,186.49,2023-05
1879,2023-04-29,Leadership Development,Internal,Passed,2,227.51,2018-11-25,2020-06-14,Involuntary,Voluntarily Terminated,Production,True,227.51,0.0,True,227.51,after_exit,False,4.42,113.76,2023-04
1880,2022-08-10,Customer Service,Internal,Incomplete,5,785.05,2021-07-09,2023-01-28,Voluntary,Voluntarily Terminated,Production,False,0.0,785.05,True,785.05,valid,True,1.09,157.01,2022-08
1881,2023-06-30,Communication Skills,External,Passed,4,584.92,2019-05-01,,Unk,Active,Production,True,584.92,0.0,False,0.0,valid,True,4.16,146.23,2023-06
1882,2023-04-11,Leadership Development,Internal,Incomplete,5,206.16,2021-11-09,2023-01-13,Retirement,Active,Production,False,0.0,206.16,True,206.16,after_exit,False,1.42,41.23,2023-04
1883,2023-05-19,Customer Service,Internal,Failed,1,483.43,2018-08-27,2019-03-23,Voluntary,Active,Production,False,0.0,483.43,True,483.43,after_exit,False,4.73,483.43,2023-05
1884,2022-09-09,Project Management,External,Incomplete,2,889.87,2019-03-16,,Unk,Active,Production,False,0.0,889.87,False,0.0,valid,True,3.49,444.94,2022-09
1885,2023-02-15,Customer Service,Internal,Incomplete,3,503.04,2022-01-07,,Unk,Active,Production,False,0.0,503.04,False,0.0,valid,True,1.11,167.68,2023-02
1886,2023-06-10,Customer Service,External,Completed,1,349.8,2022-10-04,2023-03-05,Involuntary,Active,Production,True,349.8,0.0,True,349.8,after_exit,False,0.68,349.8,2023-06
1887,2022-12-23,Customer Service,External,Passed,4,547.76,2022-03-23,,Unk,Active,Production,True,547.76,0.0,False,0.0,valid,True,0.75,136.94,2022-12
1888,2022-12-23,Technical Skills,External,Completed,2,961.68,2020-05-05,2023-07-25,Voluntary,Active,Production,True,961.68,0.0,True,961.68,valid,True,2.63,480.84,2022-12
1889,2023-02-09,Leadership Development,Internal,Incomplete,1,993.76,2020-11-23,,Unk,Active,Production,False,0.0,993.76,False,0.0,valid,True,2.21,993.76,2023-02
1890,2022-10-25,Communication Skills,Internal,Failed,2,998.32,2022-03-28,,Unk,Active,Production,False,0.0,998.32,False,0.0,valid,True,0.58,499.16,2022-10
1891,2023-07-13,Leadership Development,External,Incomplete,1,961.55,2020-03-25,,Unk,Active,Production,False,0.0,961.55,False,0.0,valid,True,3.3,961.55,2023-07
1892,2023-02-09,Technical Skills,External,Incomplete,3,192.73,2018-08-07,,Unk,Active,Production,False,0.0,192.73,False,0.0,valid,True,4.51,64.24,2023-02
1893,2022-09-28,Leadership Development,Internal,Completed,1,604.53,2020-02-11,,Unk,Active,Production,True,604.53,0.0,False,0.0,valid,True,2.63,604.53,2022-09
1894,2023-05-29,Technical Skills,External,Failed,2,144.39,2023-01-01,,Unk,Active,Production,False,0.0,144.39,False,0.0,valid,True,0.41,72.19,2023-05
1895,2022-09-12,Technical Skills,External,Completed,5,517.92,2022-12-07,,Unk,Active,Production,True,517.92,0.0,False,0.0,before_hire,False,-0.24,103.58,2022-09
1896,2023-02-22,Customer Service,External,Completed,4,537.71,2023-03-13,,Unk,Active,Production,True,537.71,0.0,False,0.0,before_hire,False,-0.05,134.43,2023-02
1897,2023-03-16,Communication Skills,External,Completed,2,491.71,2021-11-14,,Unk,Active,Production,True,491.71,0.0,False,0.0,valid,True,1.33,245.86,2023-03
1898,2023-07-10,Project Management,Internal,Completed,3,673.38,2019-06-05,2020-10-20,Voluntary,Active,Production,True,673.38,0.0,True,673.38,after_exit,False,4.1,224.46,2023-07
1899,2023-01-29,Leadership Development,Internal,Incomplete,2,724.87,2020-12-12,2023-05-28,Retirement,Active,Production,False,0.0,724.87,True,724.87,valid,True,2.13,362.44,2023-01
1900,2023-04-27,Communication Skills,Internal,Passed,4,140.83,2020-04-06,,Unk,Active,Production,True,140.83,0.0,False,0.0,valid,True,3.06,35.21,2023-04
1901,2022-09-22,Project Management,External,Passed,1,113.47,2023-01-30,,Unk,Active,Production,True,113.47,0.0,False,0.0,before_hire,False,-0.36,113.47,2022-09
1902,2023-02-24,Customer Service,External,Incomplete,1,604.93,2020-09-08,2022-09-19,Retirement,Active,Production,False,0.0,604.93,True,604.93,after_exit,False,2.46,604.93,2023-02
1903,2023-05-27,Project Management,External,Completed,4,699.97,2020-12-14,2021-12-07,Resignation,Active,Production,True,699.97,0.0,True,699.97,after_exit,False,2.45,174.99,2023-05
1904,2022-10-20,Leadership Development,Internal,Failed,1,576.1,2022-11-07,,Unk,Active,Production,False,0.0,576.1,False,0.0,before_hire,False,-0.05,576.1,2022-10
1905,2022-11-24,Leadership Development,Internal,Passed,2,958.46,2022-04-06,,Unk,Active,Production,True,958.46,0.0,False,0.0,valid,True,0.64,479.23,2022-11
1906,2023-03-05,Project Management,External,Passed,5,228.41,2021-02-22,,Unk,Active,Production,True,228.41,0.0,False,0.0,valid,True,2.03,45.68,2023-03
1907,2022-11-10,Technical Skills,Internal,Completed,2,203.44,2022-05-16,,Unk,Active,Production,True,203.44,0.0,False,0.0,valid,True,0.49,101.72,2022-11
1908,2023-07-21,Project Management,External,Incomplete,2,359.08,2020-01-18,,Unk,Active,Production,False,0.0,359.08,False,0.0,valid,True,3.5,179.54,2023-07
1909,2023-03-15,Technical Skills,Internal,Passed,3,653.23,2021-10-21,,Unk,Active,Production,True,653.23,0.0,False,0.0,valid,True,1.4,217.74,2023-03
1910,2022-10-12,Customer Service,Internal,Passed,5,614.4,2019-01-05,,Unk,Active,Production,True,614.4,0.0,False,0.0,valid,True,3.77,122.88,2022-10
1911,2022-11-12,Communication Skills,External,Passed,5,333.08,2021-01-24,2022-01-27,Resignation,Voluntarily Terminated,Production,True,333.08,0.0,True,333.08,after_exit,False,1.8,66.62,2022-11
1912,2023-03-26,Leadership Development,External,Completed,1,718.38,2020-03-06,2021-03-06,Retirement,Active,Production,True,718.38,0.0,True,718.38,after_exit,False,3.05,718.38,2023-03
1913,2023-02-02,Project Management,External,Failed,3,195.29,2022-11-19,2023-02-15,Involuntary,Voluntarily Terminated,Production,False,0.0,195.29,True,195.29,valid,True,0.21,65.1,2023-02
1914,2023-01-11,Leadership Development,External,Passed,2,113.43,2019-03-15,2019-10-02,Resignation,Voluntarily Terminated,Production,True,113.43,0.0,True,113.43,after_exit,False,3.83,56.72,2023-01
1915,2022-11-11,Customer Service,External,Incomplete,4,651.23,2023-05-11,2023-07-05,Voluntary,Leave of Absence,Production,False,0.0,651.23,True,651.23,before_hire,False,-0.5,162.81,2022-11
1916,2022-09-28,Technical Skills,Internal,Incomplete,1,331.66,2022-02-05,2023-02-07,Involuntary,Leave of Absence,Production,False,0.0,331.66,True,331.66,valid,True,0.64,331.66,2022-09
1917,2023-01-24,Customer Service,Internal,Incomplete,3,419.83,2019-05-29,,Unk,Active,Production,False,0.0,419.83,False,0.0,valid,True,3.66,139.94,2023-01
1918,2023-08-03,Communication Skills,Internal,Incomplete,2,226.7,2023-01-09,2023-03-14,Involuntary,Active,Production,False,0.0,226.7,True,226.7,after_exit,False,0.56,113.35,2023-08
1919,2023-06-18,Leadership Development,External,Failed,1,583.76,2022-05-01,2022-11-21,Involuntary,Voluntarily Terminated,Production,False,0.0,583.76,True,583.76,after_exit,False,1.13,583.76,2023-06
1920,2023-04-04,Customer Service,Internal,Failed,3,646.65,2021-01-26,2021-08-06,Retirement,Voluntarily Terminated,Production,False,0.0,646.65,True,646.65,after_exit,False,2.18,215.55,2023-04
1921,2023-05-28,Technical Skills,External,Incomplete,2,813.17,2021-09-06,2023-07-02,Voluntary,Active,Production,False,0.0,813.17,True,813.17,valid,True,1.72,406.58,2023-05
1922,2022-11-14,Technical Skills,External,Passed,3,636.38,2020-07-29,,Unk,Active,Production,True,636.38,0.0,False,0.0,valid,True,2.29,212.13,2022-11
1923,2022-11-17,Project Management,External,Failed,3,868.74,2023-03-31,2023-04-30,Involuntary,Active,Production,False,0.0,868.74,True,868.74,before_hire,False,-0.37,289.58,2022-11
1924,2023-07-14,Customer Service,External,Failed,4,250.41,2023-05-16,2023-05-29,Voluntary,Active,Production,False,0.0,250.41,True,250.41,after_exit,False,0.16,62.6,2023-07
1925,2023-05-12,Communication Skills,Internal,Completed,3,882.06,2023-04-29,2023-07-07,Voluntary,Active,Production,True,882.06,0.0,True,882.06,valid,True,0.04,294.02,2023-05
1926,2023-06-30,Leadership Development,Internal,Passed,1,350.88,2019-11-27,,Unk,Active,Production,True,350.88,0.0,False,0.0,valid,True,3.59,350.88,2023-06
1927,2023-02-23,Leadership Development,External,Completed,5,571.81,2022-11-03,2023-04-02,Involuntary,Active,Production,True,571.81,0.0,True,571.81,valid,True,0.31,114.36,2023-02
1928,2023-02-23,Communication Skills,Internal,Failed,3,900.89,2022-08-08,,Unk,Active,Production,False,0.0,900.89,False,0.0,valid,True,0.54,300.3,2023-02
1929,2023-08-04,Customer Service,Internal,Failed,3,312.56,2023-07-27,,Unk,Active,Production,False,0.0,312.56,False,0.0,valid,True,0.02,104.19,2023-08
1930,2023-06-30,Project Management,External,Incomplete,5,533.56,2023-07-15,,Unk,Active,Production,False,0.0,533.56,False,0.0,before_hire,False,-0.04,106.71,2023-06
1931,2023-05-14,Leadership Development,Internal,Failed,5,381.36,2022-11-09,,Unk,Active,Production,False,0.0,381.36,False,0.0,valid,True,0.51,76.27,2023-05
1932,2023-03-19,Customer Service,Internal,Failed,2,754.08,2019-12-24,2022-06-12,Voluntary,Active,Sales,False,0.0,754.08,True,754.08,after_exit,False,3.23,377.04,2023-03
1933,2022-10-17,Customer Service,Internal,Incomplete,5,837.19,2019-03-08,,Unk,Active,Sales,False,0.0,837.19,False,0.0,valid,True,3.61,167.44,2022-10
1934,2023-05-08,Leadership Development,External,Incomplete,2,993.7,2019-06-25,2020-10-04,Voluntary,Voluntarily Terminated,Sales,False,0.0,993.7,True,993.7,after_exit,False,3.87,496.85,2023-05
1935,2022-09-16,Customer Service,Internal,Completed,2,505.4,2019-01-03,,Unk,Active,Sales,True,505.4,0.0,False,0.0,valid,True,3.7,252.7,2022-09
1936,2022-08-21,Leadership Development,External,Failed,5,567.55,2023-02-02,,Unk,Active,Sales,False,0.0,567.55,False,0.0,before_hire,False,-0.45,113.51,2022-08
1937,2023-05-08,Leadership Development,External,Completed,4,774.74,2022-03-30,2023-01-30,Involuntary,Voluntarily Terminated,Sales,True,774.74,0.0,True,774.74,after_exit,False,1.11,193.68,2023-05
1938,2022-08-24,Communication Skills,External,Passed,5,316.61,2020-03-23,,Unk,Active,Sales,True,316.61,0.0,False,0.0,valid,True,2.42,63.32,2022-08
1939,2022-10-27,Communication Skills,External,Completed,3,531.73,2019-06-06,,Unk,Active,Sales,True,531.73,0.0,False,0.0,valid,True,3.39,177.24,2022-10
1940,2023-01-16,Communication Skills,External,Failed,2,342.26,2023-05-28,,Unk,Active,Sales,False,0.0,342.26,False,0.0,before_hire,False,-0.36,171.13,2023-01
1941,2023-02-04,Leadership Development,External,Failed,3,158.79,2021-02-03,,Unk,Active,Sales,False,0.0,158.79,False,0.0,valid,True,2.0,52.93,2023-02
1942,2023-04-15,Customer Service,Internal,Completed,3,250.51,2019-07-30,2022-11-09,Retirement,Voluntarily Terminated,Sales,True,250.51,0.0,True,250.51,after_exit,False,3.71,83.5,2023-04
1943,2023-05-13,Technical Skills,Internal,Passed,3,453.4,2022-05-08,2022-11-17,Retirement,Voluntarily Terminated,Sales,True,453.4,0.0,True,453.4,after_exit,False,1.01,151.13,2023-05
1944,2022-10-26,Technical Skills,External,Completed,5,742.31,2020-05-12,,Unk,Active,Sales,True,742.31,0.0,False,0.0,valid,True,2.46,148.46,2022-10
1945,2023-01-12,Customer Service,External,Passed,5,341.94,2019-03-28,2022-12-10,Resignation,Voluntarily Terminated,Sales,True,341.94,0.0,True,341.94,after_exit,False,3.79,68.39,2023-01
1946,2022-08-30,Customer Service,Internal,Completed,1,967.18,2019-07-22,,Unk,Active,Sales,True,967.18,0.0,False,0.0,valid,True,3.11,967.18,2022-08
1947,2022-11-14,Communication Skills,External,Failed,3,147.4,2020-09-17,,Unk,Active,Sales,False,0.0,147.4,False,0.0,valid,True,2.16,49.13,2022-11
1948,2023-05-23,Project Management,External,Failed,4,884.26,2022-07-02,2022-08-09,Retirement,Voluntarily Terminated,Sales,False,0.0,884.26,True,884.26,after_exit,False,0.89,221.06,2023-05
1949,2023-04-28,Customer Service,Internal,Incomplete,5,592.96,2019-11-30,,Unk,Active,Sales,False,0.0,592.96,False,0.0,valid,True,3.41,118.59,2023-04
1950,2023-02-21,Project Management,External,Passed,2,801.28,2023-07-21,2023-07-21,Involuntary,Voluntarily Terminated,Production,True,801.28,0.0,True,801.28,before_hire,False,-0.41,400.64,2023-02
1951,2023-04-29,Leadership Development,Internal,Incomplete,2,717.95,2020-08-26,2021-05-30,Voluntary,Voluntarily Terminated,Sales,False,0.0,717.95,True,717.95,after_exit,False,2.67,358.98,2023-04
1952,2023-03-05,Leadership Development,Internal,Passed,1,846.22,2020-05-16,,Unk,Active,Sales,True,846.22,0.0,False,0.0,valid,True,2.8,846.22,2023-03
1953,2022-08-13,Leadership Development,External,Passed,4,275.62,2023-04-06,2023-05-24,Retirement,Active,Production,True,275.62,0.0,True,275.62,before_hire,False,-0.65,68.9,2022-08
1954,2022-08-14,Customer Service,External,Passed,5,837.05,2019-02-18,2022-10-31,Voluntary,Voluntarily Terminated,Production,True,837.05,0.0,True,837.05,valid,True,3.49,167.41,2022-08
1955,2023-07-22,Leadership Development,Internal,Incomplete,3,202.35,2020-10-10,,Unk,Active,Production,False,0.0,202.35,False,0.0,valid,True,2.78,67.45,2023-07
1956,2023-06-05,Communication Skills,External,Passed,4,590.97,2021-05-15,,Unk,Active,Production,True,590.97,0.0,False,0.0,valid,True,2.06,147.74,2023-06
1957,2023-04-14,Customer Service,External,Failed,5,744.55,2019-05-13,2022-05-30,Retirement,Voluntarily Terminated,Production,False,0.0,744.55,True,744.55,after_exit,False,3.92,148.91,2023-04
1958,2023-05-23,Communication Skills,Internal,Incomplete,2,141.91,2019-07-04,,Unk,Active,Production,False,0.0,141.91,False,0.0,valid,True,3.89,70.96,2023-05
1959,2022-09-13,Project Management,External,Completed,2,883.34,2022-04-01,2022-04-28,Voluntary,Active,Production,True,883.34,0.0,True,883.34,after_exit,False,0.45,441.67,2022-09
1960,2023-04-28,Leadership Development,Internal,Passed,4,176.82,2018-11-03,,Unk,Active,Production,True,176.82,0.0,False,0.0,valid,True,4.48,44.2,2023-04
1961,2023-04-25,Customer Service,External,Failed,1,767.22,2018-10-11,2022-05-04,Voluntary,Voluntarily Terminated,Production,False,0.0,767.22,True,767.22,after_exit,False,4.54,767.22,2023-04
1962,2022-10-02,Leadership Development,External,Completed,5,555.6,2023-06-25,2023-07-25,Involuntary,Active,Production,True,555.6,0.0,True,555.6,before_hire,False,-0.73,111.12,2022-10
1963,2023-06-13,Technical Skills,Internal,Incomplete,2,316.03,2020-09-14,2021-08-31,Resignation,Voluntarily Terminated,Production,False,0.0,316.03,True,316.03,after_exit,False,2.74,158.01,2023-06
1964,2023-05-22,Customer Service,Internal,Failed,1,540.96,2022-12-20,2023-03-11,Voluntary,Terminated for Cause,Production,False,0.0,540.96,True,540.96,after_exit,False,0.42,540.96,2023-05
1965,2022-10-16,Leadership Development,External,Failed,3,444.23,2022-02-23,,Unk,Active,Production,False,0.0,444.23,False,0.0,valid,True,0.64,148.08,2022-10
1966,2023-05-19,Communication Skills,Internal,Failed,5,497.54,2019-05-31,,Unk,Active,Production,False,0.0,497.54,False,0.0,valid,True,3.97,99.51,2023-05
1967,2023-07-23,Customer Service,Internal,Incomplete,4,300.95,2019-01-29,,Unk,Active,Production,False,0.0,300.95,False,0.0,valid,True,4.48,75.24,2023-07
1968,2022-11-25,Customer Service,Internal,Incomplete,2,283.06,2019-09-01,,Unk,Active,Production,False,0.0,283.06,False,0.0,valid,True,3.23,141.53,2022-11
1969,2022-08-29,Communication Skills,Internal,Incomplete,4,967.94,2021-01-17,2021-06-08,Retirement,Leave of Absence,Production,False,0.0,967.94,True,967.94,after_exit,False,1.61,241.98,2022-08
1970,2023-03-27,Leadership Development,External,Failed,1,398.23,2022-04-21,2022-04-21,Retirement,Active,Production,False,0.0,398.23,True,398.23,after_exit,False,0.93,398.23,2023-03
1971,2022-12-20,Leadership Development,External,Incomplete,1,331.8,2018-09-15,2023-07-14,Voluntary,Voluntarily Terminated,Production,False,0.0,331.8,True,331.8,valid,True,4.26,331.8,2022-12
1972,2023-04-26,Leadership Development,External,Incomplete,4,349.48,2021-12-04,2022-01-07,Involuntary,Active,Production,False,0.0,349.48,True,349.48,after_exit,False,1.39,87.37,2023-04
1973,2023-04-01,Communication Skills,External,Failed,1,596.48,2019-11-14,,Unk,Active,Production,False,0.0,596.48,False,0.0,valid,True,3.38,596.48,2023-04
1974,2022-10-08,Project Management,Internal,Incomplete,2,677.45,2021-04-14,,Unk,Active,Production,False,0.0,677.45,False,0.0,valid,True,1.48,338.72,2022-10
1975,2023-03-12,Customer Service,Internal,Failed,5,664.61,2019-04-14,,Unk,Active,Production,False,0.0,664.61,False,0.0,valid,True,3.91,132.92,2023-03
1976,2022-11-16,Communication Skills,External,Completed,5,405.13,2021-01-09,,Unk,Active,Production,True,405.13,0.0,False,0.0,valid,True,1.85,81.03,2022-11
1977,2023-05-26,Leadership Development,Internal,Incomplete,5,781.27,2022-12-26,2023-07-04,Voluntary,Voluntarily Terminated,Production,False,0.0,781.27,True,781.27,valid,True,0.41,156.25,2023-05
1978,2023-01-18,Leadership Development,Internal,Failed,5,983.61,2021-10-05,2023-07-02,Voluntary,Voluntarily Terminated,Production,False,0.0,983.61,True,983.61,valid,True,1.29,196.72,2023-01
1979,2023-05-19,Communication Skills,Internal,Failed,1,656.46,2022-09-25,2023-03-27,Voluntary,Active,Production,False,0.0,656.46,True,656.46,after_exit,False,0.65,656.46,2023-05
1980,2023-03-25,Project Management,External,Failed,1,446.07,2021-11-10,,Unk,Active,Production,False,0.0,446.07,False,0.0,valid,True,1.37,446.07,2023-03
1981,2022-08-10,Leadership Development,Internal,Passed,1,676.42,2021-04-08,2023-07-16,Involuntary,Active,Production,True,676.42,0.0,True,676.42,valid,True,1.34,676.42,2022-08
1982,2023-01-29,Leadership Development,Internal,Passed,5,861.83,2018-11-14,,Unk,Active,Production,True,861.83,0.0,False,0.0,valid,True,4.21,172.37,2023-01
1983,2022-12-28,Customer Service,Internal,Failed,5,769.23,2020-03-14,2022-10-22,Resignation,Active,Production,False,0.0,769.23,True,769.23,after_exit,False,2.79,153.85,2022-12
1984,2022-08-18,Leadership Development,Internal,Failed,4,983.02,2020-06-24,,Unk,Active,Production,False,0.0,983.02,False,0.0,valid,True,2.15,245.76,2022-08
1985,2022-09-28,Communication Skills,Internal,Incomplete,3,474.95,2023-03-19,2023-04-04,Resignation,Active,Production,False,0.0,474.95,True,474.95,before_hire,False,-0.47,158.32,2022-09
1986,2023-02-21,Communication Skills,Internal,Failed,3,800.81,2022-08-15,,Unk,Active,Production,False,0.0,800.81,False,0.0,valid,True,0.52,266.94,2023-02
1987,2023-06-27,Communication Skills,Internal,Failed,2,844.93,2018-11-09,,Unk,Active,Production,False,0.0,844.93,False,0.0,valid,True,4.63,422.46,2023-06
1988,2023-05-18,Project Management,External,Completed,4,903.8,2018-11-23,2019-08-19,Retirement,Active,Production,True,903.8,0.0,True,903.8,after_exit,False,4.48,225.95,2023-05
1989,2022-12-04,Leadership Development,External,Incomplete,4,329.3,2020-02-25,,Unk,Active,Production,False,0.0,329.3,False,0.0,valid,True,2.77,82.32,2022-12
1990,2022-09-18,Leadership Development,Internal,Incomplete,1,332.51,2020-05-16,2022-05-18,Resignation,Active,Production,False,0.0,332.51,True,332.51,after_exit,False,2.34,332.51,2022-09
1991,2023-01-24,Technical Skills,External,Failed,2,643.63,2019-06-18,2023-07-05,Involuntary,Active,Production,False,0.0,643.63,True,643.63,valid,True,3.6,321.82,2023-01
1992,2022-09-11,Communication Skills,Internal,Failed,2,827.05,2019-05-20,2021-03-30,Involuntary,Active,Production,False,0.0,827.05,True,827.05,after_exit,False,3.31,413.52,2022-09
1993,2023-05-02,Customer Service,External,Failed,3,995.42,2020-10-16,2021-02-12,Voluntary,Active,Production,False,0.0,995.42,True,995.42,after_exit,False,2.54,331.81,2023-05
1994,2023-04-20,Technical Skills,External,Passed,4,360.61,2022-07-01,2022-11-03,Voluntary,Active,Production,True,360.61,0.0,True,360.61,after_exit,False,0.8,90.15,2023-04
1995,2022-08-23,Communication Skills,External,Passed,3,658.54,2022-12-17,,Unk,Active,Production,True,658.54,0.0,False,0.0,before_hire,False,-0.32,219.51,2022-08
1996,2022-12-16,Communication Skills,Internal,Failed,5,250.11,2021-10-24,2021-11-21,Resignation,Active,Production,False,0.0,250.11,True,250.11,after_exit,False,1.14,50.02,2022-12
1997,2023-04-29,Project Management,Internal,Failed,4,819.65,2019-02-28,2019-10-11,Retirement,Active,Production,False,0.0,819.65,True,819.65,after_exit,False,4.16,204.91,2023-04
1998,2022-12-01,Technical Skills,Internal,Completed,2,186.77,2022-03-24,,Unk,Active,Production,True,186.77,0.0,False,0.0,valid,True,0.69,93.38,2022-12
1999,2023-05-08,Technical Skills,External,Passed,4,633.67,2021-10-17,2022-11-12,Involuntary,Active,Production,True,633.67,0.0,True,633.67,after_exit,False,1.56,158.42,2023-05
2000,2023-03-20,Technical Skills,Internal,Incomplete,3,236.34,2022-05-13,2022-09-12,Involuntary,Active,Production,False,0.0,236.34,True,236.34,after_exit,False,0.85,78.78,2023-03
2001,2023-05-04,Leadership Development,Internal,Incomplete,4,504.62,2019-10-09,2023-01-06,Resignation,Voluntarily Terminated,Production,False,0.0,504.62,True,504.62,after_exit,False,3.57,126.16,2023-05
2002,2022-10-26,Project Management,External,Incomplete,1,217.86,2018-10-12,2023-07-21,Involuntary,Voluntarily Terminated,Production,False,0.0,217.86,True,217.86,valid,True,4.04,217.86,2022-10
2003,2022-12-12,Technical Skills,External,Completed,4,148.97,2020-04-13,2022-11-28,Voluntary,Voluntarily Terminated,Production,True,148.97,0.0,True,148.97,after_exit,False,2.66,37.24,2022-12
2004,2023-02-27,Leadership Development,Internal,Completed,1,628.83,2021-04-25,,Unk,Active,Production,True,628.83,0.0,False,0.0,valid,True,1.84,628.83,2023-02
2005,2023-04-22,Leadership Development,Internal,Completed,2,458.78,2018-12-21,2022-11-16,Retirement,Active,Production,True,458.78,0.0,True,458.78,after_exit,False,4.33,229.39,2023-04
2006,2022-12-22,Communication Skills,External,Completed,2,892.65,2021-09-19,,Unk,Active,Production,True,892.65,0.0,False,0.0,valid,True,1.26,446.32,2022-12
2007,2023-02-28,Communication Skills,External,Passed,1,211.17,2020-12-15,,Unk,Active,Production,True,211.17,0.0,False,0.0,valid,True,2.2,211.17,2023-02
2008,2022-10-24,Project Management,External,Passed,2,478.95,2019-07-15,2020-01-13,Voluntary,Active,Production,True,478.95,0.0,True,478.95,after_exit,False,3.28,239.48,2022-10
2009,2023-01-20,Customer Service,Internal,Incomplete,1,319.94,2021-11-17,,Unk,Active,Production,False,0.0,319.94,False,0.0,valid,True,1.17,319.94,2023-01
2010,2022-08-22,Communication Skills,Internal,Passed,2,601.66,2023-02-04,2023-06-24,Resignation,Active,Production,True,601.66,0.0,True,601.66,before_hire,False,-0.45,300.83,2022-08
2011,2023-04-30,Leadership Development,Internal,Completed,1,999.96,2022-07-03,2022-07-12,Retirement,Active,Production,True,999.96,0.0,True,999.96,after_exit,False,0.82,999.96,2023-04
2012,2022-09-18,Communication Skills,External,Incomplete,2,138.67,2020-01-24,2022-09-14,Voluntary,Active,Production,False,0.0,138.67,True,138.67,after_exit,False,2.65,69.33,2022-09
2013,2023-02-21,Leadership Development,External,Failed,2,962.76,2019-07-07,2021-03-27,Voluntary,Active,Production,False,0.0,962.76,True,962.76,after_exit,False,3.63,481.38,2023-02
2014,2023-03-02,Technical Skills,External,Incomplete,4,106.88,2022-03-13,,Unk,Active,Production,False,0.0,106.88,False,0.0,valid,True,0.97,26.72,2023-03
2015,2022-09-30,Leadership Development,Internal,Passed,1,561.89,2023-06-02,,Unk,Active,Production,True,561.89,0.0,False,0.0,before_hire,False,-0.67,561.89,2022-09
2016,2022-09-13,Technical Skills,Internal,Incomplete,5,775.52,2021-04-08,,Unk,Active,Production,False,0.0,775.52,False,0.0,valid,True,1.43,155.1,2022-09
2017,2022-12-03,Communication Skills,External,Incomplete,4,397.01,2019-12-02,,Unk,Active,Production,False,0.0,397.01,False,0.0,valid,True,3.0,99.25,2022-12
2018,2022-08-21,Customer Service,External,Incomplete,5,739.74,2022-03-09,2023-05-18,Retirement,Active,Production,False,0.0,739.74,True,739.74,valid,True,0.45,147.95,2022-08
2019,2022-10-06,Technical Skills,External,Completed,2,789.2,2022-03-26,,Unk,Active,Production,True,789.2,0.0,False,0.0,valid,True,0.53,394.6,2022-10
2020,2022-08-18,Leadership Development,Internal,Failed,3,428.51,2021-05-08,2022-08-05,Involuntary,Active,Production,False,0.0,428.51,True,428.51,after_exit,False,1.28,142.84,2022-08
2021,2023-04-29,Project Management,External,Incomplete,4,646.72,2022-11-29,,Unk,Active,Production,False,0.0,646.72,False,0.0,valid,True,0.41,161.68,2023-04
2022,2022-10-09,Leadership Development,External,Incomplete,3,742.84,2019-05-24,,Unk,Active,Production,False,0.0,742.84,False,0.0,valid,True,3.38,247.61,2022-10
2023,2022-11-25,Communication Skills,External,Incomplete,2,894.92,2022-01-29,2022-04-23,Retirement,Active,Production,False,0.0,894.92,True,894.92,after_exit,False,0.82,447.46,2022-11
2024,2023-06-11,Communication Skills,External,Failed,1,222.56,2021-07-06,2022-03-14,Retirement,Active,Production,False,0.0,222.56,True,222.56,after_exit,False,1.93,222.56,2023-06
2025,2023-01-17,Technical Skills,Internal,Passed,2,699.76,2021-01-29,2023-02-12,Resignation,Active,Production,True,699.76,0.0,True,699.76,valid,True,1.97,349.88,2023-01
2026,2022-08-08,Project Management,External,Incomplete,3,124.93,2023-05-13,2023-06-10,Resignation,Active,Production,False,0.0,124.93,True,124.93,before_hire,False,-0.76,41.64,2022-08
2027,2022-08-08,Technical Skills,External,Incomplete,5,664.12,2019-05-22,,Unk,Active,Production,False,0.0,664.12,False,0.0,valid,True,3.21,132.82,2022-08
2028,2023-02-18,Project Management,External,Passed,2,862.82,2021-09-30,2021-11-14,Retirement,Voluntarily Terminated,Production,True,862.82,0.0,True,862.82,after_exit,False,1.39,431.41,2023-02
2029,2022-11-14,Project Management,External,Passed,1,813.01,2019-09-09,,Unk,Active,Production,True,813.01,0.0,False,0.0,valid,True,3.18,813.01,2022-11
2030,2023-07-28,Communication Skills,External,Incomplete,4,349.75,2019-04-26,2019-05-13,Resignation,Active,Production,False,0.0,349.75,True,349.75,after_exit,False,4.25,87.44,2023-07
2031,2023-07-25,Technical Skills,External,Failed,1,244.5,2022-02-19,2023-04-05,Involuntary,Active,Production,False,0.0,244.5,True,244.5,after_exit,False,1.43,244.5,2023-07
2032,2022-11-21,Customer Service,Internal,Completed,3,873.52,2022-04-16,2022-12-25,Retirement,Active,Production,True,873.52,0.0,True,873.52,valid,True,0.6,291.17,2022-11
2033,2023-03-11,Leadership Development,External,Passed,1,358.65,2022-05-12,,Unk,Active,Production,True,358.65,0.0,False,0.0,valid,True,0.83,358.65,2023-03
2034,2023-01-20,Technical Skills,Internal,Passed,1,632.33,2021-08-26,2023-08-03,Voluntary,Active,Production,True,632.33,0.0,True,632.33,valid,True,1.4,632.33,2023-01
2035,2023-02-17,Customer Service,External,Failed,2,565.81,2020-06-06,2021-11-23,Retirement,Active,Production,False,0.0,565.81,True,565.81,after_exit,False,2.7,282.9,2023-02
2036,2022-09-24,Communication Skills,Internal,Completed,3,849.04,2022-06-26,,Unk,Active,Production,True,849.04,0.0,False,0.0,valid,True,0.25,283.01,2022-09
2037,2023-07-16,Leadership Development,Internal,Failed,1,519.43,2021-01-09,2022-05-14,Involuntary,Active,Production,False,0.0,519.43,True,519.43,after_exit,False,2.51,519.43,2023-07
2038,2022-08-13,Technical Skills,Internal,Passed,2,694.03,2018-09-02,,Unk,Active,Production,True,694.03,0.0,False,0.0,valid,True,3.95,347.02,2022-08
2039,2023-05-24,Customer Service,External,Incomplete,1,738.69,2022-04-22,,Unk,Active,Production,False,0.0,738.69,False,0.0,valid,True,1.09,738.69,2023-05
2040,2023-04-22,Communication Skills,Internal,Passed,5,753.51,2021-12-05,2023-06-26,Involuntary,Future Start,Production,True,753.51,0.0,True,753.51,valid,True,1.38,150.7,2023-04
2041,2022-09-25,Technical Skills,External,Completed,5,970.6,2022-09-13,,Unk,Active,Production,True,970.6,0.0,False,0.0,valid,True,0.03,194.12,2022-09
2042,2023-02-14,Customer Service,External,Passed,1,651.4,2019-11-24,,Unk,Active,Production,True,651.4,0.0,False,0.0,valid,True,3.23,651.4,2023-02
2043,2022-10-08,Project Management,Internal,Passed,5,809.68,2020-03-19,,Unk,Active,Production,True,809.68,0.0,False,0.0,valid,True,2.55,161.94,2022-10
2044,2023-08-05,Customer Service,External,Passed,5,570.91,2022-09-14,,Unk,Active,Production,True,570.91,0.0,False,0.0,valid,True,0.89,114.18,2023-08
2045,2023-05-04,Customer Service,Internal,Incomplete,1,852.72,2021-09-21,,Unk,Active,Production,False,0.0,852.72,False,0.0,valid,True,1.62,852.72,2023-05
2046,2022-12-25,Technical Skills,Internal,Incomplete,1,787.98,2020-05-22,,Unk,Active,Production,False,0.0,787.98,False,0.0,valid,True,2.59,787.98,2022-12
2047,2022-08-15,Technical Skills,Internal,Failed,1,942.72,2022-12-13,,Unk,Active,Production,False,0.0,942.72,False,0.0,before_hire,False,-0.33,942.72,2022-08
2048,2022-11-02,Customer Service,External,Failed,2,626.4,2022-02-07,,Unk,Active,Production,False,0.0,626.4,False,0.0,valid,True,0.73,313.2,2022-11
2049,2023-03-28,Project Management,Internal,Failed,4,765.68,2020-10-06,,Unk,Active,Production,False,0.0,765.68,False,0.0,valid,True,2.47,191.42,2023-03
2050,2022-12-13,Communication Skills,Internal,Completed,3,904.54,2022-01-11,2022-12-16,Retirement,Active,Production,True,904.54,0.0,True,904.54,valid,True,0.92,301.51,2022-12
2051,2023-03-17,Project Management,Internal,Incomplete,2,761.28,2022-02-26,,Unk,Active,Production,False,0.0,761.28,False,0.0,valid,True,1.05,380.64,2023-03
2052,2022-11-06,Project Management,Internal,Completed,4,507.49,2020-06-10,2022-11-13,Involuntary,Active,Production,True,507.49,0.0,True,507.49,valid,True,2.41,126.87,2022-11
2053,2023-05-13,Leadership Development,Internal,Incomplete,5,862.9,2021-09-27,,Unk,Active,Production,False,0.0,862.9,False,0.0,valid,True,1.62,172.58,2023-05
2054,2023-06-06,Leadership Development,Internal,Incomplete,4,528.18,2018-10-25,2021-10-15,Voluntary,Active,Production,False,0.0,528.18,True,528.18,after_exit,False,4.61,132.04,2023-06
2055,2022-11-08,Technical Skills,External,Passed,2,805.7,2020-11-25,,Unk,Active,Production,True,805.7,0.0,False,0.0,valid,True,1.95,402.85,2022-11
2056,2023-02-02,Technical Skills,External,Failed,1,190.55,2020-04-17,2022-02-26,Voluntary,Active,Production,False,0.0,190.55,True,190.55,after_exit,False,2.8,190.55,2023-02
2057,2023-01-01,Customer Service,Internal,Failed,3,605.36,2021-04-15,,Unk,Active,Production,False,0.0,605.36,False,0.0,valid,True,1.71,201.79,2023-01
2058,2022-12-31,Customer Service,Internal,Passed,1,338.16,2022-04-17,2022-06-03,Resignation,Active,Production,True,338.16,0.0,True,338.16,after_exit,False,0.71,338.16,2022-12
2059,2023-05-06,Customer Service,External,Completed,3,969.03,2023-07-29,2023-08-06,Retirement,Voluntarily Terminated,Production,True,969.03,0.0,True,969.03,before_hire,False,-0.23,323.01,2023-05
2060,2023-07-23,Project Management,External,Failed,3,442.39,2023-01-26,,Unk,Active,Production,False,0.0,442.39,False,0.0,valid,True,0.49,147.46,2023-07
2061,2023-03-15,Technical Skills,External,Incomplete,1,952.69,2018-12-12,,Unk,Active,Production,False,0.0,952.69,False,0.0,valid,True,4.25,952.69,2023-03
2062,2023-05-20,Project Management,External,Passed,1,842.36,2018-10-25,,Unk,Active,Production,True,842.36,0.0,False,0.0,valid,True,4.57,842.36,2023-05
2063,2023-01-01,Technical Skills,External,Failed,5,333.78,2021-05-20,,Unk,Active,Production,False,0.0,333.78,False,0.0,valid,True,1.62,66.76,2023-01
2064,2022-09-10,Technical Skills,Internal,Passed,2,343.22,2020-08-28,2020-12-26,Resignation,Active,Production,True,343.22,0.0,True,343.22,after_exit,False,2.03,171.61,2022-09
2065,2023-05-15,Leadership Development,Internal,Failed,1,283.86,2020-05-10,,Unk,Active,Production,False,0.0,283.86,False,0.0,valid,True,3.01,283.86,2023-05
2066,2022-09-03,Customer Service,Internal,Passed,5,107.29,2023-08-04,2023-08-04,Voluntary,Active,Production,True,107.29,0.0,True,107.29,before_hire,False,-0.92,21.46,2022-09
2067,2023-05-10,Leadership Development,External,Failed,4,320.87,2022-04-22,,Unk,Active,Production,False,0.0,320.87,False,0.0,valid,True,1.05,80.22,2023-05
2068,2023-02-03,Leadership Development,Internal,Incomplete,3,670.68,2021-06-05,,Unk,Active,Production,False,0.0,670.68,False,0.0,valid,True,1.66,223.56,2023-02
2069,2023-05-10,Communication Skills,External,Incomplete,3,685.62,2022-06-29,,Unk,Active,Production,False,0.0,685.62,False,0.0,valid,True,0.86,228.54,2023-05
2070,2023-04-12,Technical Skills,Internal,Completed,5,842.88,2022-07-02,,Unk,Active,Production,True,842.88,0.0,False,0.0,valid,True,0.78,168.58,2023-04
2071,2023-02-09,Technical Skills,Internal,Incomplete,5,735.7,2023-01-04,,Unk,Active,Production,False,0.0,735.7,False,0.0,valid,True,0.1,147.14,2023-02
2072,2023-06-17,Customer Service,Internal,Passed,5,974.31,2023-07-08,,Unk,Active,Production,True,974.31,0.0,False,0.0,before_hire,False,-0.06,194.86,2023-06
2073,2023-08-03,Project Management,Internal,Incomplete,3,760.53,2023-03-03,2023-08-06,Involuntary,Active,Production,False,0.0,760.53,True,760.53,valid,True,0.42,253.51,2023-08
2074,2022-09-20,Project Management,Internal,Passed,5,640.97,2019-08-19,,Unk,Active,Production,True,640.97,0.0,False,0.0,valid,True,3.09,128.19,2022-09
2075,2022-10-27,Customer Service,External,Incomplete,5,807.49,2018-10-30,,Unk,Active,Production,False,0.0,807.49,False,0.0,valid,True,3.99,161.5,2022-10
2076,2022-11-08,Communication Skills,Internal,Completed,3,350.22,2021-12-07,2023-01-02,Voluntary,Active,Production,True,350.22,0.0,True,350.22,valid,True,0.92,116.74,2022-11
2077,2023-04-07,Communication Skills,Internal,Completed,4,447.67,2020-11-18,2021-02-13,Resignation,Active,Production,True,447.67,0.0,True,447.67,after_exit,False,2.38,111.92,2023-04
2078,2022-08-07,Communication Skills,Internal,Incomplete,5,737.61,2018-09-26,2019-10-15,Voluntary,Voluntarily Terminated,Production,False,0.0,737.61,True,737.61,after_exit,False,3.86,147.52,2022-08
2079,2023-01-15,Leadership Development,External,Completed,4,444.96,2022-06-19,,Unk,Active,Production,True,444.96,0.0,False,0.0,valid,True,0.57,111.24,2023-01
2080,2023-06-09,Project Management,External,Failed,1,605.05,2022-09-15,2023-02-14,Involuntary,Active,Production,False,0.0,605.05,True,605.05,after_exit,False,0.73,605.05,2023-06
2081,2023-05-14,Customer Service,External,Failed,4,744.4,2020-05-09,,Unk,Active,Production,False,0.0,744.4,False,0.0,valid,True,3.01,186.1,2023-05
2082,2022-08-09,Customer Service,External,Incomplete,1,230.77,2021-02-17,,Unk,Active,Production,False,0.0,230.77,False,0.0,valid,True,1.47,230.77,2022-08
2083,2022-12-21,Project Management,External,Incomplete,5,569.44,2020-04-12,,Unk,Active,Production,False,0.0,569.44,False,0.0,valid,True,2.69,113.89,2022-12
2084,2023-02-02,Project Management,External,Passed,1,677.67,2021-03-30,,Unk,Active,Production,True,677.67,0.0,False,0.0,valid,True,1.85,677.67,2023-02
2085,2023-03-29,Project Management,External,Incomplete,1,963.42,2019-05-05,2022-01-11,Voluntary,Active,Production,False,0.0,963.42,True,963.42,after_exit,False,3.9,963.42,2023-03
2086,2023-04-03,Communication Skills,External,Completed,3,488.66,2021-05-31,2021-11-12,Retirement,Active,Production,True,488.66,0.0,True,488.66,after_exit,False,1.84,162.89,2023-04
2087,2023-04-02,Leadership Development,Internal,Completed,3,450.94,2019-11-21,2020-06-24,Involuntary,Active,Production,True,450.94,0.0,True,450.94,after_exit,False,3.36,150.31,2023-04
2088,2023-02-09,Communication Skills,External,Completed,3,407.99,2019-07-19,,Unk,Active,Production,True,407.99,0.0,False,0.0,valid,True,3.56,136.0,2023-02
2089,2023-01-04,Communication Skills,Internal,Completed,2,423.31,2018-12-29,2020-07-04,Voluntary,Active,Production,True,423.31,0.0,True,423.31,after_exit,False,4.02,211.66,2023-01
2090,2022-10-23,Leadership Development,Internal,Incomplete,1,189.64,2023-01-12,,Unk,Active,Production,False,0.0,189.64,False,0.0,before_hire,False,-0.22,189.64,2022-10
2091,2023-07-20,Leadership Development,Internal,Incomplete,3,102.77,2022-11-25,,Unk,Active,Production,False,0.0,102.77,False,0.0,valid,True,0.65,34.26,2023-07
2092,2023-03-13,Communication Skills,External,Completed,5,246.13,2019-11-13,,Unk,Active,Production,True,246.13,0.0,False,0.0,valid,True,3.33,49.23,2023-03
2093,2023-04-23,Leadership Development,External,Failed,5,628.62,2020-09-08,2022-08-24,Resignation,Active,Production,False,0.0,628.62,True,628.62,after_exit,False,2.62,125.72,2023-04
2094,2023-03-11,Leadership Development,Internal,Passed,4,739.32,2019-06-16,2021-09-07,Involuntary,Active,Production,True,739.32,0.0,True,739.32,after_exit,False,3.73,184.83,2023-03
2095,2022-11-14,Leadership Development,Internal,Passed,3,773.16,2023-07-14,2023-07-16,Retirement,Active,Production,True,773.16,0.0,True,773.16,before_hire,False,-0.66,257.72,2022-11
2096,2023-04-25,Communication Skills,External,Completed,3,838.65,2023-07-18,,Unk,Active,Production,True,838.65,0.0,False,0.0,before_hire,False,-0.23,279.55,2023-04
2097,2022-11-26,Technical Skills,External,Incomplete,3,426.55,2018-12-06,2019-04-09,Retirement,Active,Production,False,0.0,426.55,True,426.55,after_exit,False,3.97,142.18,2022-11
2098,2022-09-25,Project Management,External,Incomplete,2,254.35,2020-07-15,,Unk,Active,Production,False,0.0,254.35,False,0.0,valid,True,2.2,127.18,2022-09
2099,2023-02-28,Customer Service,External,Completed,2,829.08,2018-10-30,,Unk,Active,Production,True,829.08,0.0,False,0.0,valid,True,4.33,414.54,2023-02
2100,2023-04-29,Communication Skills,External,Incomplete,2,710.31,2022-09-13,,Unk,Active,Production,False,0.0,710.31,False,0.0,valid,True,0.62,355.16,2023-04
2101,2023-06-29,Leadership Development,External,Completed,1,751.81,2022-12-28,2023-05-13,Involuntary,Voluntarily Terminated,Production,True,751.81,0.0,True,751.81,after_exit,False,0.5,751.81,2023-06
2102,2023-05-04,Communication Skills,Internal,Passed,1,598.51,2023-03-24,,Unk,Active,Production,True,598.51,0.0,False,0.0,valid,True,0.11,598.51,2023-05
2103,2022-09-06,Technical Skills,Internal,Incomplete,3,958.29,2020-10-02,,Unk,Active,Production,False,0.0,958.29,False,0.0,valid,True,1.93,319.43,2022-09
2104,2022-10-14,Technical Skills,External,Completed,5,200.34,2020-09-14,,Unk,Active,Production,True,200.34,0.0,False,0.0,valid,True,2.08,40.07,2022-10
2105,2022-11-10,Technical Skills,External,Completed,3,365.03,2020-01-19,,Unk,Active,Production,True,365.03,0.0,False,0.0,valid,True,2.81,121.68,2022-11
2106,2023-07-15,Customer Service,Internal,Passed,4,782.43,2019-04-14,2023-01-20,Resignation,Active,Production,True,782.43,0.0,True,782.43,after_exit,False,4.25,195.61,2023-07
2107,2023-03-05,Communication Skills,External,Passed,1,668.91,2023-06-02,2023-07-24,Retirement,Active,Production,True,668.91,0.0,True,668.91,before_hire,False,-0.24,668.91,2023-03
2108,2022-09-05,Customer Service,Internal,Completed,5,804.37,2022-05-09,2023-01-03,Retirement,Voluntarily Terminated,Production,True,804.37,0.0,True,804.37,valid,True,0.33,160.87,2022-09
2109,2023-04-18,Project Management,External,Failed,3,869.94,2021-02-23,,Unk,Active,Production,False,0.0,869.94,False,0.0,valid,True,2.15,289.98,2023-04
2110,2022-12-30,Communication Skills,Internal,Passed,4,399.55,2021-06-04,,Unk,Active,Production,True,399.55,0.0,False,0.0,valid,True,1.57,99.89,2022-12
2111,2022-11-17,Customer Service,Internal,Passed,4,470.24,2022-03-29,2022-07-30,Involuntary,Active,Production,True,470.24,0.0,True,470.24,after_exit,False,0.64,117.56,2022-11
2112,2022-09-17,Customer Service,External,Failed,2,157.04,2019-07-30,2020-01-21,Voluntary,Active,Production,False,0.0,157.04,True,157.04,after_exit,False,3.13,78.52,2022-09
2113,2022-08-18,Project Management,Internal,Passed,2,394.54,2020-07-09,2022-12-10,Involuntary,Active,Production,True,394.54,0.0,True,394.54,valid,True,2.11,197.27,2022-08
2114,2023-02-26,Communication Skills,External,Completed,2,326.98,2019-08-24,,Unk,Active,Production,True,326.98,0.0,False,0.0,valid,True,3.51,163.49,2023-02
2115,2022-09-24,Leadership Development,Internal,Incomplete,5,752.82,2019-04-15,2023-05-10,Voluntary,Active,Production,False,0.0,752.82,True,752.82,valid,True,3.44,150.56,2022-09
2116,2022-08-26,Leadership Development,Internal,Completed,2,990.89,2021-08-21,,Unk,Active,Production,True,990.89,0.0,False,0.0,valid,True,1.01,495.44,2022-08
2117,2023-05-27,Customer Service,External,Incomplete,4,531.69,2020-06-22,,Unk,Active,Production,False,0.0,531.69,False,0.0,valid,True,2.93,132.92,2023-05
2118,2023-04-21,Leadership Development,Internal,Completed,3,384.28,2020-01-28,,Unk,Active,Production,True,384.28,0.0,False,0.0,valid,True,3.23,128.09,2023-04
2119,2023-07-15,Technical Skills,External,Passed,5,803.08,2019-03-29,,Unk,Active,Production,True,803.08,0.0,False,0.0,valid,True,4.3,160.62,2023-07
2120,2023-05-22,Project Management,External,Incomplete,1,131.78,2018-10-05,,Unk,Active,Production,False,0.0,131.78,False,0.0,valid,True,4.63,131.78,2023-05
2121,2022-12-31,Project Management,Internal,Passed,2,459.39,2020-08-20,,Unk,Active,Production,True,459.39,0.0,False,0.0,valid,True,2.36,229.7,2022-12
2122,2023-01-02,Technical Skills,External,Passed,1,949.46,2021-06-11,2022-11-14,Resignation,Active,Production,True,949.46,0.0,True,949.46,after_exit,False,1.56,949.46,2023-01
2123,2022-09-23,Project Management,External,Failed,4,169.71,2021-09-10,,Unk,Active,Production,False,0.0,169.71,False,0.0,valid,True,1.03,42.43,2022-09
2124,2023-04-26,Leadership Development,Internal,Completed,2,238.23,2023-02-21,2023-07-09,Voluntary,Voluntarily Terminated,Production,True,238.23,0.0,True,238.23,valid,True,0.18,119.12,2023-04
2125,2022-08-19,Communication Skills,External,Incomplete,2,486.63,2019-08-09,,Unk,Active,Production,False,0.0,486.63,False,0.0,valid,True,3.03,243.32,2022-08
2126,2023-01-24,Communication Skills,External,Failed,2,692.5,2021-03-08,2022-10-07,Involuntary,Active,Production,False,0.0,692.5,True,692.5,after_exit,False,1.88,346.25,2023-01
2127,2023-04-03,Leadership Development,Internal,Passed,5,119.71,2019-07-20,,Unk,Active,Production,True,119.71,0.0,False,0.0,valid,True,3.7,23.94,2023-04
2128,2022-12-22,Project Management,External,Passed,2,168.47,2023-03-27,,Unk,Active,Production,True,168.47,0.0,False,0.0,before_hire,False,-0.26,84.24,2022-12
2129,2023-03-03,Communication Skills,External,Incomplete,4,951.82,2019-10-07,,Unk,Active,Production,False,0.0,951.82,False,0.0,valid,True,3.4,237.96,2023-03
2130,2022-11-21,Project Management,Internal,Completed,4,444.22,2022-12-13,,Unk,Active,Production,True,444.22,0.0,False,0.0,before_hire,False,-0.06,111.06,2022-11
2131,2023-01-21,Project Management,Internal,Passed,5,591.83,2020-06-06,2022-03-12,Resignation,Voluntarily Terminated,Production,True,591.83,0.0,True,591.83,after_exit,False,2.63,118.37,2023-01
2132,2022-09-15,Communication Skills,Internal,Passed,5,936.77,2022-04-25,,Unk,Active,Production,True,936.77,0.0,False,0.0,valid,True,0.39,187.35,2022-09
2133,2023-03-16,Technical Skills,External,Passed,4,797.13,2020-07-28,,Unk,Active,Production,True,797.13,0.0,False,0.0,valid,True,2.63,199.28,2023-03
2134,2022-10-20,Technical Skills,Internal,Completed,1,420.72,2022-02-28,2023-05-31,Resignation,Active,Production,True,420.72,0.0,True,420.72,valid,True,0.64,420.72,2022-10
2135,2022-11-21,Technical Skills,Internal,Completed,5,218.13,2021-10-25,2023-02-18,Voluntary,Active,Production,True,218.13,0.0,True,218.13,valid,True,1.07,43.63,2022-11
2136,2022-11-28,Communication Skills,Internal,Incomplete,1,659.25,2018-09-12,2020-07-11,Involuntary,Active,Production,False,0.0,659.25,True,659.25,after_exit,False,4.21,659.25,2022-11
2137,2023-04-01,Technical Skills,External,Completed,1,187.31,2022-12-31,2023-01-15,Involuntary,Future Start,Production,True,187.31,0.0,True,187.31,after_exit,False,0.25,187.31,2023-04
2138,2022-08-17,Project Management,Internal,Completed,3,282.21,2021-11-04,2023-06-10,Involuntary,Active,Production,True,282.21,0.0,True,282.21,valid,True,0.78,94.07,2022-08
2139,2023-05-21,Technical Skills,Internal,Passed,2,935.49,2020-05-05,,Unk,Active,Production,True,935.49,0.0,False,0.0,valid,True,3.04,467.74,2023-05
2140,2023-04-27,Project Management,External,Completed,3,264.84,2020-12-08,,Unk,Active,Production,True,264.84,0.0,False,0.0,valid,True,2.38,88.28,2023-04
2141,2023-06-07,Customer Service,Internal,Completed,1,619.72,2018-09-29,2023-05-20,Resignation,Active,Production,True,619.72,0.0,True,619.72,after_exit,False,4.69,619.72,2023-06
2142,2023-01-11,Leadership Development,Internal,Failed,3,248.83,2020-01-09,2020-11-02,Involuntary,Active,Production,False,0.0,248.83,True,248.83,after_exit,False,3.01,82.94,2023-01
2143,2022-08-11,Communication Skills,Internal,Incomplete,2,322.33,2020-07-01,2022-10-31,Involuntary,Future Start,Production,False,0.0,322.33,True,322.33,valid,True,2.11,161.16,2022-08
2144,2023-01-26,Communication Skills,Internal,Completed,4,474.09,2022-08-25,,Unk,Active,Production,True,474.09,0.0,False,0.0,valid,True,0.42,118.52,2023-01
2145,2022-12-05,Project Management,External,Failed,4,251.83,2019-02-27,,Unk,Active,Production,False,0.0,251.83,False,0.0,valid,True,3.77,62.96,2022-12
2146,2023-03-09,Leadership Development,External,Completed,1,386.89,2019-12-25,2023-06-04,Resignation,Voluntarily Terminated,Production,True,386.89,0.0,True,386.89,valid,True,3.2,386.89,2023-03
2147,2023-01-25,Technical Skills,External,Passed,3,535.19,2020-08-14,2021-10-27,Involuntary,Active,Production,True,535.19,0.0,True,535.19,after_exit,False,2.45,178.4,2023-01
2148,2023-04-16,Communication Skills,Internal,Passed,1,409.66,2021-07-30,,Unk,Active,Production,True,409.66,0.0,False,0.0,valid,True,1.71,409.66,2023-04
2149,2023-05-08,Technical Skills,Internal,Failed,2,747.63,2021-05-02,2023-06-27,Involuntary,Voluntarily Terminated,Production,False,0.0,747.63,True,747.63,valid,True,2.02,373.82,2023-05
2150,2023-08-03,Project Management,External,Incomplete,3,794.12,2023-01-21,2023-03-29,Voluntary,Active,Production,False,0.0,794.12,True,794.12,after_exit,False,0.53,264.71,2023-08
2151,2023-03-10,Leadership Development,External,Failed,3,845.94,2021-01-20,2023-06-27,Involuntary,Active,Production,False,0.0,845.94,True,845.94,valid,True,2.13,281.98,2023-03
2152,2022-10-15,Communication Skills,External,Completed,4,606.89,2020-10-07,,Unk,Active,Production,True,606.89,0.0,False,0.0,valid,True,2.02,151.72,2022-10
2153,2023-02-24,Customer Service,Internal,Completed,2,190.07,2019-06-15,,Unk,Active,Production,True,190.07,0.0,False,0.0,valid,True,3.7,95.04,2023-02
2154,2023-03-11,Project Management,External,Failed,4,795.38,2022-04-28,,Unk,Active,Production,False,0.0,795.38,False,0.0,valid,True,0.87,198.84,2023-03
2155,2023-03-21,Customer Service,Internal,Passed,1,972.82,2019-06-29,2023-02-19,Resignation,Voluntarily Terminated,Production,True,972.82,0.0,True,972.82,after_exit,False,3.73,972.82,2023-03
2156,2023-01-19,Customer Service,Internal,Failed,2,763.44,2018-09-11,2020-03-14,Voluntary,Active,Production,False,0.0,763.44,True,763.44,after_exit,False,4.36,381.72,2023-01
2157,2022-10-02,Leadership Development,Internal,Incomplete,1,152.69,2020-05-15,2021-12-22,Retirement,Active,Production,False,0.0,152.69,True,152.69,after_exit,False,2.38,152.69,2022-10
2158,2023-04-06,Communication Skills,External,Failed,1,989.3,2023-02-23,,Unk,Active,Production,False,0.0,989.3,False,0.0,valid,True,0.11,989.3,2023-04
2159,2023-01-24,Customer Service,External,Completed,3,833.52,2021-03-23,2022-03-22,Resignation,Active,Production,True,833.52,0.0,True,833.52,after_exit,False,1.84,277.84,2023-01
2160,2023-06-16,Customer Service,Internal,Completed,5,329.65,2022-11-07,2023-04-06,Involuntary,Active,Production,True,329.65,0.0,True,329.65,after_exit,False,0.61,65.93,2023-06
2161,2022-09-29,Communication Skills,Internal,Completed,1,443.04,2021-05-19,,Unk,Active,Production,True,443.04,0.0,False,0.0,valid,True,1.36,443.04,2022-09
2162,2023-06-03,Project Management,External,Incomplete,5,136.81,2021-01-02,,Unk,Active,Production,False,0.0,136.81,False,0.0,valid,True,2.41,27.36,2023-06
2163,2023-01-19,Communication Skills,Internal,Failed,3,665.2,2019-03-26,,Unk,Active,Production,False,0.0,665.2,False,0.0,valid,True,3.82,221.73,2023-01
2164,2023-06-11,Technical Skills,Internal,Incomplete,2,978.55,2020-09-28,,Unk,Active,Production,False,0.0,978.55,False,0.0,valid,True,2.7,489.28,2023-06
2165,2023-07-23,Project Management,External,Failed,4,652.57,2019-03-16,2020-04-26,Involuntary,Active,Production,False,0.0,652.57,True,652.57,after_exit,False,4.35,163.14,2023-07
2166,2022-10-02,Technical Skills,External,Passed,2,953.59,2019-03-20,,Unk,Active,Production,True,953.59,0.0,False,0.0,valid,True,3.54,476.8,2022-10
2167,2023-03-28,Leadership Development,External,Completed,5,163.17,2018-12-30,2020-08-10,Voluntary,Future Start,Production,True,163.17,0.0,True,163.17,after_exit,False,4.24,32.63,2023-03
2168,2023-08-01,Customer Service,Internal,Incomplete,2,851.51,2018-08-08,,Unk,Active,Production,False,0.0,851.51,False,0.0,valid,True,4.98,425.76,2023-08
2169,2023-03-17,Customer Service,External,Failed,1,200.13,2020-07-04,2022-05-11,Retirement,Active,Production,False,0.0,200.13,True,200.13,after_exit,False,2.7,200.13,2023-03
2170,2023-03-14,Leadership Development,External,Completed,2,347.4,2023-01-29,,Unk,Active,Production,True,347.4,0.0,False,0.0,valid,True,0.12,173.7,2023-03
2171,2023-06-19,Communication Skills,External,Passed,3,243.07,2021-08-09,2022-05-27,Resignation,Active,Production,True,243.07,0.0,True,243.07,after_exit,False,1.86,81.02,2023-06
2172,2023-06-23,Project Management,External,Incomplete,2,198.08,2021-05-16,2023-06-30,Retirement,Voluntarily Terminated,Production,False,0.0,198.08,True,198.08,valid,True,2.1,99.04,2023-06
2173,2023-04-18,Technical Skills,External,Completed,5,372.55,2021-08-14,2021-10-08,Retirement,Voluntarily Terminated,Production,True,372.55,0.0,True,372.55,after_exit,False,1.68,74.51,2023-04
2174,2022-11-13,Technical Skills,External,Incomplete,2,446.22,2022-02-08,,Unk,Active,Production,False,0.0,446.22,False,0.0,valid,True,0.76,223.11,2022-11
2175,2023-02-22,Communication Skills,External,Completed,2,512.6,2019-12-16,2020-06-21,Voluntary,Active,Production,True,512.6,0.0,True,512.6,after_exit,False,3.19,256.3,2023-02
2176,2023-04-19,Communication Skills,External,Completed,5,357.52,2021-10-07,,Unk,Active,Production,True,357.52,0.0,False,0.0,valid,True,1.53,71.5,2023-04
2177,2023-07-07,Customer Service,External,Passed,4,616.66,2020-12-23,,Unk,Active,Production,True,616.66,0.0,False,0.0,valid,True,2.54,154.16,2023-07
2178,2023-05-08,Communication Skills,Internal,Completed,5,368.55,2022-11-01,,Unk,Active,Production,True,368.55,0.0,False,0.0,valid,True,0.51,73.71,2023-05
2179,2022-09-08,Leadership Development,External,Passed,4,937.57,2022-10-28,2023-05-27,Retirement,Voluntarily Terminated,Production,True,937.57,0.0,True,937.57,before_hire,False,-0.14,234.39,2022-09
2180,2023-02-05,Technical Skills,External,Incomplete,4,706.08,2018-11-03,2023-05-03,Resignation,Active,Production,False,0.0,706.08,True,706.08,valid,True,4.26,176.52,2023-02
2181,2023-06-28,Communication Skills,Internal,Incomplete,2,542.94,2019-03-05,2020-03-16,Resignation,Active,Production,False,0.0,542.94,True,542.94,after_exit,False,4.31,271.47,2023-06
2182,2023-07-22,Communication Skills,External,Completed,2,105.18,2021-03-14,,Unk,Active,Production,True,105.18,0.0,False,0.0,valid,True,2.35,52.59,2023-07
2183,2023-04-23,Communication Skills,External,Completed,3,287.3,2018-12-13,,Unk,Active,Production,True,287.3,0.0,False,0.0,valid,True,4.36,95.77,2023-04
2184,2022-09-25,Communication Skills,External,Failed,3,661.36,2021-09-05,2023-03-31,Retirement,Active,Production,False,0.0,661.36,True,661.36,valid,True,1.05,220.45,2022-09
2185,2023-08-01,Customer Service,Internal,Incomplete,5,220.95,2020-05-17,2022-02-18,Involuntary,Voluntarily Terminated,Production,False,0.0,220.95,True,220.95,after_exit,False,3.21,44.19,2023-08
2186,2022-09-21,Leadership Development,External,Failed,5,747.61,2023-03-03,2023-03-23,Voluntary,Active,Production,False,0.0,747.61,True,747.61,before_hire,False,-0.45,149.52,2022-09
2187,2023-06-07,Communication Skills,Internal,Completed,1,575.77,2020-02-28,,Unk,Active,Production,True,575.77,0.0,False,0.0,valid,True,3.27,575.77,2023-06
2188,2023-06-17,Leadership Development,Internal,Incomplete,2,754.8,2021-02-11,2023-06-28,Involuntary,Active,Production,False,0.0,754.8,True,754.8,valid,True,2.34,377.4,2023-06
2189,2022-11-28,Customer Service,External,Passed,2,585.65,2019-01-25,,Unk,Active,Production,True,585.65,0.0,False,0.0,valid,True,3.84,292.82,2022-11
2190,2023-04-29,Technical Skills,Internal,Completed,2,623.98,2023-04-25,2023-06-15,Voluntary,Active,Production,True,623.98,0.0,True,623.98,valid,True,0.01,311.99,2023-04
2191,2023-05-13,Communication Skills,Internal,Failed,3,774.02,2021-02-14,2023-04-19,Retirement,Active,Production,False,0.0,774.02,True,774.02,after_exit,False,2.24,258.01,2023-05
2192,2022-10-02,Leadership Development,External,Completed,4,866.14,2020-10-07,2023-01-18,Voluntary,Active,Production,True,866.14,0.0,True,866.14,valid,True,1.98,216.54,2022-10
2193,2023-07-16,Technical Skills,External,Incomplete,2,704.42,2019-02-28,2023-06-01,Involuntary,Voluntarily Terminated,Production,False,0.0,704.42,True,704.42,after_exit,False,4.38,352.21,2023-07
2194,2023-03-08,Customer Service,External,Incomplete,5,164.41,2019-07-27,,Unk,Active,Production,False,0.0,164.41,False,0.0,valid,True,3.61,32.88,2023-03
2195,2023-05-08,Project Management,External,Failed,3,559.87,2023-06-02,2023-07-07,Voluntary,Active,Production,False,0.0,559.87,True,559.87,before_hire,False,-0.07,186.62,2023-05
2196,2022-12-10,Technical Skills,External,Completed,2,572.11,2022-11-14,2023-01-04,Resignation,Voluntarily Terminated,Production,True,572.11,0.0,True,572.11,valid,True,0.07,286.06,2022-12
2197,2023-03-17,Technical Skills,External,Passed,2,724.83,2018-08-22,2021-11-10,Involuntary,Voluntarily Terminated,Production,True,724.83,0.0,True,724.83,after_exit,False,4.57,362.42,2023-03
2198,2022-08-14,Leadership Development,Internal,Failed,5,198.35,2022-12-15,2022-12-29,Retirement,Active,Production,False,0.0,198.35,True,198.35,before_hire,False,-0.34,39.67,2022-08
2199,2023-06-19,Project Management,External,Passed,3,142.7,2020-05-31,,Unk,Active,Production,True,142.7,0.0,False,0.0,valid,True,3.05,47.57,2023-06
2200,2023-03-29,Project Management,External,Incomplete,2,910.99,2022-07-19,,Unk,Active,Production,False,0.0,910.99,False,0.0,valid,True,0.69,455.5,2023-03
2201,2023-03-15,Leadership Development,Internal,Completed,4,863.83,2020-07-01,,Unk,Active,Production,True,863.83,0.0,False,0.0,valid,True,2.7,215.96,2023-03
2202,2022-09-08,Customer Service,Internal,Completed,4,606.57,2020-11-18,,Unk,Active,Production,True,606.57,0.0,False,0.0,valid,True,1.8,151.64,2022-09
2203,2022-12-14,Technical Skills,External,Incomplete,2,333.27,2020-02-29,2021-05-20,Involuntary,Voluntarily Terminated,Production,False,0.0,333.27,True,333.27,after_exit,False,2.79,166.64,2022-12
2204,2022-11-27,Customer Service,Internal,Passed,3,284.05,2021-09-24,2022-01-28,Retirement,Active,Production,True,284.05,0.0,True,284.05,after_exit,False,1.17,94.68,2022-11
2205,2023-06-23,Leadership Development,Internal,Incomplete,1,271.69,2022-04-13,2023-07-30,Involuntary,Active,Production,False,0.0,271.69,True,271.69,valid,True,1.19,271.69,2023-06
2206,2022-09-16,Technical Skills,Internal,Completed,3,274.22,2022-10-25,,Unk,Active,Production,True,274.22,0.0,False,0.0,before_hire,False,-0.11,91.41,2022-09
2207,2023-06-26,Project Management,External,Incomplete,1,448.93,2021-01-27,,Unk,Active,Production,False,0.0,448.93,False,0.0,valid,True,2.41,448.93,2023-06
2208,2022-09-02,Technical Skills,Internal,Incomplete,3,907.13,2018-09-21,,Unk,Active,IT/IS,False,0.0,907.13,False,0.0,valid,True,3.95,302.38,2022-09
2209,2022-11-02,Technical Skills,External,Completed,3,545.69,2020-04-14,,Unk,Active,IT/IS,True,545.69,0.0,False,0.0,valid,True,2.55,181.9,2022-11
2210,2023-07-17,Technical Skills,Internal,Completed,5,220.14,2021-05-31,2022-10-31,Resignation,Active,IT/IS,True,220.14,0.0,True,220.14,after_exit,False,2.13,44.03,2023-07
2211,2022-11-21,Leadership Development,External,Completed,3,906.62,2020-04-10,,Unk,Active,IT/IS,True,906.62,0.0,False,0.0,valid,True,2.61,302.21,2022-11
2212,2023-07-19,Technical Skills,Internal,Incomplete,1,160.81,2022-07-03,2023-03-22,Involuntary,Active,IT/IS,False,0.0,160.81,True,160.81,after_exit,False,1.04,160.81,2023-07
2213,2023-04-09,Technical Skills,Internal,Passed,1,196.03,2023-03-15,2023-05-10,Retirement,Active,IT/IS,True,196.03,0.0,True,196.03,valid,True,0.07,196.03,2023-04
2214,2023-03-16,Leadership Development,Internal,Passed,4,973.62,2021-07-29,2022-08-12,Resignation,Active,IT/IS,True,973.62,0.0,True,973.62,after_exit,False,1.63,243.4,2023-03
2215,2022-09-30,Customer Service,External,Failed,3,227.0,2022-02-05,2023-01-13,Resignation,Active,IT/IS,False,0.0,227.0,True,227.0,valid,True,0.65,75.67,2022-09
2216,2022-12-25,Customer Service,External,Incomplete,4,587.29,2022-11-09,,Unk,Active,IT/IS,False,0.0,587.29,False,0.0,valid,True,0.13,146.82,2022-12
2217,2023-03-23,Communication Skills,External,Failed,1,315.39,2020-11-23,2020-12-14,Voluntary,Active,IT/IS,False,0.0,315.39,True,315.39,after_exit,False,2.33,315.39,2023-03
2218,2022-12-27,Technical Skills,Internal,Incomplete,5,222.99,2019-02-21,2022-10-21,Resignation,Active,IT/IS,False,0.0,222.99,True,222.99,after_exit,False,3.85,44.6,2022-12
2219,2023-01-03,Technical Skills,External,Failed,5,401.35,2022-09-25,2023-05-06,Retirement,Active,IT/IS,False,0.0,401.35,True,401.35,valid,True,0.27,80.27,2023-01
2220,2023-06-02,Leadership Development,External,Completed,4,938.01,2022-09-17,,Unk,Active,IT/IS,True,938.01,0.0,False,0.0,valid,True,0.71,234.5,2023-06
2221,2022-08-07,Technical Skills,Internal,Incomplete,1,737.04,2019-05-31,,Unk,Active,IT/IS,False,0.0,737.04,False,0.0,valid,True,3.19,737.04,2022-08
2222,2023-06-04,Project Management,External,Failed,3,303.01,2020-07-21,2021-08-18,Resignation,Active,IT/IS,False,0.0,303.01,True,303.01,after_exit,False,2.87,101.0,2023-06
2223,2023-04-07,Communication Skills,External,Completed,2,905.55,2020-07-04,,Unk,Active,IT/IS,True,905.55,0.0,False,0.0,valid,True,2.76,452.78,2023-04
2224,2022-09-23,Customer Service,Internal,Failed,2,914.52,2020-10-13,,Unk,Active,IT/IS,False,0.0,914.52,False,0.0,valid,True,1.94,457.26,2022-09
2225,2022-12-09,Project Management,External,Passed,3,789.98,2023-05-01,,Unk,Active,IT/IS,True,789.98,0.0,False,0.0,before_hire,False,-0.39,263.33,2022-12
2226,2022-09-10,Project Management,Internal,Completed,3,125.06,2019-03-22,2021-06-17,Resignation,Active,IT/IS,True,125.06,0.0,True,125.06,after_exit,False,3.47,41.69,2022-09
2227,2023-04-28,Project Management,Internal,Passed,2,894.09,2021-12-27,,Unk,Active,IT/IS,True,894.09,0.0,False,0.0,valid,True,1.33,447.04,2023-04
2228,2023-02-21,Technical Skills,External,Passed,3,713.03,2018-08-12,2022-06-13,Resignation,Active,IT/IS,True,713.03,0.0,True,713.03,after_exit,False,4.53,237.68,2023-02
2229,2023-01-28,Communication Skills,Internal,Incomplete,5,897.51,2022-12-28,,Unk,Active,IT/IS,False,0.0,897.51,False,0.0,valid,True,0.08,179.5,2023-01
2230,2023-08-03,Project Management,External,Passed,3,634.34,2018-11-25,,Unk,Active,IT/IS,True,634.34,0.0,False,0.0,valid,True,4.69,211.45,2023-08
2231,2023-04-20,Technical Skills,Internal,Failed,3,352.54,2020-12-26,,Unk,Active,IT/IS,False,0.0,352.54,False,0.0,valid,True,2.31,117.51,2023-04
2232,2023-03-23,Customer Service,External,Completed,4,128.25,2022-12-16,,Unk,Active,IT/IS,True,128.25,0.0,False,0.0,valid,True,0.27,32.06,2023-03
2233,2023-06-13,Customer Service,Internal,Passed,1,893.71,2019-09-27,,Unk,Active,IT/IS,True,893.71,0.0,False,0.0,valid,True,3.71,893.71,2023-06
2234,2023-02-04,Communication Skills,External,Completed,3,693.52,2021-02-20,2022-01-09,Resignation,Active,IT/IS,True,693.52,0.0,True,693.52,after_exit,False,1.95,231.17,2023-02
2235,2023-03-09,Customer Service,Internal,Failed,1,162.62,2022-02-26,,Unk,Active,IT/IS,False,0.0,162.62,False,0.0,valid,True,1.03,162.62,2023-03
2236,2023-07-13,Customer Service,External,Passed,2,144.74,2018-12-23,2021-10-11,Involuntary,Active,IT/IS,True,144.74,0.0,True,144.74,after_exit,False,4.55,72.37,2023-07
2237,2023-05-10,Leadership Development,External,Completed,3,240.77,2022-01-10,2023-01-04,Resignation,Active,IT/IS,True,240.77,0.0,True,240.77,after_exit,False,1.33,80.26,2023-05
2238,2023-04-14,Communication Skills,External,Completed,5,905.56,2021-03-04,2021-12-06,Resignation,Active,IT/IS,True,905.56,0.0,True,905.56,after_exit,False,2.11,181.11,2023-04
2239,2023-04-11,Technical Skills,Internal,Passed,4,273.84,2023-03-10,2023-04-04,Retirement,Active,IT/IS,True,273.84,0.0,True,273.84,after_exit,False,0.09,68.46,2023-04
2240,2023-03-17,Communication Skills,Internal,Incomplete,4,980.41,2018-12-05,,Unk,Active,IT/IS,False,0.0,980.41,False,0.0,valid,True,4.28,245.1,2023-03
2241,2023-01-26,Communication Skills,External,Failed,5,834.95,2021-06-24,,Unk,Active,IT/IS,False,0.0,834.95,False,0.0,valid,True,1.59,166.99,2023-01
2242,2022-12-17,Project Management,External,Failed,1,627.11,2022-05-10,2022-07-16,Resignation,Active,IT/IS,False,0.0,627.11,True,627.11,after_exit,False,0.61,627.11,2022-12
2243,2022-12-30,Leadership Development,External,Passed,4,242.22,2023-04-13,2023-05-03,Involuntary,Active,IT/IS,True,242.22,0.0,True,242.22,before_hire,False,-0.28,60.56,2022-12
2244,2022-12-14,Leadership Development,Internal,Passed,2,804.01,2022-08-04,,Unk,Active,IT/IS,True,804.01,0.0,False,0.0,valid,True,0.36,402.0,2022-12
2245,2023-04-04,Project Management,Internal,Incomplete,1,968.2,2021-02-28,2022-07-13,Resignation,Active,IT/IS,False,0.0,968.2,True,968.2,after_exit,False,2.09,968.2,2023-04
2246,2023-02-10,Project Management,Internal,Completed,2,364.36,2020-10-14,2022-04-10,Resignation,Active,IT/IS,True,364.36,0.0,True,364.36,after_exit,False,2.32,182.18,2023-02
2247,2023-04-19,Communication Skills,External,Incomplete,3,803.16,2018-09-10,2023-06-08,Resignation,Active,IT/IS,False,0.0,803.16,True,803.16,valid,True,4.61,267.72,2023-04
2248,2023-03-29,Leadership Development,External,Incomplete,2,571.12,2022-12-16,2023-05-28,Retirement,Active,IT/IS,False,0.0,571.12,True,571.12,valid,True,0.28,285.56,2023-03
2249,2023-07-06,Customer Service,External,Failed,2,705.36,2018-09-28,2019-01-26,Voluntary,Active,IT/IS,False,0.0,705.36,True,705.36,after_exit,False,4.77,352.68,2023-07
2250,2023-04-08,Communication Skills,Internal,Failed,5,565.78,2022-03-08,2022-04-26,Involuntary,Active,IT/IS,False,0.0,565.78,True,565.78,after_exit,False,1.08,113.16,2023-04
2251,2022-11-19,Technical Skills,External,Incomplete,5,593.14,2022-01-12,,Unk,Active,IT/IS,False,0.0,593.14,False,0.0,valid,True,0.85,118.63,2022-11
2252,2022-12-10,Communication Skills,Internal,Completed,1,648.23,2020-12-08,,Unk,Active,IT/IS,True,648.23,0.0,False,0.0,valid,True,2.0,648.23,2022-12
2253,2023-01-07,Communication Skills,External,Incomplete,1,426.97,2020-11-17,,Unk,Active,IT/IS,False,0.0,426.97,False,0.0,valid,True,2.14,426.97,2023-01
2254,2022-11-20,Project Management,Internal,Failed,4,267.76,2021-01-18,,Unk,Active,IT/IS,False,0.0,267.76,False,0.0,valid,True,1.84,66.94,2022-11
2255,2023-02-05,Customer Service,Internal,Completed,1,357.69,2020-09-15,2021-10-01,Involuntary,Active,IT/IS,True,357.69,0.0,True,357.69,after_exit,False,2.39,357.69,2023-02
2256,2023-01-13,Leadership Development,Internal,Completed,1,312.42,2019-12-11,,Unk,Active,IT/IS,True,312.42,0.0,False,0.0,valid,True,3.09,312.42,2023-01
2257,2023-03-25,Customer Service,External,Incomplete,2,456.3,2021-04-29,2022-06-10,Voluntary,Active,IT/IS,False,0.0,456.3,True,456.3,after_exit,False,1.9,228.15,2023-03
2258,2023-07-03,Technical Skills,Internal,Failed,2,675.95,2021-04-03,,Unk,Active,IT/IS,False,0.0,675.95,False,0.0,valid,True,2.25,337.98,2023-07
2259,2023-05-03,Communication Skills,External,Failed,3,754.61,2022-02-01,,Unk,Active,IT/IS,False,0.0,754.61,False,0.0,valid,True,1.25,251.54,2023-05
2260,2022-08-23,Customer Service,Internal,Incomplete,2,377.64,2020-01-17,2021-09-30,Voluntary,Active,IT/IS,False,0.0,377.64,True,377.64,after_exit,False,2.6,188.82,2022-08
2261,2023-06-04,Project Management,External,Failed,3,647.41,2022-06-01,,Unk,Active,IT/IS,False,0.0,647.41,False,0.0,valid,True,1.01,215.8,2023-06
2262,2023-05-29,Communication Skills,External,Incomplete,3,122.43,2019-03-17,,Unk,Active,IT/IS,False,0.0,122.43,False,0.0,valid,True,4.2,40.81,2023-05
2263,2022-10-05,Project Management,Internal,Incomplete,5,662.94,2020-01-07,,Unk,Active,IT/IS,False,0.0,662.94,False,0.0,valid,True,2.74,132.59,2022-10
2264,2023-05-06,Communication Skills,External,Failed,3,465.3,2021-02-24,2021-12-29,Involuntary,Active,IT/IS,False,0.0,465.3,True,465.3,after_exit,False,2.19,155.1,2023-05
2265,2022-11-23,Customer Service,Internal,Failed,4,680.88,2019-12-30,,Unk,Active,IT/IS,False,0.0,680.88,False,0.0,valid,True,2.9,170.22,2022-11
2266,2022-10-23,Leadership Development,External,Completed,5,898.01,2020-05-12,2021-03-17,Resignation,Active,IT/IS,True,898.01,0.0,True,898.01,after_exit,False,2.45,179.6,2022-10
2267,2022-11-11,Technical Skills,Internal,Passed,1,518.79,2023-04-04,,Unk,Active,IT/IS,True,518.79,0.0,False,0.0,before_hire,False,-0.39,518.79,2022-11
2268,2022-11-26,Communication Skills,Internal,Failed,2,677.84,2021-01-04,2022-04-28,Resignation,Active,IT/IS,False,0.0,677.84,True,677.84,after_exit,False,1.89,338.92,2022-11
2269,2022-12-09,Technical Skills,Internal,Incomplete,1,109.33,2020-04-28,2022-12-01,Resignation,Active,IT/IS,False,0.0,109.33,True,109.33,after_exit,False,2.61,109.33,2022-12
2270,2023-05-11,Technical Skills,Internal,Passed,2,781.35,2019-04-16,2021-07-31,Resignation,Active,IT/IS,True,781.35,0.0,True,781.35,after_exit,False,4.07,390.68,2023-05
2271,2023-02-02,Customer Service,Internal,Failed,4,632.57,2022-07-09,,Unk,Active,IT/IS,False,0.0,632.57,False,0.0,valid,True,0.57,158.14,2023-02
2272,2023-04-15,Communication Skills,Internal,Passed,5,233.42,2022-08-29,2023-01-15,Retirement,Active,IT/IS,True,233.42,0.0,True,233.42,after_exit,False,0.63,46.68,2023-04
2273,2023-04-01,Leadership Development,External,Passed,4,301.15,2020-01-26,2020-12-11,Resignation,Active,IT/IS,True,301.15,0.0,True,301.15,after_exit,False,3.18,75.29,2023-04
2274,2023-06-03,Customer Service,External,Failed,2,255.54,2020-02-18,,Unk,Active,IT/IS,False,0.0,255.54,False,0.0,valid,True,3.29,127.77,2023-06
2275,2023-03-05,Technical Skills,External,Incomplete,5,138.4,2022-01-25,,Unk,Active,Production,False,0.0,138.4,False,0.0,valid,True,1.11,27.68,2023-03
2276,2023-05-17,Customer Service,External,Completed,3,851.87,2023-07-10,,Unk,Active,Production,True,851.87,0.0,False,0.0,before_hire,False,-0.15,283.96,2023-05
2277,2022-12-22,Communication Skills,Internal,Completed,3,592.23,2022-04-14,,Unk,Active,Production,True,592.23,0.0,False,0.0,valid,True,0.69,197.41,2022-12
2278,2023-03-05,Leadership Development,External,Completed,4,544.43,2022-07-10,,Unk,Active,Production,True,544.43,0.0,False,0.0,valid,True,0.65,136.11,2023-03
2279,2023-03-23,Technical Skills,External,Passed,4,230.57,2022-06-27,,Unk,Active,Production,True,230.57,0.0,False,0.0,valid,True,0.74,57.64,2023-03
2280,2023-04-05,Customer Service,External,Passed,3,493.98,2018-12-04,2023-07-07,Retirement,Voluntarily Terminated,Production,True,493.98,0.0,True,493.98,valid,True,4.33,164.66,2023-04
2281,2022-11-29,Technical Skills,Internal,Failed,4,761.7,2019-09-10,,Unk,Active,Production,False,0.0,761.7,False,0.0,valid,True,3.22,190.42,2022-11
2282,2022-10-20,Leadership Development,External,Incomplete,5,454.55,2019-04-25,,Unk,Active,Production,False,0.0,454.55,False,0.0,valid,True,3.49,90.91,2022-10
2283,2023-04-23,Leadership Development,External,Failed,1,183.88,2018-10-03,2019-06-27,Retirement,Voluntarily Terminated,Admin Offices,False,0.0,183.88,True,183.88,after_exit,False,4.55,183.88,2023-04
2284,2023-07-09,Technical Skills,External,Passed,3,839.16,2022-06-14,,Unk,Active,IT/IS,True,839.16,0.0,False,0.0,valid,True,1.07,279.72,2023-07
2285,2022-12-02,Customer Service,Internal,Completed,4,679.57,2022-02-15,,Unk,Active,Production,True,679.57,0.0,False,0.0,valid,True,0.79,169.89,2022-12
2286,2022-09-27,Project Management,External,Failed,5,107.64,2018-09-24,2021-01-18,Voluntary,Active,Production,False,0.0,107.64,True,107.64,after_exit,False,4.01,21.53,2022-09
2287,2023-03-29,Communication Skills,Internal,Passed,4,560.64,2022-03-09,2023-04-08,Involuntary,Active,Production,True,560.64,0.0,True,560.64,valid,True,1.05,140.16,2023-03
2288,2022-09-25,Communication Skills,Internal,Failed,2,187.85,2018-11-07,2020-05-25,Involuntary,Active,Production,False,0.0,187.85,True,187.85,after_exit,False,3.88,93.92,2022-09
2289,2023-06-14,Technical Skills,External,Completed,3,353.58,2019-08-31,,Unk,Active,Admin Offices,True,353.58,0.0,False,0.0,valid,True,3.79,117.86,2023-06
2290,2023-04-23,Communication Skills,Internal,Failed,4,575.55,2020-11-27,2023-07-05,Retirement,Active,Sales,False,0.0,575.55,True,575.55,valid,True,2.4,143.89,2023-04
2291,2023-07-01,Project Management,Internal,Incomplete,5,973.53,2020-07-07,,Unk,Active,Production,False,0.0,973.53,False,0.0,valid,True,2.98,194.71,2023-07
2292,2023-03-11,Communication Skills,External,Completed,3,894.38,2020-01-11,,Unk,Active,Production,True,894.38,0.0,False,0.0,valid,True,3.16,298.13,2023-03
2293,2023-04-17,Project Management,Internal,Failed,1,510.67,2020-06-15,2021-09-05,Involuntary,Active,Production,False,0.0,510.67,True,510.67,after_exit,False,2.84,510.67,2023-04
2294,2023-04-09,Communication Skills,External,Failed,1,261.17,2020-10-10,,Unk,Active,Production,False,0.0,261.17,False,0.0,valid,True,2.49,261.17,2023-04
2295,2022-11-12,Communication Skills,Internal,Passed,5,448.38,2022-05-19,2023-04-10,Involuntary,Active,Production,True,448.38,0.0,True,448.38,valid,True,0.48,89.68,2022-11
2296,2022-11-09,Technical Skills,Internal,Passed,4,808.77,2021-08-25,,Unk,Active,Production,True,808.77,0.0,False,0.0,valid,True,1.21,202.19,2022-11
2297,2022-12-28,Leadership Development,Internal,Completed,5,691.71,2018-12-18,2019-09-25,Resignation,Voluntarily Terminated,Production,True,691.71,0.0,True,691.71,after_exit,False,4.03,138.34,2022-12
2298,2023-03-02,Communication Skills,External,Failed,1,145.08,2023-08-05,,Unk,Active,Production,False,0.0,145.08,False,0.0,before_hire,False,-0.43,145.08,2023-03
2299,2023-04-13,Customer Service,External,Failed,4,922.03,2022-04-13,2023-04-17,Resignation,Active,Production,False,0.0,922.03,True,922.03,valid,True,1.0,230.51,2023-04
2300,2022-09-27,Customer Service,External,Completed,2,668.1,2020-09-26,,Unk,Active,Production,True,668.1,0.0,False,0.0,valid,True,2.0,334.05,2022-09
2301,2023-02-27,Technical Skills,Internal,Incomplete,4,475.03,2021-02-12,2022-08-03,Voluntary,Active,Production,False,0.0,475.03,True,475.03,after_exit,False,2.04,118.76,2023-02
2302,2023-03-11,Project Management,Internal,Passed,2,173.45,2019-01-02,2020-10-09,Resignation,Terminated for Cause,Production,True,173.45,0.0,True,173.45,after_exit,False,4.19,86.72,2023-03
2303,2023-01-13,Customer Service,External,Passed,2,813.39,2019-10-26,2023-07-22,Resignation,Terminated for Cause,Production,True,813.39,0.0,True,813.39,valid,True,3.22,406.7,2023-01
2304,2022-10-19,Customer Service,Internal,Passed,5,759.9,2021-04-11,,Unk,Active,Production,True,759.9,0.0,False,0.0,valid,True,1.52,151.98,2022-10
2305,2023-04-24,Communication Skills,External,Incomplete,2,933.39,2019-12-11,2021-05-12,Resignation,Active,Production,False,0.0,933.39,True,933.39,after_exit,False,3.37,466.7,2023-04
2306,2023-02-28,Communication Skills,External,Failed,2,217.33,2020-10-21,2023-05-14,Resignation,Active,Production,False,0.0,217.33,True,217.33,valid,True,2.35,108.66,2023-02
2307,2023-05-21,Customer Service,Internal,Passed,2,856.15,2020-05-08,,Unk,Active,Executive Office,True,856.15,0.0,False,0.0,valid,True,3.03,428.08,2023-05
2308,2022-09-08,Communication Skills,Internal,Completed,4,751.86,2022-05-24,2022-10-13,Retirement,Active,Production,True,751.86,0.0,True,751.86,valid,True,0.29,187.96,2022-09
2309,2023-07-20,Communication Skills,Internal,Incomplete,1,309.24,2019-06-05,,Unk,Active,Production,False,0.0,309.24,False,0.0,valid,True,4.12,309.24,2023-07
2310,2022-12-27,Leadership Development,Internal,Incomplete,4,581.95,2022-04-21,,Unk,Active,Production,False,0.0,581.95,False,0.0,valid,True,0.68,145.49,2022-12
2311,2023-04-04,Leadership Development,External,Passed,5,616.43,2019-12-10,2023-02-21,Voluntary,Active,Production,True,616.43,0.0,True,616.43,after_exit,False,3.32,123.29,2023-04
2312,2023-01-06,Leadership Development,Internal,Completed,3,623.75,2019-11-26,,Unk,Active,IT/IS,True,623.75,0.0,False,0.0,valid,True,3.11,207.92,2023-01
2313,2023-02-04,Project Management,External,Passed,1,802.99,2021-09-13,,Unk,Active,IT/IS,True,802.99,0.0,False,0.0,valid,True,1.39,802.99,2023-02
2314,2022-11-18,Communication Skills,External,Failed,1,725.98,2019-08-19,,Unk,Active,IT/IS,False,0.0,725.98,False,0.0,valid,True,3.25,725.98,2022-11
2315,2022-12-05,Customer Service,External,Incomplete,1,252.59,2022-06-12,2023-07-09,Voluntary,Active,Production,False,0.0,252.59,True,252.59,valid,True,0.48,252.59,2022-12
2316,2023-05-23,Communication Skills,Internal,Failed,1,731.84,2021-07-21,,Unk,Active,Production,False,0.0,731.84,False,0.0,valid,True,1.84,731.84,2023-05
2317,2023-02-09,Customer Service,External,Failed,1,787.01,2020-11-13,,Unk,Active,Production,False,0.0,787.01,False,0.0,valid,True,2.24,787.01,2023-02
2318,2023-06-22,Communication Skills,External,Incomplete,2,303.8,2022-02-20,,Unk,Active,Production,False,0.0,303.8,False,0.0,valid,True,1.33,151.9,2023-06
2319,2022-12-21,Customer Service,Internal,Passed,3,832.15,2019-03-28,2022-04-14,Voluntary,Voluntarily Terminated,Production,True,832.15,0.0,True,832.15,after_exit,False,3.73,277.38,2022-12
2320,2023-07-25,Communication Skills,External,Incomplete,5,509.71,2022-10-26,2023-06-17,Voluntary,Voluntarily Terminated,Production,False,0.0,509.71,True,509.71,after_exit,False,0.74,101.94,2023-07
2321,2022-09-06,Communication Skills,Internal,Incomplete,3,781.95,2023-05-10,2023-05-14,Voluntary,Active,Production,False,0.0,781.95,True,781.95,before_hire,False,-0.67,260.65,2022-09
2322,2023-03-04,Communication Skills,Internal,Completed,3,178.4,2022-09-01,,Unk,Active,Production,True,178.4,0.0,False,0.0,valid,True,0.5,59.47,2023-03
2323,2022-12-30,Project Management,External,Incomplete,3,964.4,2021-04-21,2021-08-17,Retirement,Active,Production,False,0.0,964.4,True,964.4,after_exit,False,1.69,321.47,2022-12
2324,2023-04-29,Communication Skills,External,Incomplete,1,299.75,2021-07-23,2023-02-15,Involuntary,Terminated for Cause,Production,False,0.0,299.75,True,299.75,after_exit,False,1.77,299.75,2023-04
2325,2023-01-04,Project Management,Internal,Completed,2,745.68,2020-12-29,,Unk,Active,Production,True,745.68,0.0,False,0.0,valid,True,2.02,372.84,2023-01
2326,2023-01-06,Customer Service,External,Completed,5,263.21,2022-08-08,,Unk,Active,Production,True,263.21,0.0,False,0.0,valid,True,0.41,52.64,2023-01
2327,2022-10-20,Customer Service,External,Incomplete,1,802.98,2020-07-30,,Unk,Active,Production,False,0.0,802.98,False,0.0,valid,True,2.22,802.98,2022-10
2328,2023-03-01,Communication Skills,Internal,Passed,3,960.9,2019-03-18,,Unk,Active,Production,True,960.9,0.0,False,0.0,valid,True,3.95,320.3,2023-03
2329,2023-01-21,Leadership Development,External,Incomplete,2,209.86,2019-07-25,2022-09-03,Retirement,Active,Executive Office,False,0.0,209.86,True,209.86,after_exit,False,3.49,104.93,2023-01
2330,2023-03-21,Customer Service,Internal,Passed,2,942.81,2021-10-16,,Unk,Active,Production,True,942.81,0.0,False,0.0,valid,True,1.43,471.4,2023-03
2331,2023-01-16,Technical Skills,Internal,Failed,3,108.2,2019-12-06,2021-10-29,Retirement,Active,Production,False,0.0,108.2,True,108.2,after_exit,False,3.11,36.07,2023-01
2332,2022-11-29,Communication Skills,Internal,Completed,3,144.68,2019-06-29,2020-07-21,Involuntary,Active,Production,True,144.68,0.0,True,144.68,after_exit,False,3.42,48.23,2022-11
2333,2023-04-01,Technical Skills,Internal,Failed,4,769.76,2019-04-03,,Unk,Active,IT/IS,False,0.0,769.76,False,0.0,valid,True,3.99,192.44,2023-04
2334,2023-03-21,Project Management,Internal,Failed,5,860.16,2021-07-21,2022-09-03,Retirement,Active,IT/IS,False,0.0,860.16,True,860.16,after_exit,False,1.66,172.03,2023-03
2335,2022-09-01,Communication Skills,Internal,Completed,4,957.24,2022-07-27,,Unk,Active,IT/IS,True,957.24,0.0,False,0.0,valid,True,0.1,239.31,2022-09
2336,2023-02-06,Communication Skills,External,Completed,3,301.03,2019-10-06,,Unk,Active,Production,True,301.03,0.0,False,0.0,valid,True,3.34,100.34,2023-02
2337,2023-07-15,Project Management,Internal,Incomplete,2,366.82,2021-04-16,,Unk,Active,Production,False,0.0,366.82,False,0.0,valid,True,2.25,183.41,2023-07
2338,2023-06-18,Customer Service,External,Completed,2,819.8,2018-10-10,2022-05-02,Involuntary,Active,Production,True,819.8,0.0,True,819.8,after_exit,False,4.69,409.9,2023-06
2339,2022-12-02,Leadership Development,Internal,Failed,5,369.94,2022-07-25,2022-11-08,Retirement,Voluntarily Terminated,Production,False,0.0,369.94,True,369.94,after_exit,False,0.36,73.99,2022-12
2340,2023-05-05,Project Management,External,Failed,1,811.91,2021-03-17,2023-05-13,Resignation,Voluntarily Terminated,Production,False,0.0,811.91,True,811.91,valid,True,2.13,811.91,2023-05
2341,2023-04-06,Communication Skills,Internal,Failed,2,121.05,2018-10-13,,Unk,Active,Production,False,0.0,121.05,False,0.0,valid,True,4.48,60.52,2023-04
2342,2023-05-30,Communication Skills,Internal,Completed,1,704.53,2020-01-09,,Unk,Active,Production,True,704.53,0.0,False,0.0,valid,True,3.39,704.53,2023-05
2343,2023-05-31,Customer Service,Internal,Completed,5,959.22,2019-09-18,,Unk,Active,Production,True,959.22,0.0,False,0.0,valid,True,3.7,191.84,2023-05
2344,2023-03-13,Technical Skills,External,Completed,2,967.05,2019-10-26,2020-03-10,Retirement,Active,Production,True,967.05,0.0,True,967.05,after_exit,False,3.38,483.52,2023-03
2345,2022-10-09,Project Management,External,Incomplete,3,379.57,2020-09-14,2023-05-30,Involuntary,Terminated for Cause,Production,False,0.0,379.57,True,379.57,valid,True,2.07,126.52,2022-10
2346,2022-10-02,Customer Service,External,Completed,3,811.14,2023-04-09,,Unk,Active,Production,True,811.14,0.0,False,0.0,before_hire,False,-0.52,270.38,2022-10
2347,2022-12-14,Communication Skills,Internal,Passed,1,780.53,2019-10-25,,Unk,Active,Production,True,780.53,0.0,False,0.0,valid,True,3.14,780.53,2022-12
2348,2023-04-13,Technical Skills,Internal,Passed,1,927.52,2022-06-25,,Unk,Active,Production,True,927.52,0.0,False,0.0,valid,True,0.8,927.52,2023-04
2349,2023-04-22,Communication Skills,Internal,Completed,2,317.31,2023-01-26,2023-02-27,Voluntary,Active,Production,True,317.31,0.0,True,317.31,after_exit,False,0.24,158.66,2023-04
2350,2023-03-09,Leadership Development,Internal,Failed,3,858.34,2020-02-19,,Unk,Active,Executive Office,False,0.0,858.34,False,0.0,valid,True,3.05,286.11,2023-03
2351,2023-03-11,Communication Skills,Internal,Incomplete,4,173.96,2019-12-24,2020-06-21,Retirement,Active,Production,False,0.0,173.96,True,173.96,after_exit,False,3.21,43.49,2023-03
2352,2022-09-11,Communication Skills,External,Completed,4,889.07,2020-10-16,2020-11-15,Retirement,Active,Production,True,889.07,0.0,True,889.07,after_exit,False,1.9,222.27,2022-09
2353,2023-07-18,Technical Skills,Internal,Failed,3,198.56,2018-09-07,,Unk,Active,IT/IS,False,0.0,198.56,False,0.0,valid,True,4.86,66.19,2023-07
2354,2023-06-13,Communication Skills,External,Completed,5,572.14,2022-01-07,2022-06-29,Retirement,Active,IT/IS,True,572.14,0.0,True,572.14,after_exit,False,1.43,114.43,2023-06
2355,2023-07-16,Customer Service,External,Failed,3,945.93,2019-03-25,2019-04-23,Retirement,Active,IT/IS,False,0.0,945.93,True,945.93,after_exit,False,4.31,315.31,2023-07
2356,2023-05-25,Technical Skills,External,Passed,4,668.66,2021-11-18,2022-12-17,Retirement,Active,IT/IS,True,668.66,0.0,True,668.66,after_exit,False,1.51,167.16,2023-05
2357,2023-05-17,Leadership Development,Internal,Failed,3,483.49,2022-12-31,2023-07-21,Involuntary,Active,Production,False,0.0,483.49,True,483.49,valid,True,0.38,161.16,2023-05
2358,2023-04-14,Project Management,External,Incomplete,3,164.22,2020-05-14,2022-11-29,Involuntary,Active,Production,False,0.0,164.22,True,164.22,after_exit,False,2.92,54.74,2023-04
2359,2023-05-30,Technical Skills,External,Failed,3,850.73,2020-12-13,2023-02-12,Retirement,Active,Production,False,0.0,850.73,True,850.73,after_exit,False,2.46,283.58,2023-05
2360,2022-10-13,Project Management,Internal,Passed,1,400.62,2021-11-16,2022-11-23,Voluntary,Voluntarily Terminated,Production,True,400.62,0.0,True,400.62,valid,True,0.91,400.62,2022-10
2361,2022-09-08,Customer Service,External,Failed,4,148.29,2022-12-01,2023-07-06,Involuntary,Voluntarily Terminated,Production,False,0.0,148.29,True,148.29,before_hire,False,-0.23,37.07,2022-09
2362,2023-02-06,Project Management,Internal,Incomplete,3,543.65,2020-10-30,2022-07-28,Involuntary,Active,Production,False,0.0,543.65,True,543.65,after_exit,False,2.27,181.22,2023-02
2363,2023-02-04,Communication Skills,External,Incomplete,3,282.26,2021-02-08,2022-09-25,Retirement,Active,Production,False,0.0,282.26,True,282.26,after_exit,False,1.99,94.09,2023-02
2364,2022-12-04,Project Management,External,Completed,3,123.81,2019-08-05,,Unk,Active,Production,True,123.81,0.0,False,0.0,valid,True,3.33,41.27,2022-12
2365,2022-08-11,Communication Skills,External,Passed,5,355.8,2018-11-29,2023-03-09,Involuntary,Terminated for Cause,Production,True,355.8,0.0,True,355.8,valid,True,3.7,71.16,2022-08
2366,2022-08-16,Project Management,Internal,Incomplete,3,184.59,2018-11-16,2021-05-25,Retirement,Terminated for Cause,Production,False,0.0,184.59,True,184.59,after_exit,False,3.75,61.53,2022-08
2367,2023-04-27,Project Management,Internal,Completed,3,249.77,2020-08-23,2022-06-11,Resignation,Active,Production,True,249.77,0.0,True,249.77,after_exit,False,2.67,83.26,2023-04
2368,2023-03-30,Technical Skills,External,Completed,4,285.54,2020-08-22,2023-03-09,Resignation,Active,Production,True,285.54,0.0,True,285.54,after_exit,False,2.6,71.39,2023-03
2369,2023-07-26,Leadership Development,External,Failed,5,711.15,2021-10-19,2022-09-10,Retirement,Active,Production,False,0.0,711.15,True,711.15,after_exit,False,1.77,142.23,2023-07
2370,2023-06-07,Leadership Development,External,Incomplete,3,644.97,2020-02-21,2021-11-29,Retirement,Active,Production,False,0.0,644.97,True,644.97,after_exit,False,3.29,214.99,2023-06
2371,2023-04-19,Customer Service,Internal,Passed,4,133.56,2022-11-21,,Unk,Active,Production,True,133.56,0.0,False,0.0,valid,True,0.41,33.39,2023-04
2372,2023-01-27,Leadership Development,Internal,Completed,2,784.93,2019-08-05,2021-12-06,Involuntary,Active,Production,True,784.93,0.0,True,784.93,after_exit,False,3.48,392.46,2023-01
2373,2023-02-16,Project Management,External,Completed,4,801.63,2020-11-05,2022-06-04,Resignation,Active,IT/IS,True,801.63,0.0,True,801.63,after_exit,False,2.28,200.41,2023-02
2374,2023-05-01,Customer Service,External,Incomplete,2,650.48,2021-06-12,2022-02-25,Retirement,Active,IT/IS,False,0.0,650.48,True,650.48,after_exit,False,1.88,325.24,2023-05
2375,2022-11-20,Project Management,External,Failed,5,770.33,2018-09-13,,Unk,Active,IT/IS,False,0.0,770.33,False,0.0,valid,True,4.19,154.07,2022-11
2376,2023-04-26,Communication Skills,Internal,Completed,5,755.69,2023-04-09,2023-06-03,Involuntary,Active,Production,True,755.69,0.0,True,755.69,valid,True,0.05,151.14,2023-04
2377,2022-12-25,Leadership Development,External,Failed,1,921.26,2021-01-09,,Unk,Active,Production,False,0.0,921.26,False,0.0,valid,True,1.96,921.26,2022-12
2378,2023-04-07,Leadership Development,Internal,Passed,3,751.79,2020-03-23,,Unk,Active,Production,True,751.79,0.0,False,0.0,valid,True,3.04,250.6,2023-04
2379,2022-08-24,Communication Skills,External,Completed,4,146.18,2019-10-19,2020-12-23,Resignation,Voluntarily Terminated,Production,True,146.18,0.0,True,146.18,after_exit,False,2.85,36.54,2022-08
2380,2022-11-03,Customer Service,Internal,Completed,5,910.96,2023-07-02,2023-07-11,Retirement,Active,Production,True,910.96,0.0,True,910.96,before_hire,False,-0.66,182.19,2022-11
2381,2023-01-27,Technical Skills,External,Passed,1,404.78,2019-08-29,,Unk,Active,Production,True,404.78,0.0,False,0.0,valid,True,3.41,404.78,2023-01
2382,2023-08-01,Project Management,Internal,Completed,1,751.78,2023-07-17,2023-07-28,Involuntary,Active,Production,True,751.78,0.0,True,751.78,after_exit,False,0.04,751.78,2023-08
2383,2022-08-09,Customer Service,External,Incomplete,1,374.73,2020-02-02,,Unk,Active,Production,False,0.0,374.73,False,0.0,valid,True,2.52,374.73,2022-08
2384,2022-10-03,Communication Skills,Internal,Failed,3,166.1,2021-10-14,2022-10-21,Resignation,Terminated for Cause,Production,False,0.0,166.1,True,166.1,valid,True,0.97,55.37,2022-10
2385,2023-03-31,Technical Skills,Internal,Incomplete,1,574.91,2020-04-10,,Unk,Active,Production,False,0.0,574.91,False,0.0,valid,True,2.97,574.91,2023-03
2386,2022-09-28,Customer Service,External,Failed,3,390.96,2018-12-14,,Unk,Active,Production,False,0.0,390.96,False,0.0,valid,True,3.79,130.32,2022-09
2387,2023-03-05,Communication Skills,Internal,Failed,2,459.27,2022-06-27,2023-01-05,Resignation,Active,Production,False,0.0,459.27,True,459.27,after_exit,False,0.69,229.64,2023-03
2388,2023-06-30,Project Management,Internal,Completed,4,949.32,2020-09-07,,Unk,Active,Production,True,949.32,0.0,False,0.0,valid,True,2.81,237.33,2023-06
2389,2023-07-28,Technical Skills,Internal,Completed,1,718.39,2019-11-03,2021-06-22,Resignation,Active,Production,True,718.39,0.0,True,718.39,after_exit,False,3.73,718.39,2023-07
2390,2023-07-19,Customer Service,External,Completed,5,923.06,2020-05-15,2021-12-27,Involuntary,Active,Production,True,923.06,0.0,True,923.06,after_exit,False,3.18,184.61,2023-07
2391,2022-12-10,Technical Skills,External,Failed,3,363.35,2023-04-28,2023-05-13,Resignation,Active,IT/IS,False,0.0,363.35,True,363.35,before_hire,False,-0.38,121.12,2022-12
2392,2022-12-17,Customer Service,External,Failed,5,652.9,2019-08-05,,Unk,Active,IT/IS,False,0.0,652.9,False,0.0,valid,True,3.37,130.58,2022-12
2393,2023-02-27,Project Management,External,Completed,5,803.82,2018-12-05,2021-09-15,Involuntary,Active,Production,True,803.82,0.0,True,803.82,after_exit,False,4.23,160.76,2023-02
2394,2022-09-22,Customer Service,Internal,Completed,1,661.88,2022-04-25,2023-06-23,Involuntary,Active,Production,True,661.88,0.0,True,661.88,valid,True,0.41,661.88,2022-09
2395,2023-03-29,Customer Service,External,Completed,5,337.08,2019-12-10,,Unk,Active,Production,True,337.08,0.0,False,0.0,valid,True,3.3,67.42,2023-03
2396,2022-11-22,Project Management,External,Completed,5,887.46,2022-06-30,2022-07-13,Resignation,Voluntarily Terminated,Production,True,887.46,0.0,True,887.46,after_exit,False,0.4,177.49,2022-11
2397,2022-11-10,Project Management,External,Completed,5,514.94,2018-09-19,2019-04-29,Retirement,Active,Production,True,514.94,0.0,True,514.94,after_exit,False,4.14,102.99,2022-11
2398,2022-12-13,Technical Skills,External,Incomplete,3,304.35,2019-07-08,2022-08-16,Resignation,Active,Production,False,0.0,304.35,True,304.35,after_exit,False,3.43,101.45,2022-12
2399,2023-03-15,Customer Service,External,Passed,1,329.83,2023-05-25,2023-07-31,Retirement,Active,Production,True,329.83,0.0,True,329.83,before_hire,False,-0.19,329.83,2023-03
2400,2023-07-23,Communication Skills,External,Completed,4,872.57,2018-11-03,,Unk,Active,Production,True,872.57,0.0,False,0.0,valid,True,4.72,218.14,2023-07
2401,2022-11-01,Customer Service,Internal,Failed,4,935.2,2022-11-09,2023-01-10,Resignation,Terminated for Cause,Production,False,0.0,935.2,True,935.2,before_hire,False,-0.02,233.8,2022-11
2402,2023-02-18,Communication Skills,External,Failed,1,478.73,2022-04-14,2022-09-22,Resignation,Terminated for Cause,Production,False,0.0,478.73,True,478.73,after_exit,False,0.85,478.73,2023-02
2403,2022-08-25,Technical Skills,External,Failed,5,766.04,2020-08-06,2022-07-29,Retirement,Active,Production,False,0.0,766.04,True,766.04,after_exit,False,2.05,153.21,2022-08
2404,2023-04-21,Project Management,External,Failed,3,561.63,2019-06-26,2020-01-27,Voluntary,Active,Production,False,0.0,561.63,True,561.63,after_exit,False,3.82,187.21,2023-04
2405,2023-03-19,Technical Skills,External,Completed,1,722.5,2020-09-13,2022-03-15,Involuntary,Voluntarily Terminated,Production,True,722.5,0.0,True,722.5,after_exit,False,2.51,722.5,2023-03
2406,2023-05-19,Communication Skills,Internal,Failed,1,100.04,2018-11-13,,Unk,Active,Production,False,0.0,100.04,False,0.0,valid,True,4.51,100.04,2023-05
2407,2022-11-15,Project Management,Internal,Completed,2,545.35,2019-10-06,2023-04-14,Involuntary,Active,Production,True,545.35,0.0,True,545.35,valid,True,3.11,272.68,2022-11
2408,2022-09-04,Project Management,Internal,Failed,1,968.87,2021-09-15,,Unk,Active,IT/IS,False,0.0,968.87,False,0.0,valid,True,0.97,968.87,2022-09
2409,2023-04-07,Customer Service,External,Passed,1,949.78,2020-02-06,,Unk,Active,IT/IS,True,949.78,0.0,False,0.0,valid,True,3.16,949.78,2023-04
2410,2022-09-24,Technical Skills,External,Failed,3,341.65,2022-10-21,,Unk,Active,IT/IS,False,0.0,341.65,False,0.0,before_hire,False,-0.07,113.88,2022-09
2411,2023-02-27,Project Management,External,Failed,4,798.7,2022-10-11,,Unk,Active,Production,False,0.0,798.7,False,0.0,valid,True,0.38,199.68,2023-02
2412,2023-01-21,Project Management,Internal,Passed,5,859.0,2022-01-30,2023-03-22,Voluntary,Active,Production,True,859.0,0.0,True,859.0,valid,True,0.97,171.8,2023-01
2413,2022-09-01,Communication Skills,External,Failed,1,193.51,2022-07-27,2022-10-09,Resignation,Active,Production,False,0.0,193.51,True,193.51,valid,True,0.1,193.51,2022-09
2414,2022-09-01,Technical Skills,External,Failed,5,506.08,2022-05-26,,Unk,Active,Production,False,0.0,506.08,False,0.0,valid,True,0.27,101.22,2022-09
2415,2022-08-18,Customer Service,Internal,Failed,4,938.18,2021-02-08,2022-08-23,Involuntary,Active,Production,False,0.0,938.18,True,938.18,valid,True,1.52,234.54,2022-08
2416,2023-05-06,Communication Skills,Internal,Failed,2,344.8,2022-06-06,,Unk,Active,Production,False,0.0,344.8,False,0.0,valid,True,0.91,172.4,2023-05
2417,2022-10-31,Communication Skills,External,Passed,4,587.29,2021-02-27,2023-07-30,Retirement,Active,Production,True,587.29,0.0,True,587.29,valid,True,1.67,146.82,2022-10
2418,2023-01-27,Technical Skills,External,Failed,5,966.19,2022-01-26,2023-05-04,Involuntary,Terminated for Cause,Production,False,0.0,966.19,True,966.19,valid,True,1.0,193.24,2023-01
2419,2023-07-05,Project Management,External,Completed,4,433.85,2020-04-01,,Unk,Active,Production,True,433.85,0.0,False,0.0,valid,True,3.26,108.46,2023-07
2420,2023-01-29,Project Management,Internal,Passed,3,684.64,2020-06-03,,Unk,Active,Production,True,684.64,0.0,False,0.0,valid,True,2.66,228.21,2023-01
2421,2023-07-08,Customer Service,Internal,Completed,3,442.48,2021-11-20,,Unk,Active,Production,True,442.48,0.0,False,0.0,valid,True,1.63,147.49,2023-07
2422,2022-08-29,Leadership Development,External,Failed,1,400.73,2021-12-21,2022-04-07,Involuntary,Voluntarily Terminated,Production,False,0.0,400.73,True,400.73,after_exit,False,0.69,400.73,2022-08
2423,2023-06-15,Technical Skills,Internal,Failed,5,523.75,2018-10-10,,Unk,Active,Production,False,0.0,523.75,False,0.0,valid,True,4.68,104.75,2023-06
2424,2022-10-18,Customer Service,Internal,Failed,1,292.85,2019-02-26,2021-03-24,Resignation,Active,Executive Office,False,0.0,292.85,True,292.85,after_exit,False,3.64,292.85,2022-10
2425,2023-04-23,Technical Skills,External,Failed,3,136.76,2022-06-19,2023-05-20,Resignation,Active,Production,False,0.0,136.76,True,136.76,valid,True,0.84,45.59,2023-04
2426,2022-11-21,Leadership Development,External,Incomplete,4,107.48,2020-07-20,2023-07-10,Retirement,Active,Production,False,0.0,107.48,True,107.48,valid,True,2.34,26.87,2022-11
2427,2023-01-27,Communication Skills,Internal,Passed,2,528.76,2020-01-17,2020-04-20,Voluntary,Active,IT/IS,True,528.76,0.0,True,528.76,after_exit,False,3.03,264.38,2023-01
2428,2023-07-13,Customer Service,External,Passed,4,549.8,2021-06-04,2022-02-11,Voluntary,Active,IT/IS,True,549.8,0.0,True,549.8,after_exit,False,2.11,137.45,2023-07
2429,2022-12-09,Communication Skills,External,Completed,5,308.1,2019-04-19,2020-07-02,Involuntary,Active,Production,True,308.1,0.0,True,308.1,after_exit,False,3.64,61.62,2022-12
2430,2023-05-26,Technical Skills,External,Passed,2,622.08,2018-11-17,2020-12-20,Voluntary,Active,Production,True,622.08,0.0,True,622.08,after_exit,False,4.52,311.04,2023-05
2431,2023-03-17,Customer Service,External,Incomplete,3,730.23,2022-08-18,2023-06-20,Resignation,Active,Production,False,0.0,730.23,True,730.23,valid,True,0.58,243.41,2023-03
2432,2022-08-17,Customer Service,External,Failed,1,353.71,2023-02-10,2023-04-24,Retirement,Voluntarily Terminated,Production,False,0.0,353.71,True,353.71,before_hire,False,-0.48,353.71,2022-08
2433,2023-04-20,Technical Skills,Internal,Completed,4,580.82,2020-04-22,2022-08-03,Retirement,Active,Production,True,580.82,0.0,True,580.82,after_exit,False,2.99,145.21,2023-04
2434,2022-09-06,Leadership Development,External,Failed,4,810.59,2023-01-14,2023-05-07,Involuntary,Active,Production,False,0.0,810.59,True,810.59,before_hire,False,-0.36,202.65,2022-09
2435,2023-03-26,Communication Skills,Internal,Incomplete,5,150.58,2023-03-13,2023-03-21,Involuntary,Terminated for Cause,Production,False,0.0,150.58,True,150.58,after_exit,False,0.04,30.12,2023-03
2436,2023-05-09,Project Management,External,Failed,5,985.02,2022-12-30,2023-04-16,Voluntary,Terminated for Cause,Production,False,0.0,985.02,True,985.02,after_exit,False,0.36,197.0,2023-05
2437,2023-05-02,Customer Service,External,Completed,2,669.99,2020-06-04,2022-10-30,Voluntary,Terminated for Cause,Production,True,669.99,0.0,True,669.99,after_exit,False,2.91,335.0,2023-05
2438,2022-11-14,Customer Service,External,Failed,1,101.26,2022-03-13,,Unk,Active,Production,False,0.0,101.26,False,0.0,valid,True,0.67,101.26,2022-11
2439,2022-10-29,Project Management,External,Failed,4,816.24,2021-08-21,,Unk,Active,Production,False,0.0,816.24,False,0.0,valid,True,1.19,204.06,2022-10
2440,2022-11-24,Communication Skills,Internal,Failed,4,809.02,2021-05-15,,Unk,Active,Production,False,0.0,809.02,False,0.0,valid,True,1.53,202.26,2022-11
2441,2022-10-17,Project Management,External,Passed,5,559.08,2021-07-14,,Unk,Active,Production,True,559.08,0.0,False,0.0,valid,True,1.26,111.82,2022-10
2442,2023-01-18,Communication Skills,Internal,Failed,2,688.8,2023-01-31,2023-06-22,Resignation,Active,Production,False,0.0,688.8,True,688.8,before_hire,False,-0.04,344.4,2023-01
2443,2022-12-30,Project Management,External,Completed,5,300.21,2020-07-27,,Unk,Active,Production,True,300.21,0.0,False,0.0,valid,True,2.43,60.04,2022-12
2444,2022-11-03,Project Management,External,Completed,1,851.57,2023-04-16,,Unk,Active,IT/IS,True,851.57,0.0,False,0.0,before_hire,False,-0.45,851.57,2022-11
2445,2023-05-11,Leadership Development,External,Failed,1,833.89,2019-12-30,,Unk,Active,Production,False,0.0,833.89,False,0.0,valid,True,3.36,833.89,2023-05
2446,2023-06-19,Communication Skills,External,Passed,1,129.32,2021-12-06,2023-01-11,Involuntary,Active,Production,True,129.32,0.0,True,129.32,after_exit,False,1.53,129.32,2023-06
2447,2022-08-21,Technical Skills,Internal,Completed,1,505.6,2020-02-02,2022-03-06,Voluntary,Active,Production,True,505.6,0.0,True,505.6,after_exit,False,2.55,505.6,2022-08
2448,2022-09-29,Customer Service,Internal,Passed,5,633.54,2020-10-23,2021-03-14,Voluntary,Voluntarily Terminated,Production,True,633.54,0.0,True,633.54,after_exit,False,1.93,126.71,2022-09
2449,2023-01-18,Project Management,External,Passed,4,485.29,2020-04-29,2021-07-10,Retirement,Voluntarily Terminated,Production,True,485.29,0.0,True,485.29,after_exit,False,2.72,121.32,2023-01
2450,2023-01-18,Project Management,Internal,Completed,5,302.62,2022-08-18,2022-09-24,Resignation,Active,Production,True,302.62,0.0,True,302.62,after_exit,False,0.42,60.52,2023-01
2451,2023-07-31,Communication Skills,External,Incomplete,1,510.72,2020-09-08,,Unk,Active,Production,False,0.0,510.72,False,0.0,valid,True,2.89,510.72,2023-07
2452,2023-06-29,Communication Skills,Internal,Incomplete,3,241.25,2022-10-14,,Unk,Active,Production,False,0.0,241.25,False,0.0,valid,True,0.71,80.42,2023-06
2453,2022-11-28,Technical Skills,External,Incomplete,3,285.55,2023-05-13,,Unk,Active,Production,False,0.0,285.55,False,0.0,before_hire,False,-0.45,95.18,2022-11
2454,2022-10-06,Leadership Development,Internal,Completed,1,524.51,2021-02-28,,Unk,Active,Production,True,524.51,0.0,False,0.0,valid,True,1.6,524.51,2022-10
2455,2023-06-08,Customer Service,External,Completed,4,218.61,2020-03-03,,Unk,Active,Production,True,218.61,0.0,False,0.0,valid,True,3.26,54.65,2023-06
2456,2022-08-22,Customer Service,External,Failed,2,263.3,2021-11-29,,Unk,Active,Production,False,0.0,263.3,False,0.0,valid,True,0.73,131.65,2022-08
2457,2023-05-19,Technical Skills,Internal,Incomplete,5,423.81,2018-08-24,,Unk,Active,Production,False,0.0,423.81,False,0.0,valid,True,4.73,84.76,2023-05
2458,2023-05-20,Customer Service,Internal,Failed,5,912.62,2020-10-21,2022-03-24,Voluntary,Active,Production,False,0.0,912.62,True,912.62,after_exit,False,2.58,182.52,2023-05
2459,2022-11-27,Project Management,External,Failed,4,973.11,2020-12-15,2021-06-24,Retirement,Active,Production,False,0.0,973.11,True,973.11,after_exit,False,1.95,243.28,2022-11
2460,2022-11-25,Communication Skills,External,Passed,5,637.58,2018-09-05,2023-01-27,Retirement,Active,IT/IS,True,637.58,0.0,True,637.58,valid,True,4.22,127.52,2022-11
2461,2023-07-13,Communication Skills,External,Completed,2,103.04,2021-09-27,,Unk,Active,Admin Offices,True,103.04,0.0,False,0.0,valid,True,1.79,51.52,2023-07
2462,2023-02-05,Customer Service,External,Completed,3,758.62,2020-01-09,2021-01-27,Voluntary,Active,Production,True,758.62,0.0,True,758.62,after_exit,False,3.07,252.87,2023-02
2463,2023-06-02,Leadership Development,Internal,Passed,3,792.67,2018-12-06,,Unk,Active,Production,True,792.67,0.0,False,0.0,valid,True,4.49,264.22,2023-06
2464,2023-07-14,Leadership Development,External,Passed,1,795.5,2022-08-11,,Unk,Active,Production,True,795.5,0.0,False,0.0,valid,True,0.92,795.5,2023-07
2465,2023-07-22,Project Management,Internal,Incomplete,3,475.26,2020-04-13,2021-06-26,Retirement,Active,Production,False,0.0,475.26,True,475.26,after_exit,False,3.27,158.42,2023-07
2466,2022-11-04,Customer Service,External,Failed,3,652.89,2021-11-14,2023-01-22,Voluntary,Voluntarily Terminated,Production,False,0.0,652.89,True,652.89,valid,True,0.97,217.63,2022-11
2467,2023-03-08,Customer Service,External,Passed,1,832.16,2022-03-17,2023-06-23,Involuntary,Voluntarily Terminated,Production,True,832.16,0.0,True,832.16,valid,True,0.97,832.16,2023-03
2468,2023-02-24,Communication Skills,Internal,Passed,3,629.25,2019-05-06,,Unk,Active,Production,True,629.25,0.0,False,0.0,valid,True,3.81,209.75,2023-02
2469,2022-09-15,Project Management,External,Completed,5,780.71,2021-11-27,2023-06-22,Involuntary,Active,Production,True,780.71,0.0,True,780.71,valid,True,0.8,156.14,2022-09
2470,2023-04-05,Communication Skills,Internal,Completed,2,999.0,2021-02-09,,Unk,Active,Production,True,999.0,0.0,False,0.0,valid,True,2.15,499.5,2023-04
2471,2022-08-06,Leadership Development,External,Passed,3,489.29,2022-01-06,,Unk,Active,Production,True,489.29,0.0,False,0.0,valid,True,0.58,163.1,2022-08
2472,2023-04-28,Project Management,External,Failed,1,942.75,2023-07-28,,Unk,Active,Production,False,0.0,942.75,False,0.0,before_hire,False,-0.25,942.75,2023-04
2473,2022-11-02,Leadership Development,Internal,Completed,5,938.63,2021-03-27,2022-06-23,Involuntary,Active,Production,True,938.63,0.0,True,938.63,after_exit,False,1.6,187.73,2022-11
2474,2022-11-18,Project Management,Internal,Completed,5,543.64,2023-03-12,2023-06-02,Involuntary,Active,Production,True,543.64,0.0,True,543.64,before_hire,False,-0.31,108.73,2022-11
2475,2022-11-30,Leadership Development,Internal,Failed,2,117.83,2022-10-05,2022-12-17,Retirement,Voluntarily Terminated,Production,False,0.0,117.83,True,117.83,valid,True,0.15,58.92,2022-11
2476,2023-06-29,Technical Skills,External,Completed,3,350.21,2021-10-01,2023-06-21,Voluntary,Active,Executive Office,True,350.21,0.0,True,350.21,after_exit,False,1.74,116.74,2023-06
2477,2022-10-26,Leadership Development,Internal,Passed,4,961.47,2022-01-31,,Unk,Active,Sales,True,961.47,0.0,False,0.0,valid,True,0.73,240.37,2022-10
2478,2022-09-26,Customer Service,Internal,Passed,4,548.18,2020-06-01,,Unk,Active,Production,True,548.18,0.0,False,0.0,valid,True,2.32,137.04,2022-09
2479,2023-06-18,Technical Skills,Internal,Passed,2,439.17,2023-04-18,2023-05-17,Involuntary,Active,IT/IS,True,439.17,0.0,True,439.17,after_exit,False,0.17,219.58,2023-06
2480,2023-01-11,Customer Service,External,Passed,1,610.88,2020-07-25,,Unk,Active,IT/IS,True,610.88,0.0,False,0.0,valid,True,2.46,610.88,2023-01
2481,2022-11-11,Technical Skills,External,Incomplete,4,994.03,2018-12-12,,Unk,Active,IT/IS,False,0.0,994.03,False,0.0,valid,True,3.92,248.51,2022-11
2482,2023-05-23,Customer Service,External,Incomplete,4,688.55,2018-09-01,2022-06-20,Voluntary,Active,IT/IS,False,0.0,688.55,True,688.55,after_exit,False,4.72,172.14,2023-05
2483,2022-10-22,Communication Skills,Internal,Failed,4,889.91,2019-11-24,,Unk,Active,IT/IS,False,0.0,889.91,False,0.0,valid,True,2.91,222.48,2022-10
2484,2023-04-03,Communication Skills,External,Failed,3,163.61,2021-12-26,,Unk,Active,IT/IS,False,0.0,163.61,False,0.0,valid,True,1.27,54.54,2023-04
2485,2022-08-30,Communication Skills,Internal,Completed,2,642.68,2020-03-04,2021-09-08,Retirement,Active,Software Engineering,True,642.68,0.0,True,642.68,after_exit,False,2.49,321.34,2022-08
2486,2023-05-11,Technical Skills,Internal,Passed,4,703.29,2020-05-03,,Unk,Active,IT/IS,True,703.29,0.0,False,0.0,valid,True,3.02,175.82,2023-05
2487,2022-11-26,Technical Skills,Internal,Failed,4,102.96,2019-07-20,,Unk,Active,IT/IS,False,0.0,102.96,False,0.0,valid,True,3.35,25.74,2022-11
2488,2022-12-03,Customer Service,External,Completed,5,278.96,2022-05-26,2022-10-05,Resignation,Active,IT/IS,True,278.96,0.0,True,278.96,after_exit,False,0.52,55.79,2022-12
2489,2023-03-30,Communication Skills,Internal,Incomplete,4,168.1,2021-07-24,,Unk,Active,IT/IS,False,0.0,168.1,False,0.0,valid,True,1.68,42.02,2023-03
2490,2023-06-04,Leadership Development,Internal,Incomplete,1,886.63,2021-09-27,,Unk,Active,IT/IS,False,0.0,886.63,False,0.0,valid,True,1.68,886.63,2023-06
2491,2023-06-27,Customer Service,External,Incomplete,5,721.79,2019-04-07,,Unk,Active,Software Engineering,False,0.0,721.79,False,0.0,valid,True,4.22,144.36,2023-06
2492,2022-11-14,Leadership Development,External,Completed,4,765.32,2019-07-20,,Unk,Active,Software Engineering,True,765.32,0.0,False,0.0,valid,True,3.32,191.33,2022-11
2493,2023-01-07,Communication Skills,Internal,Completed,2,443.46,2022-12-03,2023-06-29,Retirement,Active,Software Engineering,True,443.46,0.0,True,443.46,valid,True,0.1,221.73,2023-01
2494,2022-11-06,Customer Service,Internal,Incomplete,2,203.97,2020-04-04,2022-11-10,Retirement,Active,IT/IS,False,0.0,203.97,True,203.97,valid,True,2.59,101.98,2022-11
2495,2022-08-27,Project Management,Internal,Incomplete,3,180.44,2020-03-08,2023-02-26,Resignation,Active,IT/IS,False,0.0,180.44,True,180.44,valid,True,2.47,60.15,2022-08
2496,2023-02-12,Technical Skills,Internal,Passed,3,647.25,2020-09-28,2023-03-27,Retirement,Active,IT/IS,True,647.25,0.0,True,647.25,valid,True,2.37,215.75,2023-02
2497,2022-09-07,Customer Service,Internal,Passed,4,833.99,2021-07-14,2022-08-09,Voluntary,Active,IT/IS,True,833.99,0.0,True,833.99,after_exit,False,1.15,208.5,2022-09
2498,2022-11-30,Project Management,Internal,Incomplete,4,825.58,2019-10-17,2020-03-21,Involuntary,Terminated for Cause,IT/IS,False,0.0,825.58,True,825.58,after_exit,False,3.12,206.4,2022-11
2499,2022-10-12,Project Management,Internal,Failed,2,190.49,2023-04-08,2023-06-09,Resignation,Active,Software Engineering,False,0.0,190.49,True,190.49,before_hire,False,-0.49,95.24,2022-10
2500,2023-07-08,Project Management,Internal,Completed,3,961.33,2019-07-25,,Unk,Active,Software Engineering,True,961.33,0.0,False,0.0,valid,True,3.95,320.44,2023-07
2501,2022-09-20,Communication Skills,Internal,Completed,2,608.46,2022-12-25,,Unk,Active,Software Engineering,True,608.46,0.0,False,0.0,before_hire,False,-0.26,304.23,2022-09
2502,2022-08-08,Technical Skills,Internal,Passed,3,971.57,2019-01-27,,Unk,Active,Software Engineering,True,971.57,0.0,False,0.0,valid,True,3.53,323.86,2022-08
2503,2023-05-14,Technical Skills,External,Incomplete,3,354.28,2021-12-26,2022-01-29,Voluntary,Active,IT/IS,False,0.0,354.28,True,354.28,after_exit,False,1.38,118.09,2023-05
2504,2022-09-02,Communication Skills,Internal,Failed,5,108.02,2023-01-12,,Unk,Active,IT/IS,False,0.0,108.02,False,0.0,before_hire,False,-0.36,21.6,2022-09
2505,2022-11-23,Communication Skills,External,Completed,5,508.85,2019-07-02,,Unk,Active,IT/IS,True,508.85,0.0,False,0.0,valid,True,3.39,101.77,2022-11
2506,2023-02-13,Communication Skills,Internal,Passed,3,811.4,2022-06-30,,Unk,Active,IT/IS,True,811.4,0.0,False,0.0,valid,True,0.62,270.47,2023-02
2507,2022-12-06,Technical Skills,External,Incomplete,2,680.09,2023-01-05,2023-01-14,Resignation,Terminated for Cause,IT/IS,False,0.0,680.09,True,680.09,before_hire,False,-0.08,340.04,2022-12
2508,2023-04-25,Technical Skills,External,Completed,3,133.88,2018-11-18,,Unk,Active,IT/IS,True,133.88,0.0,False,0.0,valid,True,4.43,44.63,2023-04
2509,2023-02-08,Communication Skills,Internal,Completed,1,433.69,2020-09-21,2021-10-16,Involuntary,Active,Software Engineering,True,433.69,0.0,True,433.69,after_exit,False,2.38,433.69,2023-02
2510,2022-08-22,Customer Service,Internal,Completed,2,580.84,2019-11-25,2023-02-24,Retirement,Active,Software Engineering,True,580.84,0.0,True,580.84,valid,True,2.74,290.42,2022-08
2511,2023-04-20,Technical Skills,External,Incomplete,4,830.45,2021-02-05,2023-02-12,Involuntary,Active,Software Engineering,False,0.0,830.45,True,830.45,after_exit,False,2.2,207.61,2023-04
2512,2023-02-19,Communication Skills,External,Failed,5,802.2,2023-04-16,2023-05-25,Retirement,Active,Software Engineering,False,0.0,802.2,True,802.2,before_hire,False,-0.15,160.44,2023-02
2513,2022-12-05,Communication Skills,Internal,Failed,4,337.06,2021-08-19,2022-02-16,Involuntary,Active,IT/IS,False,0.0,337.06,True,337.06,after_exit,False,1.3,84.26,2022-12
2514,2023-06-14,Technical Skills,Internal,Incomplete,3,538.16,2022-01-14,,Unk,Active,IT/IS,False,0.0,538.16,False,0.0,valid,True,1.41,179.39,2023-06
2515,2023-07-19,Technical Skills,Internal,Passed,1,190.1,2018-09-11,,Unk,Active,IT/IS,True,190.1,0.0,False,0.0,valid,True,4.85,190.1,2023-07
2516,2023-01-31,Customer Service,Internal,Completed,1,397.27,2022-02-18,,Unk,Active,IT/IS,True,397.27,0.0,False,0.0,valid,True,0.95,397.27,2023-01
2517,2023-04-01,Technical Skills,Internal,Incomplete,5,826.65,2019-12-01,2023-01-25,Retirement,Active,IT/IS,False,0.0,826.65,True,826.65,after_exit,False,3.33,165.33,2023-04
2518,2022-10-29,Customer Service,Internal,Completed,4,732.18,2021-02-28,2022-07-31,Voluntary,Active,IT/IS,True,732.18,0.0,True,732.18,after_exit,False,1.66,183.04,2022-10
2519,2023-02-08,Technical Skills,External,Failed,2,564.38,2021-11-13,,Unk,Active,Software Engineering,False,0.0,564.38,False,0.0,valid,True,1.24,282.19,2023-02
2520,2023-02-07,Customer Service,Internal,Incomplete,2,512.02,2020-09-27,,Unk,Active,Software Engineering,False,0.0,512.02,False,0.0,valid,True,2.36,256.01,2023-02
2521,2022-11-18,Project Management,Internal,Completed,1,599.41,2022-09-03,,Unk,Active,Software Engineering,True,599.41,0.0,False,0.0,valid,True,0.21,599.41,2022-11
2522,2023-06-30,Communication Skills,Internal,Passed,4,839.04,2020-10-09,2021-11-09,Voluntary,Active,IT/IS,True,839.04,0.0,True,839.04,after_exit,False,2.72,209.76,2023-06
2523,2023-06-28,Customer Service,External,Incomplete,4,391.4,2021-11-06,,Unk,Active,IT/IS,False,0.0,391.4,False,0.0,valid,True,1.64,97.85,2023-06
2524,2022-10-15,Leadership Development,Internal,Incomplete,1,569.5,2023-06-24,,Unk,Active,IT/IS,False,0.0,569.5,False,0.0,before_hire,False,-0.69,569.5,2022-10
2525,2023-04-24,Leadership Development,External,Incomplete,3,450.81,2021-09-15,2023-07-02,Retirement,Active,Sales,False,0.0,450.81,True,450.81,valid,True,1.6,150.27,2023-04
2526,2023-06-23,Technical Skills,Internal,Passed,2,265.46,2022-10-14,,Unk,Active,IT/IS,True,265.46,0.0,False,0.0,valid,True,0.69,132.73,2023-06
2527,2022-11-24,Technical Skills,Internal,Passed,2,462.98,2019-07-22,,Unk,Active,IT/IS,True,462.98,0.0,False,0.0,valid,True,3.34,231.49,2022-11
2528,2023-07-25,Communication Skills,Internal,Passed,3,760.34,2023-03-20,2023-05-06,Retirement,Active,IT/IS,True,760.34,0.0,True,760.34,after_exit,False,0.35,253.45,2023-07
2529,2022-10-16,Communication Skills,External,Failed,1,383.84,2022-05-02,,Unk,Active,Software Engineering,False,0.0,383.84,False,0.0,valid,True,0.46,383.84,2022-10
2530,2022-12-11,Technical Skills,External,Failed,4,723.57,2022-10-20,2023-07-07,Retirement,Active,Software Engineering,False,0.0,723.57,True,723.57,valid,True,0.14,180.89,2022-12
2531,2022-11-01,Communication Skills,Internal,Incomplete,1,725.34,2023-07-24,2023-07-29,Voluntary,Active,Software Engineering,False,0.0,725.34,True,725.34,before_hire,False,-0.73,725.34,2022-11
2532,2023-05-18,Leadership Development,Internal,Incomplete,2,119.48,2020-07-18,,Unk,Active,IT/IS,False,0.0,119.48,False,0.0,valid,True,2.83,59.74,2023-05
2533,2023-07-22,Communication Skills,External,Completed,1,226.93,2021-05-05,,Unk,Active,IT/IS,True,226.93,0.0,False,0.0,valid,True,2.21,226.93,2023-07
2534,2022-08-22,Leadership Development,Internal,Passed,3,739.85,2019-04-15,2021-05-23,Retirement,Active,IT/IS,True,739.85,0.0,True,739.85,after_exit,False,3.35,246.62,2022-08
2535,2022-10-02,Project Management,Internal,Incomplete,2,369.68,2020-08-24,2023-05-02,Resignation,Active,Sales,False,0.0,369.68,True,369.68,valid,True,2.11,184.84,2022-10
2536,2022-08-26,Leadership Development,External,Completed,1,243.63,2022-12-31,,Unk,Active,Sales,True,243.63,0.0,False,0.0,before_hire,False,-0.35,243.63,2022-08
2537,2023-03-19,Project Management,External,Failed,5,475.8,2022-09-18,2023-06-07,Involuntary,Active,IT/IS,False,0.0,475.8,True,475.8,valid,True,0.5,95.16,2023-03
2538,2023-04-06,Leadership Development,External,Passed,3,418.25,2019-09-14,,Unk,Active,IT/IS,True,418.25,0.0,False,0.0,valid,True,3.56,139.42,2023-04
2539,2022-11-10,Communication Skills,Internal,Passed,4,703.84,2019-03-19,,Unk,Active,IT/IS,True,703.84,0.0,False,0.0,valid,True,3.65,175.96,2022-11
2540,2022-10-12,Project Management,Internal,Failed,2,602.26,2022-10-18,2023-01-10,Resignation,Active,Software Engineering,False,0.0,602.26,True,602.26,before_hire,False,-0.02,301.13,2022-10
2541,2022-08-11,Communication Skills,Internal,Passed,2,517.83,2022-07-31,,Unk,Active,Software Engineering,True,517.83,0.0,False,0.0,valid,True,0.03,258.92,2022-08
2542,2022-08-21,Communication Skills,External,Completed,5,605.99,2023-03-06,,Unk,Active,Software Engineering,True,605.99,0.0,False,0.0,before_hire,False,-0.54,121.2,2022-08
2543,2022-09-04,Communication Skills,Internal,Passed,1,100.45,2019-01-30,2021-03-22,Resignation,Voluntarily Terminated,Software Engineering,True,100.45,0.0,True,100.45,after_exit,False,3.59,100.45,2022-09
2544,2023-01-27,Communication Skills,Internal,Completed,2,767.56,2023-05-22,2023-07-12,Voluntary,Active,IT/IS,True,767.56,0.0,True,767.56,before_hire,False,-0.31,383.78,2023-01
2545,2023-06-27,Leadership Development,Internal,Completed,1,352.45,2018-12-22,,Unk,Active,IT/IS,True,352.45,0.0,False,0.0,valid,True,4.51,352.45,2023-06
2546,2023-05-22,Customer Service,Internal,Completed,3,463.57,2022-11-08,,Unk,Active,IT/IS,True,463.57,0.0,False,0.0,valid,True,0.53,154.52,2023-05
2547,2022-09-07,Leadership Development,Internal,Completed,4,372.08,2021-07-03,,Unk,Active,Sales,True,372.08,0.0,False,0.0,valid,True,1.18,93.02,2022-09
2548,2023-01-14,Project Management,External,Failed,3,670.58,2018-11-14,2021-07-08,Resignation,Active,IT/IS,False,0.0,670.58,True,670.58,after_exit,False,4.17,223.53,2023-01
2549,2022-12-18,Project Management,Internal,Passed,2,399.97,2021-09-18,,Unk,Active,IT/IS,True,399.97,0.0,False,0.0,valid,True,1.25,199.98,2022-12
2550,2022-10-09,Project Management,Internal,Incomplete,5,997.89,2020-11-19,2021-11-03,Involuntary,Active,Software Engineering,False,0.0,997.89,True,997.89,after_exit,False,1.89,199.58,2022-10
2551,2023-08-02,Communication Skills,Internal,Completed,2,985.0,2023-05-04,2023-07-02,Voluntary,Active,Software Engineering,True,985.0,0.0,True,985.0,after_exit,False,0.25,492.5,2023-08
2552,2022-09-21,Customer Service,Internal,Completed,5,573.47,2023-01-21,,Unk,Active,Software Engineering,True,573.47,0.0,False,0.0,before_hire,False,-0.33,114.69,2022-09
2553,2022-10-03,Project Management,External,Failed,2,414.08,2022-08-19,2023-01-18,Resignation,Active,IT/IS,False,0.0,414.08,True,414.08,valid,True,0.12,207.04,2022-10
2554,2023-07-29,Communication Skills,External,Completed,5,889.09,2022-07-18,2023-05-09,Voluntary,Active,IT/IS,True,889.09,0.0,True,889.09,after_exit,False,1.03,177.82,2023-07
2555,2023-01-18,Technical Skills,Internal,Passed,3,650.08,2019-08-14,2021-05-13,Resignation,Active,IT/IS,True,650.08,0.0,True,650.08,after_exit,False,3.43,216.69,2023-01
2556,2022-08-19,Customer Service,Internal,Passed,5,283.57,2020-12-10,2022-05-30,Voluntary,Active,Sales,True,283.57,0.0,True,283.57,after_exit,False,1.69,56.71,2022-08
2557,2022-08-20,Technical Skills,Internal,Completed,1,908.5,2019-09-20,,Unk,Active,IT/IS,True,908.5,0.0,False,0.0,valid,True,2.92,908.5,2022-08
2558,2022-11-07,Technical Skills,Internal,Failed,2,900.85,2021-11-19,2021-12-27,Involuntary,Active,Software Engineering,False,0.0,900.85,True,900.85,after_exit,False,0.97,450.42,2022-11
2559,2022-09-19,Communication Skills,External,Passed,3,449.84,2022-04-29,,Unk,Active,Software Engineering,True,449.84,0.0,False,0.0,valid,True,0.39,149.95,2022-09
2560,2023-08-03,Communication Skills,External,Failed,5,981.9,2021-06-30,2021-07-28,Voluntary,Active,IT/IS,False,0.0,981.9,True,981.9,after_exit,False,2.09,196.38,2023-08
2561,2022-12-19,Technical Skills,External,Failed,4,289.37,2021-07-15,,Unk,Active,IT/IS,False,0.0,289.37,False,0.0,valid,True,1.43,72.34,2022-12
2562,2023-07-09,Customer Service,Internal,Failed,1,657.23,2021-04-12,2023-03-06,Retirement,Active,IT/IS,False,0.0,657.23,True,657.23,after_exit,False,2.24,657.23,2023-07
2563,2023-08-03,Customer Service,External,Passed,5,416.37,2020-12-08,,Unk,Active,IT/IS,True,416.37,0.0,False,0.0,valid,True,2.65,83.27,2023-08
2564,2023-07-18,Leadership Development,Internal,Completed,4,624.9,2019-10-31,2020-03-01,Voluntary,Active,Sales,True,624.9,0.0,True,624.9,after_exit,False,3.71,156.22,2023-07
2565,2022-09-11,Communication Skills,Internal,Passed,2,559.06,2020-01-22,,Unk,Active,IT/IS,True,559.06,0.0,False,0.0,valid,True,2.64,279.53,2022-09
2566,2023-07-29,Project Management,External,Incomplete,5,327.37,2022-09-20,,Unk,Active,Software Engineering,False,0.0,327.37,False,0.0,valid,True,0.85,65.47,2023-07
2567,2022-10-24,Communication Skills,Internal,Failed,2,660.4,2022-12-22,2023-07-26,Voluntary,Active,IT/IS,False,0.0,660.4,True,660.4,before_hire,False,-0.16,330.2,2022-10
2568,2022-12-15,Leadership Development,External,Passed,5,477.46,2019-03-12,,Unk,Active,IT/IS,True,477.46,0.0,False,0.0,valid,True,3.76,95.49,2022-12
2569,2023-01-15,Project Management,Internal,Completed,2,694.21,2021-10-07,2021-12-31,Retirement,Active,IT/IS,True,694.21,0.0,True,694.21,after_exit,False,1.27,347.1,2023-01
2570,2023-05-23,Customer Service,Internal,Incomplete,2,737.84,2019-06-16,2023-05-21,Voluntary,Active,IT/IS,False,0.0,737.84,True,737.84,after_exit,False,3.93,368.92,2023-05
2571,2022-08-15,Technical Skills,Internal,Failed,2,919.95,2021-03-17,2022-09-08,Retirement,Active,IT/IS,False,0.0,919.95,True,919.95,valid,True,1.41,459.98,2022-08
2572,2022-09-02,Technical Skills,Internal,Completed,5,797.82,2022-08-07,2023-04-26,Resignation,Active,IT/IS,True,797.82,0.0,True,797.82,valid,True,0.07,159.56,2022-09
2573,2022-09-27,Customer Service,Internal,Passed,2,806.47,2020-01-17,2023-02-28,Voluntary,Voluntarily Terminated,Sales,True,806.47,0.0,True,806.47,valid,True,2.69,403.24,2022-09
2574,2023-07-18,Technical Skills,External,Failed,1,376.59,2022-06-11,2023-02-20,Involuntary,Active,Sales,False,0.0,376.59,True,376.59,after_exit,False,1.1,376.59,2023-07
2575,2023-02-26,Communication Skills,Internal,Incomplete,2,157.17,2021-03-03,2023-01-30,Retirement,Active,Sales,False,0.0,157.17,True,157.17,after_exit,False,1.98,78.58,2023-02
2576,2023-02-23,Leadership Development,External,Incomplete,2,608.82,2020-04-16,2021-03-15,Resignation,Active,Sales,False,0.0,608.82,True,608.82,after_exit,False,2.86,304.41,2023-02
2577,2023-07-04,Communication Skills,Internal,Failed,5,928.48,2022-09-22,2023-01-28,Voluntary,Active,Sales,False,0.0,928.48,True,928.48,after_exit,False,0.78,185.7,2023-07
2578,2022-10-10,Customer Service,External,Incomplete,1,812.01,2023-05-30,,Unk,Active,Sales,False,0.0,812.01,False,0.0,before_hire,False,-0.64,812.01,2022-10
2579,2022-10-02,Project Management,External,Incomplete,4,941.61,2021-01-14,,Unk,Active,Sales,False,0.0,941.61,False,0.0,valid,True,1.71,235.4,2022-10
2580,2023-03-07,Communication Skills,Internal,Incomplete,1,227.13,2020-04-29,2021-10-20,Resignation,Active,Sales,False,0.0,227.13,True,227.13,after_exit,False,2.85,227.13,2023-03
2581,2023-05-13,Project Management,External,Passed,1,257.4,2021-07-07,,Unk,Active,Sales,True,257.4,0.0,False,0.0,valid,True,1.85,257.4,2023-05
2582,2023-03-17,Leadership Development,Internal,Incomplete,2,360.65,2020-07-28,,Unk,Active,Sales,False,0.0,360.65,False,0.0,valid,True,2.63,180.32,2023-03
2583,2023-05-25,Customer Service,External,Completed,5,892.97,2020-09-16,,Unk,Active,Sales,True,892.97,0.0,False,0.0,valid,True,2.69,178.59,2023-05
2584,2023-03-16,Technical Skills,Internal,Incomplete,4,746.93,2023-04-23,,Unk,Active,Sales,False,0.0,746.93,False,0.0,before_hire,False,-0.1,186.73,2023-03
2585,2023-02-18,Customer Service,External,Incomplete,1,909.6,2021-06-04,,Unk,Active,Sales,False,0.0,909.6,False,0.0,valid,True,1.71,909.6,2023-02
2586,2022-08-05,Customer Service,Internal,Completed,5,222.04,2020-04-15,,Unk,Active,Sales,True,222.04,0.0,False,0.0,valid,True,2.31,44.41,2022-08
2587,2023-01-27,Project Management,Internal,Failed,3,583.69,2019-09-04,2020-04-13,Involuntary,Active,Sales,False,0.0,583.69,True,583.69,after_exit,False,3.4,194.56,2023-01
2588,2023-07-09,Communication Skills,Internal,Passed,3,856.44,2020-08-18,,Unk,Active,Sales,True,856.44,0.0,False,0.0,valid,True,2.89,285.48,2023-07
2589,2023-04-03,Communication Skills,External,Completed,4,919.1,2020-12-05,,Unk,Active,Sales,True,919.1,0.0,False,0.0,valid,True,2.32,229.78,2023-04
2590,2023-06-14,Leadership Development,External,Incomplete,3,606.76,2023-01-13,2023-02-12,Retirement,Active,Sales,False,0.0,606.76,True,606.76,after_exit,False,0.42,202.25,2023-06
2591,2022-10-06,Customer Service,Internal,Completed,2,745.31,2019-09-17,,Unk,Active,Sales,True,745.31,0.0,False,0.0,valid,True,3.05,372.66,2022-10
2592,2023-02-10,Technical Skills,Internal,Incomplete,3,240.57,2020-10-15,,Unk,Active,Sales,False,0.0,240.57,False,0.0,valid,True,2.32,80.19,2023-02
2593,2022-08-16,Communication Skills,Internal,Failed,3,659.82,2018-12-01,2021-06-23,Voluntary,Active,Sales,False,0.0,659.82,True,659.82,after_exit,False,3.71,219.94,2022-08
2594,2022-12-01,Communication Skills,Internal,Failed,3,273.94,2023-07-24,,Unk,Active,Sales,False,0.0,273.94,False,0.0,before_hire,False,-0.64,91.31,2022-12
2595,2022-08-12,Customer Service,External,Failed,4,920.91,2019-10-08,,Unk,Active,Sales,False,0.0,920.91,False,0.0,valid,True,2.84,230.23,2022-08
2596,2023-02-22,Communication Skills,External,Incomplete,2,114.28,2021-10-16,2022-05-04,Voluntary,Active,Sales,False,0.0,114.28,True,114.28,after_exit,False,1.35,57.14,2023-02
2597,2022-10-22,Communication Skills,External,Passed,3,242.28,2020-04-03,,Unk,Active,Sales,True,242.28,0.0,False,0.0,valid,True,2.55,80.76,2022-10
2598,2022-12-14,Customer Service,External,Completed,3,420.06,2020-01-08,,Unk,Active,Sales,True,420.06,0.0,False,0.0,valid,True,2.93,140.02,2022-12
2599,2023-02-13,Customer Service,External,Failed,2,288.93,2022-03-27,2023-06-14,Voluntary,Active,Sales,False,0.0,288.93,True,288.93,valid,True,0.88,144.46,2023-02
2600,2023-05-14,Project Management,Internal,Completed,3,637.45,2018-09-18,,Unk,Active,Sales,True,637.45,0.0,False,0.0,valid,True,4.65,212.48,2023-05
2601,2023-06-29,Communication Skills,External,Failed,5,944.24,2019-11-29,2020-04-21,Involuntary,Active,Sales,False,0.0,944.24,True,944.24,after_exit,False,3.58,188.85,2023-06
2602,2022-12-25,Leadership Development,Internal,Failed,4,364.41,2019-04-16,2022-08-05,Involuntary,Active,Admin Offices,False,0.0,364.41,True,364.41,after_exit,False,3.69,91.1,2022-12
2603,2022-10-20,Communication Skills,Internal,Passed,5,605.84,2019-03-05,2019-10-12,Involuntary,Active,Sales,True,605.84,0.0,True,605.84,after_exit,False,3.63,121.17,2022-10
2604,2022-11-01,Leadership Development,Internal,Failed,5,990.59,2018-12-20,2020-05-29,Voluntary,Active,Sales,False,0.0,990.59,True,990.59,after_exit,False,3.87,198.12,2022-11
2605,2022-11-14,Project Management,External,Completed,4,549.19,2021-03-08,2023-05-29,Retirement,Active,Sales,True,549.19,0.0,True,549.19,valid,True,1.69,137.3,2022-11
2606,2022-11-15,Leadership Development,External,Incomplete,1,587.34,2020-10-23,,Unk,Active,Sales,False,0.0,587.34,False,0.0,valid,True,2.06,587.34,2022-11
2607,2022-12-26,Technical Skills,External,Completed,3,918.96,2019-03-29,,Unk,Active,Sales,True,918.96,0.0,False,0.0,valid,True,3.75,306.32,2022-12
2608,2023-01-21,Project Management,Internal,Incomplete,2,525.41,2020-10-25,,Unk,Active,Sales,False,0.0,525.41,False,0.0,valid,True,2.24,262.7,2023-01
2609,2022-09-04,Communication Skills,External,Passed,1,484.08,2019-12-06,2021-07-18,Retirement,Active,Sales,True,484.08,0.0,True,484.08,after_exit,False,2.75,484.08,2022-09
2610,2023-06-25,Customer Service,External,Passed,5,184.63,2022-09-23,2023-01-25,Retirement,Active,Sales,True,184.63,0.0,True,184.63,after_exit,False,0.75,36.93,2023-06
2611,2022-10-29,Customer Service,Internal,Failed,3,793.77,2019-12-26,2022-06-04,Voluntary,Active,Sales,False,0.0,793.77,True,793.77,after_exit,False,2.84,264.59,2022-10
2612,2023-04-23,Customer Service,Internal,Completed,3,301.02,2018-08-27,2019-12-19,Retirement,Active,Sales,True,301.02,0.0,True,301.02,after_exit,False,4.65,100.34,2023-04
2613,2022-10-28,Leadership Development,Internal,Failed,3,253.86,2022-12-12,2023-03-07,Resignation,Active,Sales,False,0.0,253.86,True,253.86,before_hire,False,-0.12,84.62,2022-10
2614,2022-11-09,Project Management,External,Completed,2,468.59,2021-05-13,,Unk,Active,Sales,True,468.59,0.0,False,0.0,valid,True,1.49,234.3,2022-11
2615,2023-03-10,Leadership Development,Internal,Completed,5,689.87,2021-03-31,,Unk,Active,Sales,True,689.87,0.0,False,0.0,valid,True,1.94,137.97,2023-03
2616,2023-04-16,Customer Service,External,Failed,5,428.33,2019-08-14,2022-09-04,Involuntary,Active,Sales,False,0.0,428.33,True,428.33,after_exit,False,3.67,85.67,2023-04
2617,2023-07-24,Project Management,External,Completed,2,806.47,2020-08-02,2022-12-30,Retirement,Active,Sales,True,806.47,0.0,True,806.47,after_exit,False,2.97,403.24,2023-07
2618,2023-01-23,Communication Skills,Internal,Passed,3,399.63,2019-06-04,,Unk,Active,Admin Offices,True,399.63,0.0,False,0.0,valid,True,3.64,133.21,2023-01
2619,2022-12-30,Technical Skills,Internal,Completed,3,440.24,2020-06-17,2022-02-08,Involuntary,Active,Sales,True,440.24,0.0,True,440.24,after_exit,False,2.54,146.75,2022-12
2620,2023-01-24,Communication Skills,External,Passed,1,485.2,2021-03-04,,Unk,Active,Sales,True,485.2,0.0,False,0.0,valid,True,1.89,485.2,2023-01
2621,2023-03-03,Project Management,Internal,Incomplete,2,451.56,2018-09-14,,Unk,Active,Sales,False,0.0,451.56,False,0.0,valid,True,4.47,225.78,2023-03
2622,2022-12-08,Leadership Development,External,Passed,5,159.37,2020-07-20,,Unk,Active,Sales,True,159.37,0.0,False,0.0,valid,True,2.38,31.87,2022-12
2623,2022-08-28,Leadership Development,Internal,Incomplete,4,310.28,2020-05-21,2021-06-13,Involuntary,Active,Sales,False,0.0,310.28,True,310.28,after_exit,False,2.27,77.57,2022-08
2624,2022-11-04,Customer Service,Internal,Incomplete,2,227.91,2023-06-11,2023-07-28,Retirement,Active,Sales,False,0.0,227.91,True,227.91,before_hire,False,-0.6,113.96,2022-11
2625,2022-10-01,Technical Skills,Internal,Failed,3,379.25,2022-11-27,2023-05-19,Retirement,Active,Sales,False,0.0,379.25,True,379.25,before_hire,False,-0.16,126.42,2022-10
2626,2023-01-05,Technical Skills,Internal,Incomplete,3,197.3,2020-03-02,2022-05-27,Resignation,Active,Sales,False,0.0,197.3,True,197.3,after_exit,False,2.84,65.77,2023-01
2627,2022-08-18,Customer Service,Internal,Completed,4,862.64,2023-01-29,2023-05-24,Retirement,Active,Sales,True,862.64,0.0,True,862.64,before_hire,False,-0.45,215.66,2022-08
2628,2022-09-05,Technical Skills,Internal,Passed,1,896.12,2021-12-07,,Unk,Active,Sales,True,896.12,0.0,False,0.0,valid,True,0.74,896.12,2022-09
2629,2023-01-05,Communication Skills,External,Completed,4,750.65,2023-03-19,2023-07-11,Retirement,Active,Sales,True,750.65,0.0,True,750.65,before_hire,False,-0.2,187.66,2023-01
2630,2022-09-07,Technical Skills,External,Incomplete,4,424.19,2022-06-10,2023-02-14,Involuntary,Active,Sales,False,0.0,424.19,True,424.19,valid,True,0.24,106.05,2022-09
2631,2022-10-11,Customer Service,External,Incomplete,4,775.32,2021-03-03,,Unk,Active,Sales,False,0.0,775.32,False,0.0,valid,True,1.61,193.83,2022-10
2632,2023-04-19,Customer Service,External,Incomplete,2,209.47,2022-03-06,,Unk,Active,Sales,False,0.0,209.47,False,0.0,valid,True,1.12,104.74,2023-04
2633,2023-02-09,Project Management,Internal,Completed,2,859.39,2022-08-08,,Unk,Active,Sales,True,859.39,0.0,False,0.0,valid,True,0.51,429.7,2023-02
2634,2023-05-26,Project Management,External,Completed,1,532.85,2023-03-12,,Unk,Active,Sales,True,532.85,0.0,False,0.0,valid,True,0.21,532.85,2023-05
2635,2023-02-03,Communication Skills,External,Passed,2,136.6,2019-05-01,2023-02-16,Voluntary,Active,Admin Offices,True,136.6,0.0,True,136.6,valid,True,3.76,68.3,2023-02
2636,2023-07-14,Communication Skills,Internal,Passed,4,483.54,2018-09-13,2020-11-04,Resignation,Active,Sales,True,483.54,0.0,True,483.54,after_exit,False,4.83,120.88,2023-07
2637,2023-04-24,Communication Skills,Internal,Completed,1,709.79,2022-11-16,,Unk,Active,Sales,True,709.79,0.0,False,0.0,valid,True,0.44,709.79,2023-04
2638,2023-05-28,Technical Skills,External,Passed,2,152.85,2021-11-20,2023-03-17,Voluntary,Active,Sales,True,152.85,0.0,True,152.85,after_exit,False,1.52,76.42,2023-05
2639,2023-02-19,Project Management,Internal,Completed,4,977.29,2020-09-29,,Unk,Active,Sales,True,977.29,0.0,False,0.0,valid,True,2.39,244.32,2023-02
2640,2023-02-20,Project Management,Internal,Failed,4,237.14,2021-08-28,2022-09-06,Voluntary,Active,Sales,False,0.0,237.14,True,237.14,after_exit,False,1.48,59.28,2023-02
2641,2022-08-25,Technical Skills,Internal,Passed,5,637.84,2021-04-28,2022-03-22,Voluntary,Active,Sales,True,637.84,0.0,True,637.84,after_exit,False,1.33,127.57,2022-08
2642,2023-07-01,Project Management,Internal,Completed,1,889.73,2022-06-15,2023-05-05,Voluntary,Active,Sales,True,889.73,0.0,True,889.73,after_exit,False,1.04,889.73,2023-07
2643,2023-06-15,Project Management,Internal,Failed,2,357.94,2022-04-15,2022-10-10,Voluntary,Active,Sales,False,0.0,357.94,True,357.94,after_exit,False,1.17,178.97,2023-06
2644,2023-04-01,Customer Service,Internal,Incomplete,1,150.96,2020-07-19,2021-04-10,Involuntary,Active,Sales,False,0.0,150.96,True,150.96,after_exit,False,2.7,150.96,2023-04
2645,2022-11-02,Technical Skills,Internal,Completed,2,933.2,2020-07-02,,Unk,Active,Sales,True,933.2,0.0,False,0.0,valid,True,2.34,466.6,2022-11
2646,2023-07-15,Project Management,External,Failed,3,378.6,2019-08-04,,Unk,Active,Sales,False,0.0,378.6,False,0.0,valid,True,3.95,126.2,2023-07
2647,2023-01-28,Project Management,Internal,Completed,5,162.93,2019-01-09,,Unk,Active,Sales,True,162.93,0.0,False,0.0,valid,True,4.05,32.59,2023-01
2648,2023-03-07,Project Management,External,Incomplete,3,294.91,2022-10-01,,Unk,Active,Sales,False,0.0,294.91,False,0.0,valid,True,0.43,98.3,2023-03
2649,2022-09-25,Communication Skills,Internal,Passed,1,836.76,2020-09-28,2023-06-02,Retirement,Active,Sales,True,836.76,0.0,True,836.76,valid,True,1.99,836.76,2022-09
2650,2022-08-29,Communication Skills,Internal,Passed,1,136.23,2018-11-15,,Unk,Active,Sales,True,136.23,0.0,False,0.0,valid,True,3.79,136.23,2022-08
2651,2023-06-12,Customer Service,External,Completed,3,236.69,2020-11-24,,Unk,Active,Sales,True,236.69,0.0,False,0.0,valid,True,2.55,78.9,2023-06
2652,2022-10-23,Customer Service,External,Incomplete,1,424.44,2023-07-09,2023-07-14,Voluntary,Active,Sales,False,0.0,424.44,True,424.44,before_hire,False,-0.71,424.44,2022-10
2653,2023-01-24,Technical Skills,Internal,Incomplete,3,139.71,2023-04-20,2023-05-08,Retirement,Active,Sales,False,0.0,139.71,True,139.71,before_hire,False,-0.24,46.57,2023-01
2654,2023-03-18,Communication Skills,External,Passed,3,428.13,2019-08-22,2020-01-07,Resignation,Active,Sales,True,428.13,0.0,True,428.13,after_exit,False,3.57,142.71,2023-03
2655,2023-05-31,Project Management,External,Incomplete,3,972.66,2022-08-02,2023-04-07,Voluntary,Active,Sales,False,0.0,972.66,True,972.66,after_exit,False,0.83,324.22,2023-05
2656,2023-02-25,Communication Skills,External,Failed,1,877.57,2018-10-31,2020-01-23,Voluntary,Active,Sales,False,0.0,877.57,True,877.57,after_exit,False,4.32,877.57,2023-02
2657,2023-05-08,Project Management,External,Failed,3,751.13,2021-11-23,2022-07-20,Voluntary,Active,Sales,False,0.0,751.13,True,751.13,after_exit,False,1.45,250.38,2023-05
2658,2023-06-29,Technical Skills,External,Passed,1,471.89,2023-07-01,2023-07-21,Involuntary,Active,Sales,True,471.89,0.0,True,471.89,before_hire,False,-0.01,471.89,2023-06
2659,2022-08-30,Customer Service,External,Failed,3,957.63,2022-07-18,,Unk,Active,Sales,False,0.0,957.63,False,0.0,valid,True,0.12,319.21,2022-08
2660,2022-09-07,Project Management,External,Passed,1,788.33,2019-08-09,,Unk,Active,Sales,True,788.33,0.0,False,0.0,valid,True,3.08,788.33,2022-09
2661,2023-01-12,Communication Skills,Internal,Completed,4,220.32,2021-07-06,,Unk,Active,Sales,True,220.32,0.0,False,0.0,valid,True,1.52,55.08,2023-01
2662,2023-03-10,Project Management,External,Completed,5,406.1,2021-02-02,,Unk,Active,Sales,True,406.1,0.0,False,0.0,valid,True,2.1,81.22,2023-03
2663,2022-12-17,Customer Service,External,Passed,4,819.64,2023-01-06,2023-04-25,Resignation,Active,Sales,True,819.64,0.0,True,819.64,before_hire,False,-0.05,204.91,2022-12
2664,2022-09-13,Project Management,External,Incomplete,3,355.84,2021-11-13,,Unk,Active,Sales,False,0.0,355.84,False,0.0,valid,True,0.83,118.61,2022-09
2665,2022-09-03,Communication Skills,Internal,Completed,4,786.38,2020-03-15,,Unk,Active,Sales,True,786.38,0.0,False,0.0,valid,True,2.47,196.6,2022-09
2666,2023-02-02,Project Management,Internal,Failed,2,460.62,2018-11-07,2022-01-08,Retirement,Active,Sales,False,0.0,460.62,True,460.62,after_exit,False,4.24,230.31,2023-02
2667,2023-02-05,Leadership Development,External,Passed,4,821.39,2019-10-03,2021-08-25,Retirement,Active,Sales,True,821.39,0.0,True,821.39,after_exit,False,3.34,205.35,2023-02
2668,2023-01-19,Project Management,Internal,Passed,3,968.31,2022-08-12,2023-04-16,Resignation,Active,Sales,True,968.31,0.0,True,968.31,valid,True,0.44,322.77,2023-01
2669,2023-03-17,Project Management,Internal,Completed,3,912.22,2018-12-22,,Unk,Active,Sales,True,912.22,0.0,False,0.0,valid,True,4.23,304.07,2023-03
2670,2023-06-28,Project Management,External,Completed,4,144.83,2021-03-27,,Unk,Active,Sales,True,144.83,0.0,False,0.0,valid,True,2.25,36.21,2023-06
2671,2023-01-14,Project Management,Internal,Passed,4,425.59,2022-07-18,,Unk,Active,Sales,True,425.59,0.0,False,0.0,valid,True,0.49,106.4,2023-01
2672,2023-07-18,Project Management,Internal,Incomplete,2,118.43,2020-04-09,2023-05-06,Involuntary,Active,Sales,False,0.0,118.43,True,118.43,after_exit,False,3.27,59.22,2023-07
2673,2023-05-11,Customer Service,Internal,Incomplete,2,281.27,2022-01-07,,Unk,Active,Sales,False,0.0,281.27,False,0.0,valid,True,1.34,140.64,2023-05
2674,2023-04-05,Customer Service,External,Incomplete,5,283.65,2022-07-15,,Unk,Active,Sales,False,0.0,283.65,False,0.0,valid,True,0.72,56.73,2023-04
2675,2022-10-07,Customer Service,Internal,Completed,3,475.75,2020-11-29,2022-07-16,Resignation,Active,Sales,True,475.75,0.0,True,475.75,after_exit,False,1.85,158.58,2022-10
2676,2022-10-11,Leadership Development,External,Failed,3,188.07,2019-03-20,2020-09-23,Resignation,Active,Sales,False,0.0,188.07,True,188.07,after_exit,False,3.56,62.69,2022-10
2677,2022-12-30,Technical Skills,External,Incomplete,4,843.69,2019-03-16,2022-01-08,Resignation,Active,Sales,False,0.0,843.69,True,843.69,after_exit,False,3.79,210.92,2022-12
2678,2023-04-06,Project Management,External,Failed,3,166.28,2021-05-30,,Unk,Active,Sales,False,0.0,166.28,False,0.0,valid,True,1.85,55.43,2023-04
2679,2022-08-17,Communication Skills,External,Completed,2,119.62,2022-11-17,,Unk,Active,Sales,True,119.62,0.0,False,0.0,before_hire,False,-0.25,59.81,2022-08
2680,2023-05-11,Customer Service,Internal,Failed,2,400.81,2020-12-25,2021-10-04,Involuntary,Active,Sales,False,0.0,400.81,True,400.81,after_exit,False,2.37,200.4,2023-05
2681,2023-01-26,Leadership Development,Internal,Completed,1,318.38,2020-06-16,2021-08-13,Involuntary,Active,Sales,True,318.38,0.0,True,318.38,after_exit,False,2.61,318.38,2023-01
2682,2023-05-05,Communication Skills,External,Failed,3,238.12,2020-07-28,,Unk,Active,Sales,False,0.0,238.12,False,0.0,valid,True,2.77,79.37,2023-05
2683,2022-08-26,Technical Skills,External,Passed,2,412.34,2021-12-31,,Unk,Active,Sales,True,412.34,0.0,False,0.0,valid,True,0.65,206.17,2022-08
2684,2023-01-23,Communication Skills,Internal,Passed,5,776.58,2022-02-07,2023-03-02,Retirement,Active,Sales,True,776.58,0.0,True,776.58,valid,True,0.96,155.32,2023-01
2685,2023-02-07,Project Management,External,Passed,4,231.34,2021-11-23,2022-03-29,Resignation,Active,Sales,True,231.34,0.0,True,231.34,after_exit,False,1.21,57.84,2023-02
2686,2022-11-12,Project Management,External,Completed,1,278.7,2021-08-15,,Unk,Active,Sales,True,278.7,0.0,False,0.0,valid,True,1.24,278.7,2022-11
2687,2023-07-20,Technical Skills,External,Incomplete,1,272.22,2021-06-21,,Unk,Active,Sales,False,0.0,272.22,False,0.0,valid,True,2.08,272.22,2023-07
2688,2022-11-18,Customer Service,External,Completed,2,638.6,2021-02-13,,Unk,Active,Sales,True,638.6,0.0,False,0.0,valid,True,1.76,319.3,2022-11
2689,2023-07-12,Project Management,External,Passed,1,812.6,2020-12-28,,Unk,Active,Sales,True,812.6,0.0,False,0.0,valid,True,2.54,812.6,2023-07
2690,2023-02-23,Technical Skills,External,Completed,1,134.11,2022-04-12,2022-09-02,Involuntary,Active,Sales,True,134.11,0.0,True,134.11,after_exit,False,0.87,134.11,2023-02
2691,2022-12-29,Project Management,External,Failed,3,934.3,2019-01-02,,Unk,Active,Sales,False,0.0,934.3,False,0.0,valid,True,3.99,311.43,2022-12
2692,2023-05-30,Communication Skills,External,Completed,1,614.11,2020-08-01,2022-10-01,Voluntary,Active,Sales,True,614.11,0.0,True,614.11,after_exit,False,2.83,614.11,2023-05
2693,2023-05-16,Project Management,External,Failed,2,175.75,2020-10-14,,Unk,Active,Sales,False,0.0,175.75,False,0.0,valid,True,2.58,87.88,2023-05
2694,2022-08-08,Customer Service,External,Failed,2,167.34,2023-05-26,2023-07-14,Involuntary,Active,Sales,False,0.0,167.34,True,167.34,before_hire,False,-0.8,83.67,2022-08
2695,2023-01-25,Customer Service,External,Passed,2,123.83,2021-08-26,2022-11-25,Retirement,Active,Sales,True,123.83,0.0,True,123.83,after_exit,False,1.42,61.92,2023-01
2696,2023-03-29,Technical Skills,External,Incomplete,2,932.48,2022-11-20,2023-02-08,Retirement,Active,Sales,False,0.0,932.48,True,932.48,after_exit,False,0.35,466.24,2023-03
2697,2023-02-19,Project Management,Internal,Completed,4,714.81,2020-02-22,,Unk,Active,Sales,True,714.81,0.0,False,0.0,valid,True,2.99,178.7,2023-02
2698,2022-12-12,Project Management,Internal,Incomplete,3,152.78,2021-04-04,,Unk,Active,Sales,False,0.0,152.78,False,0.0,valid,True,1.69,50.93,2022-12
2699,2023-01-31,Technical Skills,External,Incomplete,2,717.16,2023-08-05,,Unk,Active,Sales,False,0.0,717.16,False,0.0,before_hire,False,-0.51,358.58,2023-01
2700,2023-06-29,Technical Skills,External,Failed,1,272.59,2023-01-10,2023-08-06,Resignation,Active,Sales,False,0.0,272.59,True,272.59,valid,True,0.47,272.59,2023-06
2701,2023-04-20,Leadership Development,External,Incomplete,5,155.14,2019-04-19,,Unk,Active,Sales,False,0.0,155.14,False,0.0,valid,True,4.0,31.03,2023-04
2702,2022-09-05,Communication Skills,Internal,Completed,1,328.74,2019-10-02,,Unk,Active,Sales,True,328.74,0.0,False,0.0,valid,True,2.93,328.74,2022-09
2703,2023-03-31,Leadership Development,Internal,Passed,2,775.58,2018-11-14,,Unk,Active,Sales,True,775.58,0.0,False,0.0,valid,True,4.38,387.79,2023-03
2704,2022-12-10,Leadership Development,Internal,Incomplete,2,499.97,2020-01-27,2022-06-19,Voluntary,Active,Sales,False,0.0,499.97,True,499.97,after_exit,False,2.87,249.98,2022-12
2705,2023-05-24,Communication Skills,External,Incomplete,1,826.31,2018-11-04,,Unk,Active,Sales,False,0.0,826.31,False,0.0,valid,True,4.55,826.31,2023-05
2706,2023-03-28,Leadership Development,Internal,Failed,5,258.38,2018-12-13,2019-01-13,Involuntary,Active,Sales,False,0.0,258.38,True,258.38,after_exit,False,4.29,51.68,2023-03
2707,2022-11-16,Customer Service,External,Incomplete,3,412.09,2022-11-28,,Unk,Active,Sales,False,0.0,412.09,False,0.0,before_hire,False,-0.03,137.36,2022-11
2708,2022-12-04,Leadership Development,Internal,Failed,5,294.23,2022-06-08,2022-08-07,Involuntary,Active,Sales,False,0.0,294.23,True,294.23,after_exit,False,0.49,58.85,2022-12
2709,2022-10-15,Technical Skills,Internal,Failed,2,415.45,2022-04-03,,Unk,Active,Sales,False,0.0,415.45,False,0.0,valid,True,0.53,207.72,2022-10
2710,2023-07-20,Customer Service,Internal,Failed,5,807.71,2022-02-28,,Unk,Active,Sales,False,0.0,807.71,False,0.0,valid,True,1.39,161.54,2023-07
2711,2022-09-13,Leadership Development,Internal,Completed,1,408.39,2021-08-19,,Unk,Active,Sales,True,408.39,0.0,False,0.0,valid,True,1.07,408.39,2022-09
2712,2023-01-30,Communication Skills,External,Passed,1,741.6,2018-08-19,,Unk,Active,Sales,True,741.6,0.0,False,0.0,valid,True,4.45,741.6,2023-01
2713,2023-04-09,Technical Skills,External,Completed,3,193.48,2019-10-15,,Unk,Active,Sales,True,193.48,0.0,False,0.0,valid,True,3.48,64.49,2023-04
2714,2023-01-08,Technical Skills,Internal,Incomplete,5,831.09,2023-02-23,2023-04-20,Resignation,Active,Sales,False,0.0,831.09,True,831.09,before_hire,False,-0.13,166.22,2023-01
2715,2022-10-14,Customer Service,External,Completed,5,573.56,2023-02-01,,Unk,Active,Sales,True,573.56,0.0,False,0.0,before_hire,False,-0.3,114.71,2022-10
2716,2023-01-16,Leadership Development,Internal,Completed,4,247.11,2023-05-07,,Unk,Active,Sales,True,247.11,0.0,False,0.0,before_hire,False,-0.3,61.78,2023-01
2717,2023-03-25,Communication Skills,Internal,Passed,5,866.13,2020-05-26,,Unk,Active,Sales,True,866.13,0.0,False,0.0,valid,True,2.83,173.23,2023-03
2718,2022-11-13,Project Management,Internal,Incomplete,5,760.24,2022-02-09,,Unk,Active,Sales,False,0.0,760.24,False,0.0,valid,True,0.76,152.05,2022-11
2719,2023-07-25,Leadership Development,Internal,Passed,5,992.93,2022-06-20,2023-03-23,Voluntary,Active,Sales,True,992.93,0.0,True,992.93,after_exit,False,1.1,198.59,2023-07
2720,2023-05-09,Customer Service,External,Failed,2,960.4,2022-01-08,2022-09-03,Retirement,Active,Sales,False,0.0,960.4,True,960.4,after_exit,False,1.33,480.2,2023-05
2721,2022-10-19,Project Management,Internal,Incomplete,4,173.54,2020-03-01,,Unk,Active,Sales,False,0.0,173.54,False,0.0,valid,True,2.63,43.38,2022-10
2722,2023-07-17,Leadership Development,External,Passed,1,334.08,2020-10-05,,Unk,Active,Sales,True,334.08,0.0,False,0.0,valid,True,2.78,334.08,2023-07
2723,2023-07-22,Leadership Development,External,Incomplete,3,763.23,2021-05-12,2022-07-01,Voluntary,Active,Sales,False,0.0,763.23,True,763.23,after_exit,False,2.19,254.41,2023-07
2724,2023-06-03,Leadership Development,External,Completed,2,611.51,2023-01-01,2023-07-05,Involuntary,Active,Sales,True,611.51,0.0,True,611.51,valid,True,0.42,305.76,2023-06
2725,2022-12-29,Technical Skills,Internal,Incomplete,2,354.21,2019-11-18,,Unk,Active,Sales,False,0.0,354.21,False,0.0,valid,True,3.11,177.1,2022-12
2726,2023-01-16,Customer Service,External,Passed,3,502.39,2021-05-12,2021-11-07,Retirement,Active,Sales,True,502.39,0.0,True,502.39,after_exit,False,1.68,167.46,2023-01
2727,2022-12-31,Communication Skills,Internal,Incomplete,2,687.99,2020-02-14,2021-12-21,Resignation,Active,Sales,False,0.0,687.99,True,687.99,after_exit,False,2.88,344.0,2022-12
2728,2023-01-27,Project Management,Internal,Completed,5,877.47,2020-05-08,2023-03-28,Involuntary,Active,Sales,True,877.47,0.0,True,877.47,valid,True,2.72,175.49,2023-01
2729,2023-07-06,Leadership Development,External,Passed,2,700.04,2018-12-10,,Unk,Active,Sales,True,700.04,0.0,False,0.0,valid,True,4.57,350.02,2023-07
2730,2023-05-20,Project Management,External,Incomplete,5,486.43,2021-12-08,,Unk,Active,Sales,False,0.0,486.43,False,0.0,valid,True,1.45,97.29,2023-05
2731,2023-04-20,Technical Skills,Internal,Failed,1,897.96,2019-01-31,,Unk,Active,Sales,False,0.0,897.96,False,0.0,valid,True,4.22,897.96,2023-04
2732,2023-02-23,Customer Service,Internal,Completed,3,147.28,2022-08-31,2023-04-27,Retirement,Active,Sales,True,147.28,0.0,True,147.28,valid,True,0.48,49.09,2023-02
2733,2023-02-12,Leadership Development,Internal,Completed,5,612.96,2022-02-01,,Unk,Active,Sales,True,612.96,0.0,False,0.0,valid,True,1.03,122.59,2023-02
2734,2023-02-22,Communication Skills,External,Completed,5,953.92,2020-12-02,,Unk,Active,Sales,True,953.92,0.0,False,0.0,valid,True,2.22,190.78,2023-02
2735,2022-11-12,Leadership Development,External,Incomplete,1,519.23,2020-10-16,,Unk,Active,Sales,False,0.0,519.23,False,0.0,valid,True,2.07,519.23,2022-11
2736,2023-03-05,Technical Skills,Internal,Passed,1,297.94,2020-05-27,,Unk,Active,Sales,True,297.94,0.0,False,0.0,valid,True,2.77,297.94,2023-03
2737,2023-04-18,Communication Skills,Internal,Failed,5,317.55,2021-08-20,2021-10-09,Retirement,Active,Sales,False,0.0,317.55,True,317.55,after_exit,False,1.66,63.51,2023-04
2738,2022-10-01,Communication Skills,Internal,Incomplete,5,880.42,2019-02-07,2019-03-25,Involuntary,Active,Sales,False,0.0,880.42,True,880.42,after_exit,False,3.65,176.08,2022-10
2739,2022-08-21,Customer Service,Internal,Completed,1,457.71,2021-02-18,2021-11-26,Resignation,Active,Sales,True,457.71,0.0,True,457.71,after_exit,False,1.5,457.71,2022-08
2740,2023-05-17,Communication Skills,Internal,Completed,3,200.27,2022-12-02,,Unk,Active,Sales,True,200.27,0.0,False,0.0,valid,True,0.45,66.76,2023-05
2741,2022-09-26,Technical Skills,External,Failed,5,573.08,2021-07-29,2022-05-05,Resignation,Active,Sales,False,0.0,573.08,True,573.08,after_exit,False,1.16,114.62,2022-09
2742,2022-09-05,Communication Skills,Internal,Incomplete,4,785.39,2022-04-23,2022-12-16,Retirement,Active,Sales,False,0.0,785.39,True,785.39,valid,True,0.37,196.35,2022-09
2743,2023-04-20,Technical Skills,Internal,Failed,3,437.36,2021-07-31,2022-04-07,Voluntary,Active,Sales,False,0.0,437.36,True,437.36,after_exit,False,1.72,145.79,2023-04
2744,2022-10-29,Technical Skills,External,Incomplete,5,955.17,2020-06-12,,Unk,Active,Sales,False,0.0,955.17,False,0.0,valid,True,2.38,191.03,2022-10
2745,2022-10-12,Technical Skills,Internal,Failed,3,542.56,2019-01-25,,Unk,Active,Sales,False,0.0,542.56,False,0.0,valid,True,3.71,180.85,2022-10
2746,2023-02-12,Project Management,External,Incomplete,5,399.23,2020-10-24,2023-04-08,Involuntary,Voluntarily Terminated,Sales,False,0.0,399.23,True,399.23,valid,True,2.3,79.85,2023-02
2747,2022-10-15,Technical Skills,External,Failed,2,677.74,2018-08-18,2019-02-28,Voluntary,Active,Production,False,0.0,677.74,True,677.74,after_exit,False,4.16,338.87,2022-10
2748,2023-01-14,Project Management,External,Completed,2,301.42,2022-07-11,,Unk,Active,Production,True,301.42,0.0,False,0.0,valid,True,0.51,150.71,2023-01
2749,2022-11-19,Customer Service,External,Failed,5,149.65,2018-11-15,2018-11-19,Retirement,Voluntarily Terminated,Production,False,0.0,149.65,True,149.65,after_exit,False,4.01,29.93,2022-11
2750,2023-02-27,Customer Service,Internal,Passed,1,462.45,2022-06-04,,Unk,Active,Production,True,462.45,0.0,False,0.0,valid,True,0.73,462.45,2023-02
2751,2023-02-15,Communication Skills,External,Incomplete,2,585.76,2018-10-27,2019-07-10,Retirement,Leave of Absence,Production,False,0.0,585.76,True,585.76,after_exit,False,4.3,292.88,2023-02
2752,2022-12-06,Customer Service,Internal,Incomplete,5,450.64,2022-10-21,2023-05-09,Involuntary,Active,Production,False,0.0,450.64,True,450.64,valid,True,0.13,90.13,2022-12
2753,2022-10-18,Communication Skills,Internal,Completed,1,437.7,2023-01-13,2023-05-24,Voluntary,Active,Production,True,437.7,0.0,True,437.7,before_hire,False,-0.24,437.7,2022-10
2754,2023-04-04,Project Management,Internal,Failed,1,823.08,2020-04-05,,Unk,Active,Production,False,0.0,823.08,False,0.0,valid,True,3.0,823.08,2023-04
2755,2022-12-21,Technical Skills,Internal,Completed,4,118.68,2022-05-26,,Unk,Active,Production,True,118.68,0.0,False,0.0,valid,True,0.57,29.67,2022-12
2756,2023-04-04,Communication Skills,External,Completed,5,120.79,2021-05-05,,Unk,Active,Production,True,120.79,0.0,False,0.0,valid,True,1.91,24.16,2023-04
2757,2022-12-19,Technical Skills,External,Failed,1,519.35,2023-07-01,2023-08-04,Retirement,Future Start,Production,False,0.0,519.35,True,519.35,before_hire,False,-0.53,519.35,2022-12
2758,2023-05-17,Technical Skills,External,Incomplete,4,100.17,2018-12-20,2023-06-13,Involuntary,Terminated for Cause,Production,False,0.0,100.17,True,100.17,valid,True,4.41,25.04,2023-05
2759,2023-06-30,Project Management,Internal,Incomplete,1,662.8,2018-08-26,,Unk,Active,Production,False,0.0,662.8,False,0.0,valid,True,4.84,662.8,2023-06
2760,2023-05-03,Leadership Development,Internal,Completed,3,287.59,2020-12-06,2022-08-26,Voluntary,Active,Production,True,287.59,0.0,True,287.59,after_exit,False,2.4,95.86,2023-05
2761,2022-11-26,Project Management,External,Incomplete,4,653.32,2021-12-13,2022-06-11,Resignation,Active,Production,False,0.0,653.32,True,653.32,after_exit,False,0.95,163.33,2022-11
2762,2023-04-26,Leadership Development,Internal,Failed,3,254.85,2021-06-27,2022-01-02,Resignation,Voluntarily Terminated,Production,False,0.0,254.85,True,254.85,after_exit,False,1.83,84.95,2023-04
2763,2022-11-24,Technical Skills,External,Completed,4,430.35,2019-10-19,,Unk,Active,Production,True,430.35,0.0,False,0.0,valid,True,3.1,107.59,2022-11
2764,2023-06-14,Communication Skills,External,Incomplete,5,755.77,2022-11-26,2023-01-13,Involuntary,Active,Production,False,0.0,755.77,True,755.77,after_exit,False,0.55,151.15,2023-06
2765,2023-03-30,Customer Service,Internal,Incomplete,2,529.91,2019-08-19,,Unk,Active,Production,False,0.0,529.91,False,0.0,valid,True,3.61,264.96,2023-03
2766,2023-03-25,Technical Skills,External,Completed,1,440.14,2018-08-22,2022-04-14,Involuntary,Voluntarily Terminated,Production,True,440.14,0.0,True,440.14,after_exit,False,4.59,440.14,2023-03
2767,2023-01-21,Customer Service,Internal,Passed,2,972.3,2022-05-04,,Unk,Active,Production,True,972.3,0.0,False,0.0,valid,True,0.72,486.15,2023-01
2768,2022-10-24,Project Management,Internal,Incomplete,5,176.6,2022-06-12,,Unk,Active,Production,False,0.0,176.6,False,0.0,valid,True,0.37,35.32,2022-10
2769,2023-07-17,Project Management,Internal,Completed,1,747.74,2018-11-08,,Unk,Active,Production,True,747.74,0.0,False,0.0,valid,True,4.69,747.74,2023-07
2770,2023-07-07,Customer Service,External,Passed,5,451.03,2021-07-05,,Unk,Active,Production,True,451.03,0.0,False,0.0,valid,True,2.0,90.21,2023-07
2771,2022-12-11,Technical Skills,Internal,Incomplete,5,255.16,2020-07-08,2021-09-24,Retirement,Terminated for Cause,Production,False,0.0,255.16,True,255.16,after_exit,False,2.43,51.03,2022-12
2772,2023-02-06,Leadership Development,Internal,Passed,5,258.08,2020-03-13,,Unk,Active,Production,True,258.08,0.0,False,0.0,valid,True,2.9,51.62,2023-02
2773,2023-02-02,Communication Skills,Internal,Completed,4,697.67,2022-12-28,,Unk,Active,Production,True,697.67,0.0,False,0.0,valid,True,0.1,174.42,2023-02
2774,2023-08-05,Communication Skills,Internal,Passed,5,694.23,2020-03-17,,Unk,Active,Production,True,694.23,0.0,False,0.0,valid,True,3.38,138.85,2023-08
2775,2022-11-05,Technical Skills,Internal,Incomplete,1,703.45,2023-01-07,,Unk,Active,Production,False,0.0,703.45,False,0.0,before_hire,False,-0.17,703.45,2022-11
2776,2023-07-09,Leadership Development,External,Incomplete,1,134.44,2021-12-22,,Unk,Active,Production,False,0.0,134.44,False,0.0,valid,True,1.54,134.44,2023-07
2777,2023-07-25,Communication Skills,Internal,Failed,2,458.37,2020-04-29,2022-11-22,Voluntary,Active,Production,False,0.0,458.37,True,458.37,after_exit,False,3.24,229.18,2023-07
2778,2022-10-06,Project Management,External,Failed,5,594.73,2020-12-02,,Unk,Active,Production,False,0.0,594.73,False,0.0,valid,True,1.84,118.95,2022-10
2779,2023-02-13,Leadership Development,Internal,Completed,3,330.68,2021-12-08,2022-06-20,Resignation,Active,Production,True,330.68,0.0,True,330.68,after_exit,False,1.18,110.23,2023-02
2780,2022-12-24,Communication Skills,Internal,Incomplete,3,625.69,2022-04-13,2023-08-04,Retirement,Active,Production,False,0.0,625.69,True,625.69,valid,True,0.7,208.56,2022-12
2781,2022-11-12,Leadership Development,Internal,Completed,5,437.26,2020-12-23,2022-07-23,Retirement,Voluntarily Terminated,Production,True,437.26,0.0,True,437.26,after_exit,False,1.89,87.45,2022-11
2782,2022-10-17,Leadership Development,Internal,Passed,2,134.99,2019-03-31,,Unk,Active,Production,True,134.99,0.0,False,0.0,valid,True,3.55,67.5,2022-10
2783,2023-05-20,Technical Skills,External,Incomplete,4,880.21,2023-06-11,2023-07-30,Resignation,Active,Production,False,0.0,880.21,True,880.21,before_hire,False,-0.06,220.05,2023-05
2784,2022-09-08,Customer Service,Internal,Completed,5,427.99,2021-05-20,2023-01-31,Involuntary,Active,Production,True,427.99,0.0,True,427.99,valid,True,1.3,85.6,2022-09
2785,2022-11-26,Technical Skills,Internal,Completed,1,925.68,2020-11-14,,Unk,Active,Production,True,925.68,0.0,False,0.0,valid,True,2.03,925.68,2022-11
2786,2023-06-16,Communication Skills,External,Incomplete,4,485.05,2018-12-29,,Unk,Active,Production,False,0.0,485.05,False,0.0,valid,True,4.46,121.26,2023-06
2787,2023-04-18,Technical Skills,External,Passed,5,720.07,2021-04-22,,Unk,Active,Production,True,720.07,0.0,False,0.0,valid,True,1.99,144.01,2023-04
2788,2023-01-21,Project Management,External,Incomplete,5,161.15,2023-06-03,2023-07-14,Involuntary,Voluntarily Terminated,Production,False,0.0,161.15,True,161.15,before_hire,False,-0.36,32.23,2023-01
2789,2023-06-06,Project Management,Internal,Completed,4,899.17,2021-04-26,2021-07-06,Retirement,Active,Production,True,899.17,0.0,True,899.17,after_exit,False,2.11,224.79,2023-06
2790,2022-09-20,Communication Skills,External,Incomplete,1,438.31,2019-04-30,2019-10-09,Involuntary,Active,Production,False,0.0,438.31,True,438.31,after_exit,False,3.39,438.31,2022-09
2791,2023-04-08,Communication Skills,Internal,Passed,3,903.18,2021-07-04,2023-06-25,Involuntary,Active,Production,True,903.18,0.0,True,903.18,valid,True,1.76,301.06,2023-04
2792,2023-05-21,Technical Skills,External,Passed,2,607.81,2023-02-24,,Unk,Active,Production,True,607.81,0.0,False,0.0,valid,True,0.24,303.9,2023-05
2793,2022-10-09,Project Management,External,Incomplete,1,774.44,2021-03-02,,Unk,Active,Production,False,0.0,774.44,False,0.0,valid,True,1.6,774.44,2022-10
2794,2023-01-10,Customer Service,Internal,Incomplete,3,644.38,2021-12-27,,Unk,Active,Production,False,0.0,644.38,False,0.0,valid,True,1.04,214.79,2023-01
2795,2023-04-30,Customer Service,Internal,Failed,4,457.74,2022-07-10,2022-09-11,Voluntary,Active,Production,False,0.0,457.74,True,457.74,after_exit,False,0.8,114.44,2023-04
2796,2022-10-19,Communication Skills,External,Incomplete,2,840.27,2022-09-19,2023-06-17,Voluntary,Active,Production,False,0.0,840.27,True,840.27,valid,True,0.08,420.14,2022-10
2797,2022-12-18,Communication Skills,External,Failed,1,559.59,2021-05-30,,Unk,Active,Production,False,0.0,559.59,False,0.0,valid,True,1.55,559.59,2022-12
2798,2023-04-24,Leadership Development,External,Completed,1,840.65,2020-04-07,,Unk,Active,Production,True,840.65,0.0,False,0.0,valid,True,3.04,840.65,2023-04
2799,2023-07-28,Communication Skills,Internal,Incomplete,1,543.46,2021-04-20,2022-09-17,Resignation,Active,Production,False,0.0,543.46,True,543.46,after_exit,False,2.27,543.46,2023-07
2800,2022-12-20,Customer Service,External,Incomplete,1,729.03,2019-08-02,,Unk,Active,Production,False,0.0,729.03,False,0.0,valid,True,3.38,729.03,2022-12
2801,2023-06-14,Leadership Development,External,Incomplete,4,449.65,2022-01-11,,Unk,Active,Production,False,0.0,449.65,False,0.0,valid,True,1.42,112.41,2023-06
2802,2023-04-21,Technical Skills,External,Passed,3,213.38,2020-11-15,,Unk,Active,Production,True,213.38,0.0,False,0.0,valid,True,2.43,71.13,2023-04
2803,2023-01-29,Leadership Development,Internal,Failed,4,106.21,2020-05-08,,Unk,Active,Production,False,0.0,106.21,False,0.0,valid,True,2.73,26.55,2023-01
2804,2023-01-26,Leadership Development,Internal,Completed,5,483.07,2019-03-10,,Unk,Active,Production,True,483.07,0.0,False,0.0,valid,True,3.88,96.61,2023-01
2805,2023-07-18,Project Management,Internal,Passed,2,515.31,2022-04-19,,Unk,Active,Production,True,515.31,0.0,False,0.0,valid,True,1.25,257.65,2023-07
2806,2023-05-27,Communication Skills,Internal,Incomplete,5,290.8,2019-11-30,,Unk,Active,Production,False,0.0,290.8,False,0.0,valid,True,3.49,58.16,2023-05
2807,2023-04-16,Customer Service,Internal,Passed,4,977.46,2021-07-06,2023-01-07,Involuntary,Voluntarily Terminated,Production,True,977.46,0.0,True,977.46,after_exit,False,1.78,244.36,2023-04
2808,2022-09-23,Communication Skills,External,Passed,5,105.41,2018-11-27,,Unk,Active,Production,True,105.41,0.0,False,0.0,valid,True,3.82,21.08,2022-09
2809,2022-12-21,Technical Skills,Internal,Failed,2,856.23,2023-01-30,,Unk,Active,Production,False,0.0,856.23,False,0.0,before_hire,False,-0.11,428.12,2022-12
2810,2023-04-05,Technical Skills,Internal,Incomplete,3,964.33,2022-11-17,2023-02-08,Resignation,Active,Production,False,0.0,964.33,True,964.33,after_exit,False,0.38,321.44,2023-04
2811,2022-11-04,Technical Skills,External,Completed,3,589.88,2018-08-13,2020-05-28,Voluntary,Active,Production,True,589.88,0.0,True,589.88,after_exit,False,4.23,196.63,2022-11
2812,2022-11-25,Leadership Development,External,Incomplete,4,663.36,2021-07-02,2023-07-09,Resignation,Terminated for Cause,Production,False,0.0,663.36,True,663.36,valid,True,1.4,165.84,2022-11
2813,2023-04-20,Technical Skills,Internal,Completed,2,249.88,2022-06-28,,Unk,Active,Production,True,249.88,0.0,False,0.0,valid,True,0.81,124.94,2023-04
2814,2023-07-31,Leadership Development,Internal,Passed,2,809.89,2019-01-25,,Unk,Active,Production,True,809.89,0.0,False,0.0,valid,True,4.51,404.94,2023-07
2815,2023-05-10,Project Management,Internal,Completed,5,224.58,2023-07-23,,Unk,Active,Production,True,224.58,0.0,False,0.0,before_hire,False,-0.2,44.92,2023-05
2816,2023-03-17,Project Management,External,Incomplete,3,251.78,2022-07-25,,Unk,Active,Production,False,0.0,251.78,False,0.0,valid,True,0.64,83.93,2023-03
2817,2023-01-13,Technical Skills,External,Failed,2,314.0,2023-01-11,,Unk,Active,Production,False,0.0,314.0,False,0.0,valid,True,0.01,157.0,2023-01
2818,2023-02-27,Technical Skills,External,Completed,5,453.51,2023-07-28,2023-07-30,Involuntary,Active,Production,True,453.51,0.0,True,453.51,before_hire,False,-0.41,90.7,2023-02
2819,2023-07-31,Leadership Development,Internal,Failed,2,595.4,2023-05-06,,Unk,Active,Production,False,0.0,595.4,False,0.0,valid,True,0.24,297.7,2023-07
2820,2022-10-23,Project Management,External,Completed,2,606.3,2022-09-18,,Unk,Active,Production,True,606.3,0.0,False,0.0,valid,True,0.1,303.15,2022-10
2821,2023-03-06,Technical Skills,Internal,Incomplete,5,841.22,2019-09-08,2021-09-10,Retirement,Active,Production,False,0.0,841.22,True,841.22,after_exit,False,3.49,168.24,2023-03
2822,2022-09-18,Communication Skills,Internal,Failed,4,912.5,2019-08-30,,Unk,Active,Production,False,0.0,912.5,False,0.0,valid,True,3.05,228.12,2022-09
2823,2022-09-04,Communication Skills,External,Incomplete,2,196.27,2023-05-22,,Unk,Active,Production,False,0.0,196.27,False,0.0,before_hire,False,-0.71,98.14,2022-09
2824,2022-09-07,Project Management,Internal,Incomplete,1,224.09,2021-03-02,,Unk,Active,Production,False,0.0,224.09,False,0.0,valid,True,1.52,224.09,2022-09
2825,2022-11-02,Technical Skills,External,Completed,2,363.8,2023-02-13,,Unk,Active,Production,True,363.8,0.0,False,0.0,before_hire,False,-0.28,181.9,2022-11
2826,2023-07-13,Customer Service,Internal,Failed,2,656.05,2022-08-11,2022-12-01,Involuntary,Leave of Absence,Production,False,0.0,656.05,True,656.05,after_exit,False,0.92,328.02,2023-07
2827,2022-09-07,Leadership Development,Internal,Incomplete,1,629.85,2020-02-19,2022-12-10,Involuntary,Voluntarily Terminated,Production,False,0.0,629.85,True,629.85,valid,True,2.55,629.85,2022-09
2828,2023-01-30,Communication Skills,Internal,Completed,3,915.92,2021-10-15,2023-03-26,Retirement,Voluntarily Terminated,Production,True,915.92,0.0,True,915.92,valid,True,1.29,305.31,2023-01
2829,2022-10-26,Customer Service,External,Passed,3,487.27,2022-11-16,,Unk,Active,Production,True,487.27,0.0,False,0.0,before_hire,False,-0.06,162.42,2022-10
2830,2022-12-06,Project Management,External,Completed,1,266.42,2022-06-30,2023-02-03,Resignation,Active,Production,True,266.42,0.0,True,266.42,valid,True,0.44,266.42,2022-12
2831,2023-02-09,Communication Skills,External,Incomplete,1,277.22,2021-07-28,,Unk,Active,Production,False,0.0,277.22,False,0.0,valid,True,1.54,277.22,2023-02
2832,2022-12-23,Customer Service,Internal,Incomplete,1,545.87,2021-11-21,,Unk,Active,Production,False,0.0,545.87,False,0.0,valid,True,1.09,545.87,2022-12
2833,2022-08-24,Leadership Development,External,Incomplete,3,182.84,2020-10-12,,Unk,Active,Production,False,0.0,182.84,False,0.0,valid,True,1.86,60.95,2022-08
2834,2023-06-10,Technical Skills,External,Completed,4,149.67,2018-10-02,2020-09-17,Involuntary,Active,Production,True,149.67,0.0,True,149.67,after_exit,False,4.69,37.42,2023-06
2835,2022-11-22,Customer Service,Internal,Completed,4,939.72,2021-07-17,2023-02-27,Resignation,Active,Production,True,939.72,0.0,True,939.72,valid,True,1.35,234.93,2022-11
2836,2023-05-18,Customer Service,External,Completed,5,410.04,2022-04-13,,Unk,Active,Production,True,410.04,0.0,False,0.0,valid,True,1.1,82.01,2023-05
2837,2023-06-08,Communication Skills,External,Incomplete,1,945.59,2021-03-20,2023-02-18,Involuntary,Active,Production,False,0.0,945.59,True,945.59,after_exit,False,2.22,945.59,2023-06
2838,2023-05-18,Communication Skills,Internal,Completed,4,539.06,2021-09-09,2021-11-05,Voluntary,Active,Production,True,539.06,0.0,True,539.06,after_exit,False,1.69,134.76,2023-05
2839,2022-08-07,Customer Service,External,Incomplete,2,837.22,2019-12-06,2022-03-28,Voluntary,Active,Production,False,0.0,837.22,True,837.22,after_exit,False,2.67,418.61,2022-08
2840,2022-10-04,Customer Service,Internal,Incomplete,3,360.08,2023-04-26,2023-05-19,Voluntary,Active,Production,False,0.0,360.08,True,360.08,before_hire,False,-0.56,120.03,2022-10
2841,2023-04-22,Customer Service,Internal,Completed,2,405.48,2019-04-06,,Unk,Active,Production,True,405.48,0.0,False,0.0,valid,True,4.04,202.74,2023-04
2842,2022-12-22,Project Management,Internal,Failed,4,577.78,2020-10-19,2023-02-28,Voluntary,Voluntarily Terminated,Production,False,0.0,577.78,True,577.78,valid,True,2.17,144.44,2022-12
2843,2022-10-01,Leadership Development,External,Completed,2,102.16,2021-11-22,,Unk,Active,Production,True,102.16,0.0,False,0.0,valid,True,0.86,51.08,2022-10
2844,2022-08-28,Leadership Development,Internal,Passed,5,336.98,2020-12-30,2023-07-25,Retirement,Leave of Absence,Production,True,336.98,0.0,True,336.98,valid,True,1.66,67.4,2022-08
2845,2023-02-06,Customer Service,External,Completed,2,764.22,2020-09-03,,Unk,Active,Production,True,764.22,0.0,False,0.0,valid,True,2.43,382.11,2023-02
2846,2022-09-02,Communication Skills,Internal,Incomplete,2,326.54,2019-10-14,2022-08-19,Resignation,Voluntarily Terminated,Production,False,0.0,326.54,True,326.54,after_exit,False,2.89,163.27,2022-09
2847,2023-07-16,Customer Service,Internal,Completed,3,762.23,2021-02-19,2021-09-18,Involuntary,Future Start,Production,True,762.23,0.0,True,762.23,after_exit,False,2.4,254.08,2023-07
2848,2023-07-21,Customer Service,Internal,Failed,2,510.12,2022-03-13,2022-09-02,Involuntary,Terminated for Cause,Production,False,0.0,510.12,True,510.12,after_exit,False,1.36,255.06,2023-07
2849,2023-05-06,Technical Skills,Internal,Failed,3,706.23,2018-10-02,,Unk,Active,Production,False,0.0,706.23,False,0.0,valid,True,4.59,235.41,2023-05
2850,2023-04-26,Technical Skills,External,Passed,2,634.36,2022-10-06,2022-10-16,Retirement,Active,Production,True,634.36,0.0,True,634.36,after_exit,False,0.55,317.18,2023-04
2851,2023-07-16,Communication Skills,Internal,Failed,2,718.77,2020-09-21,,Unk,Active,Production,False,0.0,718.77,False,0.0,valid,True,2.81,359.38,2023-07
2852,2023-06-23,Communication Skills,Internal,Incomplete,3,820.39,2021-12-06,,Unk,Active,Production,False,0.0,820.39,False,0.0,valid,True,1.54,273.46,2023-06
2853,2023-01-01,Leadership Development,Internal,Passed,1,835.07,2022-11-16,2023-03-21,Voluntary,Terminated for Cause,Production,True,835.07,0.0,True,835.07,valid,True,0.13,835.07,2023-01
2854,2023-04-18,Project Management,External,Incomplete,4,670.82,2022-08-02,2023-07-27,Resignation,Active,Production,False,0.0,670.82,True,670.82,valid,True,0.71,167.7,2023-04
2855,2022-09-05,Technical Skills,External,Passed,1,596.23,2022-01-19,,Unk,Active,Production,True,596.23,0.0,False,0.0,valid,True,0.63,596.23,2022-09
2856,2023-01-03,Customer Service,Internal,Completed,2,842.67,2022-04-09,,Unk,Active,Production,True,842.67,0.0,False,0.0,valid,True,0.74,421.34,2023-01
2857,2022-12-25,Customer Service,Internal,Completed,3,229.18,2019-07-19,2022-08-08,Involuntary,Active,Production,True,229.18,0.0,True,229.18,after_exit,False,3.44,76.39,2022-12
2858,2022-11-10,Project Management,Internal,Failed,3,851.72,2021-09-02,2022-11-14,Retirement,Active,Production,False,0.0,851.72,True,851.72,valid,True,1.19,283.91,2022-11
2859,2022-09-23,Technical Skills,Internal,Completed,1,798.08,2019-02-01,,Unk,Active,Production,True,798.08,0.0,False,0.0,valid,True,3.64,798.08,2022-09
2860,2022-09-13,Leadership Development,External,Passed,3,587.16,2023-04-13,2023-05-26,Voluntary,Active,Production,True,587.16,0.0,True,587.16,before_hire,False,-0.58,195.72,2022-09
2861,2022-11-07,Project Management,External,Completed,2,828.48,2018-10-06,,Unk,Active,Production,True,828.48,0.0,False,0.0,valid,True,4.09,414.24,2022-11
2862,2023-04-11,Communication Skills,Internal,Incomplete,3,192.39,2020-03-24,2022-03-24,Voluntary,Active,Production,False,0.0,192.39,True,192.39,after_exit,False,3.05,64.13,2023-04
2863,2022-12-08,Customer Service,Internal,Completed,4,422.27,2021-10-08,,Unk,Active,Production,True,422.27,0.0,False,0.0,valid,True,1.17,105.57,2022-12
2864,2023-06-16,Leadership Development,External,Failed,4,242.25,2022-05-16,,Unk,Active,Production,False,0.0,242.25,False,0.0,valid,True,1.08,60.56,2023-06
2865,2023-03-22,Customer Service,External,Passed,4,653.99,2022-05-10,2022-10-17,Voluntary,Voluntarily Terminated,Production,True,653.99,0.0,True,653.99,after_exit,False,0.87,163.5,2023-03
2866,2023-04-11,Project Management,External,Passed,5,792.46,2021-11-16,,Unk,Active,Production,True,792.46,0.0,False,0.0,valid,True,1.4,158.49,2023-04
2867,2023-02-21,Leadership Development,External,Incomplete,4,317.26,2019-02-25,,Unk,Active,Production,False,0.0,317.26,False,0.0,valid,True,3.99,79.32,2023-02
2868,2023-06-17,Leadership Development,External,Failed,5,866.79,2022-07-01,,Unk,Active,Production,False,0.0,866.79,False,0.0,valid,True,0.96,173.36,2023-06
2869,2023-05-04,Leadership Development,Internal,Completed,2,422.63,2022-12-17,,Unk,Active,Production,True,422.63,0.0,False,0.0,valid,True,0.38,211.32,2023-05
2870,2023-02-24,Project Management,Internal,Passed,5,413.42,2023-07-26,2023-07-31,Retirement,Active,Production,True,413.42,0.0,True,413.42,before_hire,False,-0.42,82.68,2023-02
2871,2022-10-16,Communication Skills,External,Incomplete,5,900.02,2022-03-11,2022-08-02,Resignation,Active,Production,False,0.0,900.02,True,900.02,after_exit,False,0.6,180.0,2022-10
2872,2023-03-20,Communication Skills,Internal,Passed,3,573.84,2020-06-29,2021-05-20,Voluntary,Active,Production,True,573.84,0.0,True,573.84,after_exit,False,2.72,191.28,2023-03
2873,2023-06-05,Project Management,Internal,Failed,2,801.16,2022-03-28,,Unk,Active,Production,False,0.0,801.16,False,0.0,valid,True,1.19,400.58,2023-06
2874,2022-09-27,Project Management,Internal,Passed,5,107.25,2022-02-14,,Unk,Active,Production,True,107.25,0.0,False,0.0,valid,True,0.62,21.45,2022-09
2875,2022-09-17,Project Management,External,Incomplete,1,892.56,2020-12-25,2021-09-13,Involuntary,Active,Production,False,0.0,892.56,True,892.56,after_exit,False,1.73,892.56,2022-09
2876,2023-07-05,Project Management,External,Failed,1,429.89,2023-04-27,,Unk,Active,Production,False,0.0,429.89,False,0.0,valid,True,0.19,429.89,2023-07
2877,2022-12-10,Customer Service,Internal,Failed,4,664.5,2022-11-11,2022-12-07,Resignation,Active,Production,False,0.0,664.5,True,664.5,after_exit,False,0.08,166.12,2022-12
2878,2022-12-01,Project Management,Internal,Incomplete,5,925.8,2021-05-04,2021-10-12,Resignation,Active,Production,False,0.0,925.8,True,925.8,after_exit,False,1.58,185.16,2022-12
2879,2023-06-15,Customer Service,External,Failed,3,118.94,2018-12-20,,Unk,Active,Production,False,0.0,118.94,False,0.0,valid,True,4.48,39.65,2023-06
2880,2023-02-15,Project Management,Internal,Failed,4,932.34,2021-06-11,2022-12-03,Retirement,Active,Production,False,0.0,932.34,True,932.34,after_exit,False,1.68,233.08,2023-02
2881,2023-05-18,Leadership Development,External,Incomplete,1,624.59,2023-06-07,,Unk,Active,Production,False,0.0,624.59,False,0.0,before_hire,False,-0.05,624.59,2023-05
2882,2023-04-21,Leadership Development,Internal,Failed,4,835.35,2019-05-21,2020-01-05,Retirement,Voluntarily Terminated,Production,False,0.0,835.35,True,835.35,after_exit,False,3.92,208.84,2023-04
2883,2023-05-11,Customer Service,External,Completed,4,597.63,2019-03-01,,Unk,Active,Production,True,597.63,0.0,False,0.0,valid,True,4.19,149.41,2023-05
2884,2023-05-01,Technical Skills,External,Passed,4,974.28,2022-02-26,,Unk,Active,Production,True,974.28,0.0,False,0.0,valid,True,1.17,243.57,2023-05
2885,2022-12-29,Communication Skills,External,Passed,1,176.13,2022-04-14,2022-10-10,Voluntary,Leave of Absence,Production,True,176.13,0.0,True,176.13,after_exit,False,0.71,176.13,2022-12
2886,2023-07-09,Technical Skills,External,Incomplete,4,263.04,2020-08-06,,Unk,Active,Production,False,0.0,263.04,False,0.0,valid,True,2.92,65.76,2023-07
2887,2023-04-15,Communication Skills,Internal,Completed,5,411.52,2020-01-28,2022-02-15,Voluntary,Voluntarily Terminated,Production,True,411.52,0.0,True,411.52,after_exit,False,3.21,82.3,2023-04
2888,2023-03-17,Customer Service,External,Completed,4,119.5,2021-04-17,2022-03-18,Retirement,Future Start,Production,True,119.5,0.0,True,119.5,after_exit,False,1.91,29.88,2023-03
2889,2022-10-13,Customer Service,Internal,Passed,2,817.04,2019-09-29,2023-06-28,Resignation,Future Start,Production,True,817.04,0.0,True,817.04,valid,True,3.04,408.52,2022-10
2890,2022-10-10,Technical Skills,Internal,Completed,5,838.84,2022-10-07,,Unk,Active,Production,True,838.84,0.0,False,0.0,valid,True,0.01,167.77,2022-10
2891,2022-12-31,Technical Skills,External,Incomplete,4,767.51,2021-08-11,2021-11-07,Resignation,Active,Production,False,0.0,767.51,True,767.51,after_exit,False,1.39,191.88,2022-12
2892,2022-08-10,Technical Skills,External,Passed,5,990.52,2021-04-10,2022-11-01,Resignation,Active,Production,True,990.52,0.0,True,990.52,valid,True,1.33,198.1,2022-08
2893,2023-06-05,Leadership Development,Internal,Completed,5,205.24,2022-02-24,,Unk,Active,Production,True,205.24,0.0,False,0.0,valid,True,1.28,41.05,2023-06
2894,2023-06-30,Customer Service,Internal,Completed,5,203.06,2022-07-01,,Unk,Active,Production,True,203.06,0.0,False,0.0,valid,True,1.0,40.61,2023-06
2895,2022-11-15,Project Management,External,Incomplete,4,555.6,2023-04-04,2023-06-20,Voluntary,Terminated for Cause,Production,False,0.0,555.6,True,555.6,before_hire,False,-0.38,138.9,2022-11
2896,2023-07-01,Technical Skills,Internal,Passed,5,794.92,2021-10-25,,Unk,Active,Production,True,794.92,0.0,False,0.0,valid,True,1.68,158.98,2023-07
2897,2022-11-26,Leadership Development,Internal,Passed,2,926.17,2022-03-04,2023-07-02,Voluntary,Active,Production,True,926.17,0.0,True,926.17,valid,True,0.73,463.08,2022-11
2898,2023-06-22,Leadership Development,Internal,Completed,1,832.37,2019-12-20,,Unk,Active,Production,True,832.37,0.0,False,0.0,valid,True,3.5,832.37,2023-06
2899,2023-03-26,Leadership Development,Internal,Completed,5,128.8,2020-09-11,2022-03-31,Resignation,Active,Production,True,128.8,0.0,True,128.8,after_exit,False,2.54,25.76,2023-03
2900,2023-01-16,Customer Service,External,Passed,4,255.02,2021-10-31,2023-07-12,Resignation,Active,Production,True,255.02,0.0,True,255.02,valid,True,1.21,63.76,2023-01
2901,2023-07-13,Leadership Development,Internal,Incomplete,4,674.34,2018-10-21,2019-04-24,Involuntary,Active,Production,False,0.0,674.34,True,674.34,after_exit,False,4.73,168.58,2023-07
2902,2023-03-31,Project Management,External,Incomplete,2,778.36,2021-01-07,,Unk,Active,Production,False,0.0,778.36,False,0.0,valid,True,2.23,389.18,2023-03
2903,2023-06-22,Customer Service,External,Failed,2,906.63,2023-02-09,2023-05-07,Resignation,Active,Production,False,0.0,906.63,True,906.63,after_exit,False,0.36,453.32,2023-06
2904,2023-05-06,Technical Skills,External,Failed,4,986.01,2020-02-15,2020-10-20,Retirement,Voluntarily Terminated,Production,False,0.0,986.01,True,986.01,after_exit,False,3.22,246.5,2023-05
2905,2022-10-14,Leadership Development,External,Passed,5,846.88,2022-10-14,,Unk,Active,Production,True,846.88,0.0,False,0.0,valid,True,0.0,169.38,2022-10
2906,2022-12-06,Technical Skills,External,Incomplete,1,998.74,2018-10-02,,Unk,Active,Production,False,0.0,998.74,False,0.0,valid,True,4.18,998.74,2022-12
2907,2023-02-12,Communication Skills,External,Completed,4,510.69,2020-06-22,,Unk,Active,Production,True,510.69,0.0,False,0.0,valid,True,2.64,127.67,2023-02
2908,2022-11-28,Leadership Development,External,Passed,1,100.55,2021-03-19,,Unk,Active,Production,True,100.55,0.0,False,0.0,valid,True,1.69,100.55,2022-11
2909,2023-05-12,Technical Skills,Internal,Passed,4,818.39,2019-03-28,,Unk,Active,Production,True,818.39,0.0,False,0.0,valid,True,4.12,204.6,2023-05
2910,2022-09-19,Technical Skills,Internal,Incomplete,1,763.78,2022-05-01,,Unk,Active,Production,False,0.0,763.78,False,0.0,valid,True,0.39,763.78,2022-09
2911,2023-03-28,Technical Skills,Internal,Passed,1,292.36,2018-08-07,,Unk,Active,Production,True,292.36,0.0,False,0.0,valid,True,4.64,292.36,2023-03
2912,2023-01-11,Communication Skills,Internal,Completed,2,990.45,2022-05-01,,Unk,Active,Production,True,990.45,0.0,False,0.0,valid,True,0.7,495.22,2023-01
2913,2022-12-01,Communication Skills,External,Completed,3,989.75,2019-12-03,,Unk,Active,Production,True,989.75,0.0,False,0.0,valid,True,3.0,329.92,2022-12
2914,2022-10-15,Communication Skills,Internal,Failed,1,194.13,2020-01-02,2023-08-03,Retirement,Active,Production,False,0.0,194.13,True,194.13,valid,True,2.78,194.13,2022-10
2915,2023-03-25,Technical Skills,Internal,Incomplete,2,993.79,2022-04-30,2023-08-02,Involuntary,Terminated for Cause,Production,False,0.0,993.79,True,993.79,valid,True,0.9,496.9,2023-03
2916,2022-10-09,Technical Skills,Internal,Incomplete,2,932.4,2020-07-04,2021-03-07,Resignation,Terminated for Cause,Production,False,0.0,932.4,True,932.4,after_exit,False,2.26,466.2,2022-10
2917,2022-10-15,Customer Service,External,Passed,3,636.37,2020-02-05,,Unk,Active,Production,True,636.37,0.0,False,0.0,valid,True,2.69,212.12,2022-10
2918,2022-08-28,Project Management,External,Failed,1,333.03,2018-12-22,2022-07-21,Retirement,Active,Production,False,0.0,333.03,True,333.03,after_exit,False,3.68,333.03,2022-08
2919,2023-04-23,Technical Skills,Internal,Failed,1,195.63,2019-04-21,,Unk,Active,Production,False,0.0,195.63,False,0.0,valid,True,4.01,195.63,2023-04
2920,2022-09-27,Technical Skills,External,Completed,2,140.27,2020-04-03,,Unk,Active,Production,True,140.27,0.0,False,0.0,valid,True,2.48,70.14,2022-09
2921,2023-01-11,Customer Service,External,Incomplete,1,465.54,2018-09-22,2019-10-10,Retirement,Active,Production,False,0.0,465.54,True,465.54,after_exit,False,4.3,465.54,2023-01
2922,2023-05-19,Technical Skills,External,Incomplete,1,713.3,2022-10-14,2023-07-06,Involuntary,Active,Production,False,0.0,713.3,True,713.3,valid,True,0.59,713.3,2023-05
2923,2022-10-15,Technical Skills,Internal,Failed,4,632.73,2022-02-12,2022-09-22,Voluntary,Active,Production,False,0.0,632.73,True,632.73,after_exit,False,0.67,158.18,2022-10
2924,2022-10-31,Technical Skills,External,Failed,1,244.84,2021-03-23,2023-07-20,Retirement,Voluntarily Terminated,Production,False,0.0,244.84,True,244.84,valid,True,1.61,244.84,2022-10
2925,2023-04-14,Communication Skills,External,Failed,4,689.93,2018-08-30,2021-07-11,Involuntary,Active,Production,False,0.0,689.93,True,689.93,after_exit,False,4.62,172.48,2023-04
2926,2023-03-17,Technical Skills,Internal,Failed,3,459.59,2022-12-10,2023-07-02,Voluntary,Leave of Absence,Production,False,0.0,459.59,True,459.59,valid,True,0.27,153.2,2023-03
2927,2022-10-15,Technical Skills,External,Failed,4,597.54,2023-02-04,2023-07-25,Voluntary,Leave of Absence,Production,False,0.0,597.54,True,597.54,before_hire,False,-0.31,149.38,2022-10
2928,2023-06-21,Communication Skills,External,Incomplete,2,175.63,2021-01-10,,Unk,Active,Production,False,0.0,175.63,False,0.0,valid,True,2.44,87.82,2023-06
2929,2022-09-23,Project Management,Internal,Passed,5,120.14,2020-08-19,2021-11-14,Voluntary,Voluntarily Terminated,Production,True,120.14,0.0,True,120.14,after_exit,False,2.09,24.03,2022-09
2930,2023-02-23,Technical Skills,External,Failed,5,871.29,2023-04-21,,Unk,Active,Production,False,0.0,871.29,False,0.0,before_hire,False,-0.16,174.26,2023-02
2931,2023-07-23,Leadership Development,External,Passed,1,485.84,2020-01-29,2021-01-09,Retirement,Terminated for Cause,Production,True,485.84,0.0,True,485.84,after_exit,False,3.48,485.84,2023-07
2932,2023-05-17,Communication Skills,External,Completed,2,275.36,2021-08-19,2023-05-25,Involuntary,Terminated for Cause,Production,True,275.36,0.0,True,275.36,valid,True,1.74,137.68,2023-05
2933,2023-07-02,Communication Skills,External,Incomplete,3,933.67,2021-03-18,,Unk,Active,Production,False,0.0,933.67,False,0.0,valid,True,2.29,311.22,2023-07
2934,2023-03-14,Technical Skills,Internal,Passed,4,927.08,2021-10-24,2022-08-29,Resignation,Active,Production,True,927.08,0.0,True,927.08,after_exit,False,1.39,231.77,2023-03
2935,2023-07-25,Communication Skills,External,Passed,4,395.52,2020-10-03,2023-05-06,Involuntary,Active,Production,True,395.52,0.0,True,395.52,after_exit,False,2.81,98.88,2023-07
2936,2022-12-23,Leadership Development,Internal,Completed,3,123.26,2023-02-21,,Unk,Active,Production,True,123.26,0.0,False,0.0,before_hire,False,-0.16,41.09,2022-12
2937,2023-07-25,Leadership Development,Internal,Completed,3,198.45,2020-08-01,,Unk,Active,Production,True,198.45,0.0,False,0.0,valid,True,2.98,66.15,2023-07
2938,2023-05-18,Communication Skills,Internal,Passed,2,478.07,2023-01-08,2023-05-10,Involuntary,Active,Production,True,478.07,0.0,True,478.07,after_exit,False,0.36,239.04,2023-05
2939,2022-09-06,Project Management,External,Completed,3,285.5,2022-07-26,2022-11-08,Resignation,Active,Production,True,285.5,0.0,True,285.5,valid,True,0.11,95.17,2022-09
2940,2023-06-14,Communication Skills,External,Passed,2,490.26,2020-08-31,2023-06-09,Resignation,Active,Production,True,490.26,0.0,True,490.26,after_exit,False,2.78,245.13,2023-06
2941,2022-11-11,Customer Service,Internal,Completed,3,828.68,2022-11-05,2023-02-22,Involuntary,Active,Production,True,828.68,0.0,True,828.68,valid,True,0.02,276.23,2022-11
2942,2023-02-20,Technical Skills,External,Incomplete,2,858.29,2019-05-30,2020-01-08,Retirement,Active,Production,False,0.0,858.29,True,858.29,after_exit,False,3.73,429.14,2023-02
2943,2023-04-04,Communication Skills,External,Completed,3,494.19,2019-12-09,,Unk,Active,Production,True,494.19,0.0,False,0.0,valid,True,3.32,164.73,2023-04
2944,2023-02-17,Communication Skills,Internal,Passed,4,502.56,2019-05-10,,Unk,Active,Production,True,502.56,0.0,False,0.0,valid,True,3.78,125.64,2023-02
2945,2023-07-01,Communication Skills,External,Failed,5,826.82,2019-09-03,2022-03-18,Voluntary,Voluntarily Terminated,Production,False,0.0,826.82,True,826.82,after_exit,False,3.82,165.36,2023-07
2946,2023-07-12,Leadership Development,Internal,Failed,4,655.83,2018-09-13,,Unk,Active,Production,False,0.0,655.83,False,0.0,valid,True,4.83,163.96,2023-07
2947,2022-08-13,Project Management,External,Incomplete,1,543.81,2021-06-10,,Unk,Active,Production,False,0.0,543.81,False,0.0,valid,True,1.17,543.81,2022-08
2948,2022-11-01,Technical Skills,Internal,Failed,1,482.47,2019-10-08,2023-06-16,Involuntary,Leave of Absence,Production,False,0.0,482.47,True,482.47,valid,True,3.07,482.47,2022-11
2949,2023-03-09,Communication Skills,Internal,Passed,3,310.41,2021-06-03,2023-04-14,Voluntary,Leave of Absence,Production,True,310.41,0.0,True,310.41,valid,True,1.76,103.47,2023-03
2950,2023-03-19,Technical Skills,Internal,Completed,2,331.52,2018-09-14,2019-01-04,Involuntary,Voluntarily Terminated,Production,True,331.52,0.0,True,331.52,after_exit,False,4.51,165.76,2023-03
2951,2022-09-07,Leadership Development,External,Passed,3,973.96,2019-05-26,,Unk,Active,Production,True,973.96,0.0,False,0.0,valid,True,3.29,324.65,2022-09
2952,2023-05-08,Communication Skills,Internal,Completed,3,149.09,2019-07-05,,Unk,Active,Production,True,149.09,0.0,False,0.0,valid,True,3.84,49.7,2023-05
2953,2022-12-11,Leadership Development,External,Incomplete,4,925.16,2019-11-05,,Unk,Active,Production,False,0.0,925.16,False,0.0,valid,True,3.1,231.29,2022-12
2954,2022-10-23,Project Management,External,Passed,2,833.13,2019-07-22,2021-10-18,Voluntary,Active,Production,True,833.13,0.0,True,833.13,after_exit,False,3.26,416.56,2022-10
2955,2023-06-04,Project Management,External,Failed,5,191.49,2020-09-21,2023-03-22,Retirement,Active,Production,False,0.0,191.49,True,191.49,after_exit,False,2.7,38.3,2023-06
2956,2022-10-13,Customer Service,External,Passed,3,474.15,2019-11-11,,Unk,Active,Production,True,474.15,0.0,False,0.0,valid,True,2.92,158.05,2022-10
2957,2022-08-30,Project Management,External,Failed,1,550.42,2021-02-08,,Unk,Active,Production,False,0.0,550.42,False,0.0,valid,True,1.56,550.42,2022-08
2958,2023-02-09,Technical Skills,External,Incomplete,1,681.23,2020-06-01,,Unk,Active,Production,False,0.0,681.23,False,0.0,valid,True,2.69,681.23,2023-02
2959,2023-07-06,Customer Service,Internal,Incomplete,5,657.64,2022-10-26,2022-11-01,Resignation,Terminated for Cause,Production,False,0.0,657.64,True,657.64,after_exit,False,0.69,131.53,2023-07
2960,2022-12-16,Project Management,Internal,Incomplete,4,449.66,2019-02-12,2023-04-17,Resignation,Active,Production,False,0.0,449.66,True,449.66,valid,True,3.84,112.42,2022-12
2961,2023-01-19,Leadership Development,External,Passed,5,587.25,2022-10-19,2023-07-22,Voluntary,Active,Production,True,587.25,0.0,True,587.25,valid,True,0.25,117.45,2023-01
2962,2022-08-28,Customer Service,Internal,Failed,2,198.55,2019-12-12,,Unk,Active,Production,False,0.0,198.55,False,0.0,valid,True,2.71,99.28,2022-08
2963,2023-06-08,Customer Service,External,Completed,5,629.24,2021-11-29,,Unk,Active,Production,True,629.24,0.0,False,0.0,valid,True,1.52,125.85,2023-06
2964,2022-10-14,Communication Skills,Internal,Incomplete,2,614.06,2021-05-15,,Unk,Active,Production,False,0.0,614.06,False,0.0,valid,True,1.42,307.03,2022-10
2965,2023-03-07,Project Management,External,Completed,3,426.26,2023-01-27,2023-05-06,Involuntary,Active,Production,True,426.26,0.0,True,426.26,valid,True,0.11,142.09,2023-03
2966,2022-10-17,Project Management,Internal,Passed,5,197.73,2020-07-03,2023-07-02,Voluntary,Active,Production,True,197.73,0.0,True,197.73,valid,True,2.29,39.55,2022-10
2967,2023-07-21,Customer Service,External,Incomplete,3,145.68,2022-12-26,2023-06-25,Retirement,Active,Production,False,0.0,145.68,True,145.68,after_exit,False,0.57,48.56,2023-07
2968,2022-11-20,Customer Service,Internal,Failed,3,764.74,2018-12-23,,Unk,Active,Production,False,0.0,764.74,False,0.0,valid,True,3.91,254.91,2022-11
2969,2022-10-18,Customer Service,Internal,Passed,3,405.4,2020-09-28,2021-10-16,Voluntary,Voluntarily Terminated,Production,True,405.4,0.0,True,405.4,after_exit,False,2.05,135.13,2022-10
2970,2023-01-16,Leadership Development,External,Failed,4,689.49,2020-09-16,2021-09-10,Voluntary,Active,Production,False,0.0,689.49,True,689.49,after_exit,False,2.33,172.37,2023-01
2971,2023-04-12,Project Management,Internal,Incomplete,2,141.14,2020-02-09,2021-03-14,Involuntary,Active,Production,False,0.0,141.14,True,141.14,after_exit,False,3.17,70.57,2023-04
2972,2023-03-01,Leadership Development,Internal,Passed,1,788.69,2023-02-13,,Unk,Active,Production,True,788.69,0.0,False,0.0,valid,True,0.04,788.69,2023-03
2973,2023-07-13,Technical Skills,Internal,Failed,5,458.81,2019-12-01,,Unk,Active,Production,False,0.0,458.81,False,0.0,valid,True,3.61,91.76,2023-07
2974,2023-04-27,Project Management,Internal,Passed,5,140.91,2022-11-04,,Unk,Active,Production,True,140.91,0.0,False,0.0,valid,True,0.48,28.18,2023-04
2975,2023-07-12,Leadership Development,External,Completed,5,551.76,2021-04-14,2022-06-22,Voluntary,Active,Production,True,551.76,0.0,True,551.76,after_exit,False,2.24,110.35,2023-07
2976,2023-06-09,Communication Skills,Internal,Passed,5,720.1,2021-08-13,2021-10-12,Involuntary,Leave of Absence,Production,True,720.1,0.0,True,720.1,after_exit,False,1.82,144.02,2023-06
2977,2023-04-01,Project Management,Internal,Passed,4,640.05,2020-08-28,,Unk,Active,Production,True,640.05,0.0,False,0.0,valid,True,2.59,160.01,2023-04
2978,2022-11-02,Communication Skills,Internal,Failed,1,470.62,2022-08-16,,Unk,Active,Production,False,0.0,470.62,False,0.0,valid,True,0.21,470.62,2022-11
2979,2023-06-10,Leadership Development,External,Failed,4,257.87,2022-02-26,,Unk,Active,Production,False,0.0,257.87,False,0.0,valid,True,1.28,64.47,2023-06
2980,2023-02-17,Customer Service,External,Passed,4,970.09,2019-12-30,,Unk,Active,Production,True,970.09,0.0,False,0.0,valid,True,3.13,242.52,2023-02
2981,2023-06-25,Communication Skills,External,Completed,2,197.96,2022-07-23,2023-03-06,Voluntary,Active,Production,True,197.96,0.0,True,197.96,after_exit,False,0.92,98.98,2023-06
2982,2022-10-31,Project Management,External,Failed,2,166.78,2018-10-14,,Unk,Active,Production,False,0.0,166.78,False,0.0,valid,True,4.05,83.39,2022-10
2983,2023-06-25,Project Management,External,Passed,4,267.6,2021-02-20,,Unk,Active,Production,True,267.6,0.0,False,0.0,valid,True,2.34,66.9,2023-06
2984,2023-05-24,Project Management,Internal,Incomplete,1,671.21,2020-03-28,2020-11-21,Voluntary,Active,Production,False,0.0,671.21,True,671.21,after_exit,False,3.15,671.21,2023-05
2985,2022-10-25,Customer Service,Internal,Failed,4,813.43,2019-02-05,2020-07-10,Retirement,Active,Production,False,0.0,813.43,True,813.43,after_exit,False,3.72,203.36,2022-10
2986,2023-02-20,Communication Skills,Internal,Completed,1,501.89,2023-04-19,,Unk,Active,Production,True,501.89,0.0,False,0.0,before_hire,False,-0.16,501.89,2023-02
2987,2023-01-20,Leadership Development,External,Failed,4,133.4,2020-09-24,,Unk,Active,Production,False,0.0,133.4,False,0.0,valid,True,2.32,33.35,2023-01
2988,2023-01-03,Customer Service,Internal,Failed,4,312.8,2020-11-14,2023-01-15,Resignation,Active,Production,False,0.0,312.8,True,312.8,valid,True,2.14,78.2,2023-01
2989,2022-11-24,Communication Skills,External,Failed,3,272.76,2021-09-16,,Unk,Active,Production,False,0.0,272.76,False,0.0,valid,True,1.19,90.92,2022-11
2990,2023-05-14,Project Management,External,Passed,3,494.03,2019-04-21,,Unk,Active,Production,True,494.03,0.0,False,0.0,valid,True,4.06,164.68,2023-05
2991,2022-12-02,Project Management,Internal,Completed,3,722.92,2020-03-13,,Unk,Active,Production,True,722.92,0.0,False,0.0,valid,True,2.72,240.97,2022-12
2992,2023-02-03,Leadership Development,Internal,Passed,1,125.34,2022-04-16,2023-04-20,Resignation,Active,Production,True,125.34,0.0,True,125.34,valid,True,0.8,125.34,2023-02
2993,2022-11-03,Communication Skills,Internal,Incomplete,3,559.24,2019-03-18,2022-11-23,Involuntary,Active,Production,False,0.0,559.24,True,559.24,valid,True,3.63,186.41,2022-11
2994,2022-12-14,Project Management,External,Incomplete,1,936.24,2022-02-18,,Unk,Active,Production,False,0.0,936.24,False,0.0,valid,True,0.82,936.24,2022-12
2995,2023-07-03,Technical Skills,Internal,Passed,1,440.35,2018-09-03,2018-11-29,Resignation,Active,Production,True,440.35,0.0,True,440.35,after_exit,False,4.83,440.35,2023-07
2996,2022-09-30,Technical Skills,Internal,Passed,2,727.12,2022-06-15,2022-08-16,Involuntary,Active,Production,True,727.12,0.0,True,727.12,after_exit,False,0.29,363.56,2022-09
2997,2023-02-16,Communication Skills,External,Completed,4,433.14,2022-02-14,,Unk,Active,Production,True,433.14,0.0,False,0.0,valid,True,1.0,108.28,2023-02
2998,2022-10-17,Customer Service,External,Failed,1,764.14,2023-07-09,,Unk,Active,Production,False,0.0,764.14,False,0.0,before_hire,False,-0.73,764.14,2022-10
2999,2023-06-14,Customer Service,Internal,Passed,5,800.21,2018-10-28,2019-08-04,Voluntary,Active,Production,True,800.21,0.0,True,800.21,after_exit,False,4.63,160.04,2023-06
3000,2023-05-11,Technical Skills,External,Incomplete,2,172.72,2022-07-09,,Unk,Active,Production,False,0.0,172.72,False,0.0,valid,True,0.84,86.36,2023-05
3001,2022-12-26,Communication Skills,Internal,Passed,5,346.93,2018-09-27,2022-12-12,Retirement,Active,Production,True,346.93,0.0,True,346.93,after_exit,False,4.25,69.39,2022-12
3002,2023-02-05,Leadership Development,Internal,Passed,4,247.81,2020-10-27,,Unk,Active,Production,True,247.81,0.0,False,0.0,valid,True,2.28,61.95,2023-02
3003,2022-11-16,Technical Skills,Internal,Passed,4,144.84,2021-10-01,,Unk,Active,Production,True,144.84,0.0,False,0.0,valid,True,1.13,36.21,2022-11
3004,2023-03-07,Technical Skills,Internal,Incomplete,1,183.63,2019-08-29,2022-06-19,Retirement,Active,Production,False,0.0,183.63,True,183.63,after_exit,False,3.52,183.63,2023-03
3005,2023-03-21,Communication Skills,Internal,Passed,5,997.4,2020-12-29,,Unk,Active,Production,True,997.4,0.0,False,0.0,valid,True,2.22,199.48,2023-03
3006,2023-05-13,Communication Skills,External,Passed,3,415.18,2022-10-04,,Unk,Active,Production,True,415.18,0.0,False,0.0,valid,True,0.61,138.39,2023-05
3007,2023-07-19,Customer Service,External,Incomplete,5,147.35,2019-03-21,2022-09-25,Resignation,Active,Production,False,0.0,147.35,True,147.35,after_exit,False,4.33,29.47,2023-07
3008,2023-03-15,Leadership Development,Internal,Incomplete,3,967.08,2020-04-03,2021-12-27,Involuntary,Active,Production,False,0.0,967.08,True,967.08,after_exit,False,2.95,322.36,2023-03
3009,2022-11-20,Leadership Development,Internal,Incomplete,4,637.86,2019-06-02,2021-07-14,Resignation,Active,Production,False,0.0,637.86,True,637.86,after_exit,False,3.47,159.46,2022-11
3010,2022-09-11,Project Management,External,Failed,3,299.13,2019-05-31,2020-09-04,Retirement,Leave of Absence,Production,False,0.0,299.13,True,299.13,after_exit,False,3.28,99.71,2022-09
3011,2022-10-11,Leadership Development,External,Incomplete,3,935.75,2020-01-06,2020-05-04,Involuntary,Leave of Absence,Production,False,0.0,935.75,True,935.75,after_exit,False,2.76,311.92,2022-10
3012,2022-09-22,Technical Skills,External,Failed,3,494.02,2018-08-19,2021-02-18,Retirement,Leave of Absence,Production,False,0.0,494.02,True,494.02,after_exit,False,4.09,164.67,2022-09
3013,2023-05-23,Leadership Development,Internal,Incomplete,4,776.3,2019-05-18,,Unk,Active,Production,False,0.0,776.3,False,0.0,valid,True,4.01,194.08,2023-05
3014,2023-02-01,Leadership Development,Internal,Completed,3,326.37,2022-11-23,2022-12-09,Resignation,Active,Production,True,326.37,0.0,True,326.37,after_exit,False,0.19,108.79,2023-02
3015,2022-11-18,Customer Service,External,Completed,1,108.95,2020-12-02,,Unk,Active,Production,True,108.95,0.0,False,0.0,valid,True,1.96,108.95,2022-11
3016,2023-01-26,Communication Skills,Internal,Completed,4,550.9,2022-01-05,,Unk,Active,Production,True,550.9,0.0,False,0.0,valid,True,1.06,137.72,2023-01
3017,2022-08-19,Technical Skills,Internal,Incomplete,4,795.89,2023-04-16,2023-08-04,Voluntary,Active,Production,False,0.0,795.89,True,795.89,before_hire,False,-0.66,198.97,2022-08
3018,2023-04-02,Communication Skills,External,Passed,1,980.49,2020-10-10,2023-06-23,Retirement,Active,Production,True,980.49,0.0,True,980.49,valid,True,2.48,980.49,2023-04
3019,2022-11-18,Technical Skills,External,Failed,1,155.46,2022-04-15,2023-07-04,Voluntary,Active,Production,False,0.0,155.46,True,155.46,valid,True,0.59,155.46,2022-11
3020,2023-06-19,Project Management,External,Completed,2,367.74,2023-07-25,,Unk,Active,Production,True,367.74,0.0,False,0.0,before_hire,False,-0.1,183.87,2023-06
3021,2023-08-04,Customer Service,External,Passed,3,115.55,2020-08-31,,Unk,Active,Production,True,115.55,0.0,False,0.0,valid,True,2.92,38.52,2023-08
3022,2022-12-15,Communication Skills,External,Completed,3,848.52,2018-10-10,2020-05-17,Retirement,Active,Production,True,848.52,0.0,True,848.52,after_exit,False,4.18,282.84,2022-12
3023,2023-05-04,Project Management,Internal,Passed,5,321.61,2019-01-15,2021-04-03,Retirement,Voluntarily Terminated,Production,True,321.61,0.0,True,321.61,after_exit,False,4.3,64.32,2023-05
3024,2022-12-21,Technical Skills,External,Passed,4,957.12,2021-12-26,,Unk,Active,Production,True,957.12,0.0,False,0.0,valid,True,0.99,239.28,2022-12
3025,2022-08-27,Communication Skills,External,Incomplete,3,177.63,2022-05-23,,Unk,Active,Production,False,0.0,177.63,False,0.0,valid,True,0.26,59.21,2022-08
3026,2022-11-02,Customer Service,External,Passed,3,864.03,2022-08-23,,Unk,Active,Production,True,864.03,0.0,False,0.0,valid,True,0.19,288.01,2022-11
3027,2023-07-05,Communication Skills,External,Incomplete,4,707.06,2023-05-27,2023-07-28,Voluntary,Active,Production,False,0.0,707.06,True,707.06,valid,True,0.11,176.76,2023-07
3028,2022-10-20,Communication Skills,Internal,Completed,4,690.29,2018-08-10,2021-07-25,Resignation,Voluntarily Terminated,Production,True,690.29,0.0,True,690.29,after_exit,False,4.19,172.57,2022-10
3029,2023-07-03,Project Management,External,Incomplete,1,721.83,2021-10-24,2023-02-03,Voluntary,Active,Production,False,0.0,721.83,True,721.83,after_exit,False,1.69,721.83,2023-07
3030,2022-12-24,Technical Skills,Internal,Passed,2,287.34,2022-07-05,2023-01-03,Voluntary,Active,Production,True,287.34,0.0,True,287.34,valid,True,0.47,143.67,2022-12
3031,2022-12-31,Technical Skills,External,Incomplete,2,783.36,2022-01-22,2023-03-03,Resignation,Active,Production,False,0.0,783.36,True,783.36,valid,True,0.94,391.68,2022-12
3032,2022-10-28,Technical Skills,External,Passed,1,709.78,2023-03-27,2023-07-23,Voluntary,Leave of Absence,Production,True,709.78,0.0,True,709.78,before_hire,False,-0.41,709.78,2022-10
3033,2023-01-08,Customer Service,Internal,Incomplete,4,714.64,2019-08-26,2022-03-09,Voluntary,Leave of Absence,Production,False,0.0,714.64,True,714.64,after_exit,False,3.37,178.66,2023-01
3034,2022-11-25,Leadership Development,Internal,Passed,2,947.76,2021-10-16,,Unk,Active,Production,True,947.76,0.0,False,0.0,valid,True,1.11,473.88,2022-11
3035,2023-05-09,Customer Service,Internal,Completed,1,498.19,2019-06-14,,Unk,Active,Production,True,498.19,0.0,False,0.0,valid,True,3.9,498.19,2023-05
3036,2023-06-19,Technical Skills,Internal,Failed,3,516.4,2020-07-05,,Unk,Active,Production,False,0.0,516.4,False,0.0,valid,True,2.95,172.13,2023-06
3037,2023-05-01,Leadership Development,Internal,Failed,5,374.69,2020-03-02,,Unk,Active,Production,False,0.0,374.69,False,0.0,valid,True,3.16,74.94,2023-05
3038,2022-08-17,Customer Service,Internal,Incomplete,5,244.22,2020-11-11,2021-04-28,Involuntary,Active,Production,False,0.0,244.22,True,244.22,after_exit,False,1.76,48.84,2022-08
3039,2023-01-05,Leadership Development,Internal,Completed,2,130.81,2019-12-22,,Unk,Active,Production,True,130.81,0.0,False,0.0,valid,True,3.04,65.4,2023-01
3040,2022-12-30,Technical Skills,Internal,Passed,5,321.03,2020-12-14,,Unk,Active,Production,True,321.03,0.0,False,0.0,valid,True,2.04,64.21,2022-12
3041,2023-07-28,Project Management,Internal,Completed,4,354.82,2020-06-20,,Unk,Active,Production,True,354.82,0.0,False,0.0,valid,True,3.1,88.7,2023-07
3042,2023-02-03,Technical Skills,Internal,Incomplete,2,513.54,2023-06-09,2023-07-12,Resignation,Active,Production,False,0.0,513.54,True,513.54,before_hire,False,-0.34,256.77,2023-02
3043,2023-02-21,Customer Service,External,Completed,5,658.12,2022-09-25,,Unk,Active,Production,True,658.12,0.0,False,0.0,valid,True,0.41,131.62,2023-02
3044,2022-12-20,Leadership Development,Internal,Passed,2,643.75,2020-08-26,2020-12-30,Retirement,Active,Production,True,643.75,0.0,True,643.75,after_exit,False,2.32,321.88,2022-12
3045,2023-03-03,Communication Skills,External,Incomplete,2,290.75,2019-08-28,,Unk,Active,Production,False,0.0,290.75,False,0.0,valid,True,3.51,145.38,2023-03
3046,2023-01-14,Communication Skills,Internal,Passed,2,767.56,2023-06-02,2023-07-09,Resignation,Voluntarily Terminated,Production,True,767.56,0.0,True,767.56,before_hire,False,-0.38,383.78,2023-01
3047,2023-06-13,Customer Service,External,Passed,1,507.74,2018-09-12,,Unk,Active,Production,True,507.74,0.0,False,0.0,valid,True,4.75,507.74,2023-06
3048,2023-01-08,Customer Service,Internal,Completed,2,919.75,2023-07-15,,Unk,Active,Production,True,919.75,0.0,False,0.0,before_hire,False,-0.51,459.88,2023-01
3049,2023-01-20,Project Management,External,Incomplete,4,510.95,2023-07-02,2023-07-25,Involuntary,Active,Production,False,0.0,510.95,True,510.95,before_hire,False,-0.45,127.74,2023-01
3050,2022-11-06,Project Management,External,Completed,2,826.19,2020-02-10,,Unk,Active,Production,True,826.19,0.0,False,0.0,valid,True,2.74,413.1,2022-11
3051,2023-05-02,Leadership Development,External,Incomplete,1,992.48,2021-08-27,2022-05-01,Voluntary,Voluntarily Terminated,Production,False,0.0,992.48,True,992.48,after_exit,False,1.68,992.48,2023-05
3052,2022-10-01,Technical Skills,External,Incomplete,3,824.73,2020-01-25,2023-02-05,Involuntary,Active,Production,False,0.0,824.73,True,824.73,valid,True,2.68,274.91,2022-10
3053,2023-07-04,Communication Skills,External,Failed,2,588.35,2020-03-26,2021-10-08,Resignation,Active,Production,False,0.0,588.35,True,588.35,after_exit,False,3.27,294.18,2023-07
3054,2023-06-07,Leadership Development,External,Incomplete,5,144.66,2020-10-23,,Unk,Active,Production,False,0.0,144.66,False,0.0,valid,True,2.62,28.93,2023-06
3055,2023-04-05,Technical Skills,Internal,Failed,3,833.23,2020-12-27,2021-12-07,Retirement,Leave of Absence,Production,False,0.0,833.23,True,833.23,after_exit,False,2.27,277.74,2023-04
3056,2023-06-20,Communication Skills,External,Passed,1,535.51,2022-06-21,,Unk,Active,Production,True,535.51,0.0,False,0.0,valid,True,1.0,535.51,2023-06
3057,2023-05-28,Leadership Development,Internal,Completed,4,961.84,2022-11-09,2023-07-09,Retirement,Leave of Absence,Production,True,961.84,0.0,True,961.84,valid,True,0.55,240.46,2023-05
3058,2023-03-17,Leadership Development,Internal,Completed,1,193.58,2019-02-11,2020-07-30,Involuntary,Leave of Absence,Production,True,193.58,0.0,True,193.58,after_exit,False,4.09,193.58,2023-03
3059,2023-07-10,Communication Skills,External,Completed,1,164.35,2021-03-28,,Unk,Active,Production,True,164.35,0.0,False,0.0,valid,True,2.28,164.35,2023-07
3060,2022-08-30,Customer Service,Internal,Failed,3,165.67,2020-08-29,,Unk,Active,Production,False,0.0,165.67,False,0.0,valid,True,2.0,55.22,2022-08
3061,2022-09-10,Technical Skills,External,Incomplete,5,602.56,2023-01-03,2023-08-05,Resignation,Active,Production,False,0.0,602.56,True,602.56,before_hire,False,-0.31,120.51,2022-09
3062,2023-07-26,Leadership Development,Internal,Passed,1,312.91,2022-11-28,,Unk,Active,Production,True,312.91,0.0,False,0.0,valid,True,0.66,312.91,2023-07
3063,2022-09-28,Project Management,External,Failed,3,767.52,2021-12-22,2023-08-03,Voluntary,Active,Production,False,0.0,767.52,True,767.52,valid,True,0.77,255.84,2022-09
3064,2023-07-31,Project Management,Internal,Incomplete,5,166.35,2023-07-08,,Unk,Active,Production,False,0.0,166.35,False,0.0,valid,True,0.06,33.27,2023-07
3065,2023-06-11,Project Management,Internal,Incomplete,1,997.24,2021-04-21,2021-09-21,Resignation,Active,Production,False,0.0,997.24,True,997.24,after_exit,False,2.14,997.24,2023-06
3066,2022-10-18,Communication Skills,External,Failed,3,258.73,2022-07-28,2022-10-20,Retirement,Active,Production,False,0.0,258.73,True,258.73,valid,True,0.22,86.24,2022-10
3067,2022-09-01,Communication Skills,External,Completed,1,483.26,2019-11-05,,Unk,Active,Production,True,483.26,0.0,False,0.0,valid,True,2.82,483.26,2022-09
3068,2022-11-18,Customer Service,External,Completed,3,261.81,2022-05-22,2022-12-08,Resignation,Terminated for Cause,Production,True,261.81,0.0,True,261.81,valid,True,0.49,87.27,2022-11
3069,2023-05-10,Technical Skills,External,Incomplete,1,767.33,2019-10-19,2021-12-03,Involuntary,Active,Production,False,0.0,767.33,True,767.33,after_exit,False,3.56,767.33,2023-05
3070,2022-12-05,Communication Skills,External,Failed,5,848.76,2019-12-25,2021-07-24,Involuntary,Active,Production,False,0.0,848.76,True,848.76,after_exit,False,2.95,169.75,2022-12
3071,2023-05-30,Project Management,External,Incomplete,4,647.01,2022-11-04,2022-11-26,Voluntary,Active,Production,False,0.0,647.01,True,647.01,after_exit,False,0.57,161.75,2023-05
3072,2023-01-19,Project Management,Internal,Failed,1,230.6,2023-04-26,2023-05-30,Involuntary,Active,Production,False,0.0,230.6,True,230.6,before_hire,False,-0.27,230.6,2023-01
3073,2023-01-28,Customer Service,Internal,Completed,1,681.4,2022-10-26,2023-05-16,Retirement,Voluntarily Terminated,Production,True,681.4,0.0,True,681.4,valid,True,0.26,681.4,2023-01
3074,2023-07-03,Leadership Development,Internal,Passed,1,356.98,2020-07-14,2022-06-27,Resignation,Voluntarily Terminated,Production,True,356.98,0.0,True,356.98,after_exit,False,2.97,356.98,2023-07
3075,2023-02-20,Leadership Development,External,Completed,4,602.12,2023-03-12,,Unk,Active,Production,True,602.12,0.0,False,0.0,before_hire,False,-0.05,150.53,2023-02
3076,2022-11-14,Communication Skills,External,Passed,5,547.83,2023-04-26,,Unk,Active,Production,True,547.83,0.0,False,0.0,before_hire,False,-0.45,109.57,2022-11
3077,2022-10-31,Project Management,External,Failed,3,726.88,2022-09-17,2023-06-12,Involuntary,Active,Production,False,0.0,726.88,True,726.88,valid,True,0.12,242.29,2022-10
3078,2023-03-05,Leadership Development,Internal,Completed,1,548.95,2021-01-08,2023-04-01,Voluntary,Active,Production,True,548.95,0.0,True,548.95,valid,True,2.15,548.95,2023-03
3079,2023-06-28,Communication Skills,External,Completed,4,519.81,2020-12-18,2022-09-16,Retirement,Leave of Absence,Production,True,519.81,0.0,True,519.81,after_exit,False,2.52,129.95,2023-06
3080,2023-03-25,Technical Skills,Internal,Incomplete,5,121.62,2020-09-12,2022-11-22,Voluntary,Leave of Absence,Production,False,0.0,121.62,True,121.62,after_exit,False,2.53,24.32,2023-03
3081,2022-08-28,Customer Service,Internal,Completed,2,316.38,2020-10-20,,Unk,Active,Production,True,316.38,0.0,False,0.0,valid,True,1.85,158.19,2022-08
3082,2023-05-15,Project Management,External,Incomplete,4,696.51,2022-11-18,,Unk,Active,Production,False,0.0,696.51,False,0.0,valid,True,0.49,174.13,2023-05
3083,2023-05-08,Technical Skills,External,Completed,2,413.66,2023-01-14,,Unk,Active,Production,True,413.66,0.0,False,0.0,valid,True,0.31,206.83,2023-05
3084,2023-03-14,Customer Service,External,Completed,5,109.14,2020-10-27,2022-06-08,Voluntary,Active,Production,True,109.14,0.0,True,109.14,after_exit,False,2.38,21.83,2023-03
3085,2023-02-23,Technical Skills,External,Failed,2,855.84,2020-08-29,,Unk,Active,Production,False,0.0,855.84,False,0.0,valid,True,2.49,427.92,2023-02
3086,2023-06-27,Communication Skills,Internal,Incomplete,2,288.09,2019-12-23,2023-08-05,Retirement,Active,Production,False,0.0,288.09,True,288.09,valid,True,3.51,144.04,2023-06
3087,2023-07-08,Communication Skills,Internal,Passed,2,776.34,2023-07-03,,Unk,Active,Production,True,776.34,0.0,False,0.0,valid,True,0.01,388.17,2023-07
3088,2023-05-25,Customer Service,External,Incomplete,3,732.88,2022-09-26,,Unk,Active,Production,False,0.0,732.88,False,0.0,valid,True,0.66,244.29,2023-05
3089,2023-01-02,Leadership Development,Internal,Failed,4,788.1,2020-05-09,2023-07-25,Voluntary,Active,Production,False,0.0,788.1,True,788.1,valid,True,2.65,197.02,2023-01
3090,2022-11-24,Technical Skills,Internal,Incomplete,4,284.29,2023-03-08,,Unk,Active,Production,False,0.0,284.29,False,0.0,before_hire,False,-0.28,71.07,2022-11
3091,2022-11-10,Project Management,External,Completed,5,872.29,2019-02-27,2020-08-31,Involuntary,Terminated for Cause,Production,True,872.29,0.0,True,872.29,after_exit,False,3.7,174.46,2022-11
3092,2022-10-07,Leadership Development,Internal,Passed,1,372.99,2020-01-12,2023-07-12,Voluntary,Active,Production,True,372.99,0.0,True,372.99,valid,True,2.74,372.99,2022-10
3093,2023-04-25,Communication Skills,Internal,Passed,5,229.87,2019-06-29,2021-01-10,Voluntary,Active,Production,True,229.87,0.0,True,229.87,after_exit,False,3.82,45.97,2023-04
3094,2023-03-01,Project Management,Internal,Failed,2,544.31,2021-07-15,2021-09-29,Voluntary,Active,Production,False,0.0,544.31,True,544.31,after_exit,False,1.63,272.15,2023-03
3095,2022-08-26,Communication Skills,Internal,Failed,4,461.79,2022-08-19,,Unk,Active,Production,False,0.0,461.79,False,0.0,valid,True,0.02,115.45,2022-08
3096,2023-04-29,Technical Skills,Internal,Failed,1,108.99,2019-09-23,2023-04-09,Involuntary,Voluntarily Terminated,Production,False,0.0,108.99,True,108.99,after_exit,False,3.6,108.99,2023-04
3097,2022-12-30,Project Management,Internal,Incomplete,5,166.08,2020-10-11,2021-01-06,Retirement,Voluntarily Terminated,Production,False,0.0,166.08,True,166.08,after_exit,False,2.22,33.22,2022-12
3098,2022-10-04,Leadership Development,External,Passed,1,801.69,2021-08-18,,Unk,Active,Production,True,801.69,0.0,False,0.0,valid,True,1.13,801.69,2022-10
3099,2023-05-31,Technical Skills,Internal,Passed,4,355.34,2022-12-17,,Unk,Active,Production,True,355.34,0.0,False,0.0,valid,True,0.45,88.84,2023-05
3100,2023-07-16,Technical Skills,External,Incomplete,4,136.94,2020-10-25,2021-12-28,Retirement,Active,Production,False,0.0,136.94,True,136.94,after_exit,False,2.72,34.24,2023-07
3101,2023-05-21,Technical Skills,Internal,Completed,4,849.63,2023-01-23,,Unk,Active,Production,True,849.63,0.0,False,0.0,valid,True,0.32,212.41,2023-05
3102,2023-04-09,Customer Service,Internal,Incomplete,5,524.34,2019-03-15,2022-08-03,Resignation,Leave of Absence,Production,False,0.0,524.34,True,524.34,after_exit,False,4.07,104.87,2023-04
3103,2023-02-25,Technical Skills,External,Failed,1,141.25,2023-07-06,2023-07-23,Involuntary,Leave of Absence,Production,False,0.0,141.25,True,141.25,before_hire,False,-0.36,141.25,2023-02
3104,2023-08-02,Project Management,Internal,Incomplete,3,852.79,2022-05-29,,Unk,Active,Production,False,0.0,852.79,False,0.0,valid,True,1.18,284.26,2023-08
3105,2022-08-30,Technical Skills,External,Failed,3,805.93,2020-06-07,2022-07-09,Resignation,Active,Production,False,0.0,805.93,True,805.93,after_exit,False,2.23,268.64,2022-08
3106,2023-05-06,Communication Skills,External,Incomplete,3,957.31,2020-03-21,,Unk,Active,Production,False,0.0,957.31,False,0.0,valid,True,3.12,319.1,2023-05
3107,2023-05-16,Leadership Development,Internal,Failed,1,855.26,2021-06-21,2022-11-11,Voluntary,Active,Production,False,0.0,855.26,True,855.26,after_exit,False,1.9,855.26,2023-05
3108,2023-07-07,Customer Service,External,Completed,1,755.13,2021-10-22,2022-05-12,Retirement,Active,Production,True,755.13,0.0,True,755.13,after_exit,False,1.71,755.13,2023-07
3109,2023-06-12,Customer Service,External,Failed,1,260.84,2018-10-20,,Unk,Active,Production,False,0.0,260.84,False,0.0,valid,True,4.64,260.84,2023-06
3110,2022-10-29,Technical Skills,External,Completed,3,299.97,2022-03-16,,Unk,Active,Production,True,299.97,0.0,False,0.0,valid,True,0.62,99.99,2022-10
3111,2023-06-06,Leadership Development,Internal,Incomplete,1,374.9,2018-12-13,,Unk,Active,Production,False,0.0,374.9,False,0.0,valid,True,4.48,374.9,2023-06
3112,2022-09-23,Technical Skills,Internal,Passed,5,168.79,2021-10-08,2022-08-11,Involuntary,Terminated for Cause,Production,True,168.79,0.0,True,168.79,after_exit,False,0.96,33.76,2022-09
3113,2022-11-19,Leadership Development,Internal,Passed,5,236.27,2019-02-03,2019-04-02,Voluntary,Active,Production,True,236.27,0.0,True,236.27,after_exit,False,3.79,47.25,2022-11
3114,2023-01-10,Technical Skills,Internal,Passed,5,569.5,2018-09-30,,Unk,Active,Production,True,569.5,0.0,False,0.0,valid,True,4.28,113.9,2023-01
3115,2023-07-02,Technical Skills,Internal,Incomplete,3,386.26,2021-07-12,2021-08-17,Voluntary,Active,Production,False,0.0,386.26,True,386.26,after_exit,False,1.97,128.75,2023-07
3116,2022-08-23,Project Management,External,Failed,4,323.12,2021-03-04,,Unk,Active,Production,False,0.0,323.12,False,0.0,valid,True,1.47,80.78,2022-08
3117,2023-04-16,Communication Skills,External,Passed,5,461.57,2019-10-27,,Unk,Active,Production,True,461.57,0.0,False,0.0,valid,True,3.47,92.31,2023-04
3118,2022-11-06,Technical Skills,External,Incomplete,2,543.74,2019-01-28,2020-12-14,Voluntary,Voluntarily Terminated,Production,False,0.0,543.74,True,543.74,after_exit,False,3.77,271.87,2022-11
3119,2023-02-26,Leadership Development,External,Passed,1,899.2,2021-01-10,,Unk,Active,Production,True,899.2,0.0,False,0.0,valid,True,2.13,899.2,2023-02
3120,2023-07-05,Project Management,External,Incomplete,2,144.25,2021-08-05,2023-03-02,Resignation,Active,Production,False,0.0,144.25,True,144.25,after_exit,False,1.91,72.12,2023-07
3121,2023-04-22,Leadership Development,External,Failed,1,854.54,2022-11-07,2023-03-02,Retirement,Active,Production,False,0.0,854.54,True,854.54,after_exit,False,0.45,854.54,2023-04
3122,2023-01-16,Customer Service,External,Completed,4,107.47,2022-01-23,2022-06-26,Voluntary,Leave of Absence,Production,True,107.47,0.0,True,107.47,after_exit,False,0.98,26.87,2023-01
3123,2023-01-01,Communication Skills,External,Failed,4,479.0,2021-07-12,,Unk,Active,Production,False,0.0,479.0,False,0.0,valid,True,1.47,119.75,2023-01
3124,2022-09-02,Customer Service,External,Passed,2,965.62,2019-01-05,2021-11-04,Resignation,Leave of Absence,Production,True,965.62,0.0,True,965.62,after_exit,False,3.66,482.81,2022-09
3125,2023-07-10,Leadership Development,External,Passed,2,459.53,2020-04-07,2021-03-21,Resignation,Leave of Absence,Production,True,459.53,0.0,True,459.53,after_exit,False,3.26,229.76,2023-07
3126,2023-07-21,Communication Skills,External,Passed,4,667.54,2022-04-27,,Unk,Active,Production,True,667.54,0.0,False,0.0,valid,True,1.23,166.88,2023-07
3127,2023-02-19,Project Management,External,Failed,5,309.74,2022-06-14,2022-12-05,Resignation,Active,Production,False,0.0,309.74,True,309.74,after_exit,False,0.68,61.95,2023-02
3128,2023-02-28,Communication Skills,Internal,Completed,1,830.63,2019-01-13,,Unk,Active,Production,True,830.63,0.0,False,0.0,valid,True,4.13,830.63,2023-02
3129,2023-06-11,Technical Skills,Internal,Incomplete,4,277.31,2019-06-21,,Unk,Active,Production,False,0.0,277.31,False,0.0,valid,True,3.97,69.33,2023-06
3130,2023-03-21,Customer Service,Internal,Incomplete,3,501.5,2020-08-10,2023-01-14,Voluntary,Active,Production,False,0.0,501.5,True,501.5,after_exit,False,2.61,167.17,2023-03
3131,2023-01-15,Leadership Development,Internal,Completed,3,937.85,2021-04-13,2022-06-11,Resignation,Active,Production,True,937.85,0.0,True,937.85,after_exit,False,1.76,312.62,2023-01
3132,2023-03-16,Communication Skills,Internal,Incomplete,3,134.92,2020-04-27,2022-10-18,Involuntary,Active,Production,False,0.0,134.92,True,134.92,after_exit,False,2.88,44.97,2023-03
3133,2022-10-10,Communication Skills,External,Incomplete,3,946.99,2022-02-25,2022-03-02,Resignation,Terminated for Cause,Production,False,0.0,946.99,True,946.99,after_exit,False,0.62,315.66,2022-10
3134,2023-03-18,Technical Skills,External,Completed,4,945.68,2018-12-06,2022-12-01,Voluntary,Active,Production,True,945.68,0.0,True,945.68,after_exit,False,4.28,236.42,2023-03
3135,2023-01-28,Communication Skills,Internal,Passed,5,142.21,2020-03-12,2023-06-06,Involuntary,Active,Production,True,142.21,0.0,True,142.21,valid,True,2.88,28.44,2023-01
3136,2022-11-22,Project Management,External,Failed,2,386.95,2022-11-16,,Unk,Active,Production,False,0.0,386.95,False,0.0,valid,True,0.02,193.48,2022-11
3137,2023-06-11,Technical Skills,External,Passed,4,641.68,2018-12-09,2023-06-25,Involuntary,Voluntarily Terminated,Production,True,641.68,0.0,True,641.68,valid,True,4.5,160.42,2023-06
3138,2023-07-26,Project Management,Internal,Failed,2,295.67,2022-12-25,2023-03-08,Voluntary,Voluntarily Terminated,Production,False,0.0,295.67,True,295.67,after_exit,False,0.58,147.84,2023-07
3139,2023-04-23,Communication Skills,External,Completed,4,649.64,2021-11-19,,Unk,Active,Production,True,649.64,0.0,False,0.0,valid,True,1.42,162.41,2023-04
3140,2022-12-12,Technical Skills,External,Failed,1,402.77,2022-03-01,,Unk,Active,Production,False,0.0,402.77,False,0.0,valid,True,0.78,402.77,2022-12
3141,2023-04-01,Leadership Development,Internal,Incomplete,3,311.92,2021-03-17,,Unk,Active,Production,False,0.0,311.92,False,0.0,valid,True,2.04,103.97,2023-04
3142,2023-01-09,Communication Skills,External,Incomplete,5,730.99,2021-02-10,,Unk,Active,Production,False,0.0,730.99,False,0.0,valid,True,1.91,146.2,2023-01
3143,2023-05-22,Project Management,Internal,Incomplete,3,330.04,2018-09-28,,Unk,Active,Production,False,0.0,330.04,False,0.0,valid,True,4.65,110.01,2023-05
3144,2023-07-15,Communication Skills,Internal,Passed,3,848.99,2021-02-09,,Unk,Active,Production,True,848.99,0.0,False,0.0,valid,True,2.43,283.0,2023-07
3145,2023-05-30,Leadership Development,Internal,Passed,4,773.76,2020-09-27,2022-03-04,Retirement,Leave of Absence,Production,True,773.76,0.0,True,773.76,after_exit,False,2.67,193.44,2023-05
3146,2023-03-06,Technical Skills,External,Passed,5,560.03,2018-12-16,,Unk,Active,Production,True,560.03,0.0,False,0.0,valid,True,4.22,112.01,2023-03
3147,2022-12-20,Project Management,External,Completed,4,820.65,2023-07-17,2023-07-28,Involuntary,Active,Production,True,820.65,0.0,True,820.65,before_hire,False,-0.57,205.16,2022-12
3148,2023-04-10,Communication Skills,External,Completed,2,727.06,2020-05-28,2021-12-14,Voluntary,Active,Production,True,727.06,0.0,True,727.06,after_exit,False,2.87,363.53,2023-04
3149,2023-07-07,Customer Service,Internal,Failed,2,858.12,2021-03-01,2023-04-05,Voluntary,Active,Production,False,0.0,858.12,True,858.12,after_exit,False,2.35,429.06,2023-07
3150,2023-01-28,Customer Service,External,Failed,4,781.04,2022-02-12,,Unk,Active,Production,False,0.0,781.04,False,0.0,valid,True,0.96,195.26,2023-01
3151,2022-10-06,Project Management,Internal,Passed,2,978.88,2022-02-26,,Unk,Active,Production,True,978.88,0.0,False,0.0,valid,True,0.61,489.44,2022-10
3152,2023-03-24,Communication Skills,Internal,Failed,4,955.95,2022-07-05,2022-12-28,Voluntary,Active,Production,False,0.0,955.95,True,955.95,after_exit,False,0.72,238.99,2023-03
3153,2023-07-11,Communication Skills,External,Passed,5,897.64,2019-11-29,2022-03-11,Retirement,Active,Production,True,897.64,0.0,True,897.64,after_exit,False,3.61,179.53,2023-07
3154,2023-05-25,Customer Service,External,Passed,4,418.08,2019-02-22,,Unk,Active,Production,True,418.08,0.0,False,0.0,valid,True,4.25,104.52,2023-05
3155,2022-08-27,Communication Skills,External,Failed,5,336.64,2020-07-16,2022-02-15,Voluntary,Terminated for Cause,Production,False,0.0,336.64,True,336.64,after_exit,False,2.11,67.33,2022-08
3156,2023-04-02,Communication Skills,External,Failed,4,171.46,2019-07-18,2020-02-19,Voluntary,Voluntarily Terminated,Production,False,0.0,171.46,True,171.46,after_exit,False,3.71,42.86,2023-04
3157,2023-05-26,Project Management,Internal,Incomplete,3,401.9,2019-03-10,2021-11-16,Voluntary,Active,Production,False,0.0,401.9,True,401.9,after_exit,False,4.21,133.97,2023-05
3158,2022-12-19,Communication Skills,Internal,Passed,5,266.62,2023-05-30,2023-07-21,Retirement,Active,Production,True,266.62,0.0,True,266.62,before_hire,False,-0.44,53.32,2022-12
3159,2023-04-19,Technical Skills,External,Failed,2,913.36,2018-08-23,2019-06-19,Voluntary,Active,Production,False,0.0,913.36,True,913.36,after_exit,False,4.65,456.68,2023-04
3160,2023-01-11,Leadership Development,Internal,Failed,3,619.29,2019-03-06,,Unk,Active,Production,False,0.0,619.29,False,0.0,valid,True,3.85,206.43,2023-01
3161,2022-09-15,Customer Service,External,Passed,3,398.98,2023-08-01,2023-08-02,Involuntary,Voluntarily Terminated,Production,True,398.98,0.0,True,398.98,before_hire,False,-0.88,132.99,2022-09
3162,2023-07-24,Technical Skills,Internal,Failed,5,569.76,2020-02-24,2020-12-24,Resignation,Active,Production,False,0.0,569.76,True,569.76,after_exit,False,3.41,113.95,2023-07
3163,2022-10-01,Project Management,Internal,Passed,4,807.32,2019-09-26,,Unk,Active,Production,True,807.32,0.0,False,0.0,valid,True,3.01,201.83,2022-10
3164,2023-02-10,Project Management,External,Passed,3,981.17,2022-12-07,2023-06-08,Resignation,Voluntarily Terminated,Production,True,981.17,0.0,True,981.17,valid,True,0.18,327.06,2023-02
3165,2022-08-28,Leadership Development,External,Failed,4,972.9,2019-03-08,2021-02-08,Retirement,Active,Production,False,0.0,972.9,True,972.9,after_exit,False,3.47,243.22,2022-08
3166,2023-01-27,Project Management,Internal,Incomplete,4,928.71,2019-08-06,2022-07-27,Resignation,Active,Production,False,0.0,928.71,True,928.71,after_exit,False,3.48,232.18,2023-01
3167,2023-01-15,Leadership Development,External,Passed,1,975.21,2019-06-19,,Unk,Active,Production,True,975.21,0.0,False,0.0,valid,True,3.58,975.21,2023-01
3168,2023-05-10,Leadership Development,External,Failed,5,613.58,2022-02-08,2023-07-18,Voluntary,Leave of Absence,Production,False,0.0,613.58,True,613.58,valid,True,1.25,122.72,2023-05
3169,2023-02-25,Communication Skills,Internal,Completed,4,109.96,2019-06-08,2021-01-29,Resignation,Active,Production,True,109.96,0.0,True,109.96,after_exit,False,3.72,27.49,2023-02
3170,2022-08-28,Technical Skills,External,Failed,2,361.28,2022-01-28,2023-06-23,Retirement,Active,Production,False,0.0,361.28,True,361.28,valid,True,0.58,180.64,2022-08
3171,2023-06-30,Leadership Development,External,Failed,4,248.66,2020-08-26,2022-08-11,Involuntary,Active,Production,False,0.0,248.66,True,248.66,after_exit,False,2.84,62.16,2023-06
3172,2022-12-25,Customer Service,External,Failed,5,742.18,2019-04-22,,Unk,Active,Production,False,0.0,742.18,False,0.0,valid,True,3.68,148.44,2022-12
3173,2023-06-01,Communication Skills,External,Incomplete,3,573.31,2022-12-21,2023-05-30,Resignation,Active,Production,False,0.0,573.31,True,573.31,after_exit,False,0.44,191.1,2023-06
3174,2022-12-09,Communication Skills,External,Completed,4,860.91,2022-10-12,2023-07-03,Involuntary,Active,Production,True,860.91,0.0,True,860.91,valid,True,0.16,215.23,2022-12
3175,2023-05-22,Technical Skills,External,Failed,4,686.77,2023-07-23,2023-08-01,Voluntary,Active,Production,False,0.0,686.77,True,686.77,before_hire,False,-0.17,171.69,2023-05
3176,2023-01-24,Leadership Development,External,Passed,5,638.26,2018-12-13,2020-06-23,Resignation,Active,Production,True,638.26,0.0,True,638.26,after_exit,False,4.11,127.65,2023-01
3177,2023-03-25,Leadership Development,External,Incomplete,2,423.71,2019-09-30,2021-06-23,Resignation,Terminated for Cause,Production,False,0.0,423.71,True,423.71,after_exit,False,3.48,211.86,2023-03
3178,2023-05-02,Communication Skills,Internal,Incomplete,3,708.78,2020-01-24,2023-06-09,Involuntary,Voluntarily Terminated,Production,False,0.0,708.78,True,708.78,valid,True,3.27,236.26,2023-05
3179,2023-05-03,Leadership Development,Internal,Passed,2,376.96,2020-12-23,2021-03-17,Voluntary,Active,Production,True,376.96,0.0,True,376.96,after_exit,False,2.36,188.48,2023-05
3180,2023-07-03,Project Management,External,Completed,1,829.59,2019-06-07,2020-01-11,Retirement,Voluntarily Terminated,Production,True,829.59,0.0,True,829.59,after_exit,False,4.07,829.59,2023-07
3181,2023-01-13,Leadership Development,Internal,Incomplete,4,900.21,2019-12-25,2021-11-14,Voluntary,Active,Production,False,0.0,900.21,True,900.21,after_exit,False,3.05,225.05,2023-01
3182,2023-05-02,Technical Skills,Internal,Passed,2,825.61,2023-01-26,,Unk,Active,Production,True,825.61,0.0,False,0.0,valid,True,0.26,412.8,2023-05
3183,2023-07-28,Customer Service,External,Completed,1,205.22,2022-11-03,2023-08-03,Resignation,Voluntarily Terminated,Production,True,205.22,0.0,True,205.22,valid,True,0.73,205.22,2023-07
3184,2022-09-09,Technical Skills,Internal,Failed,3,441.79,2022-05-13,,Unk,Active,Production,False,0.0,441.79,False,0.0,valid,True,0.33,147.26,2022-09
3185,2022-11-28,Communication Skills,External,Passed,3,491.87,2020-09-23,2023-03-15,Voluntary,Voluntarily Terminated,Production,True,491.87,0.0,True,491.87,valid,True,2.18,163.96,2022-11
3186,2023-04-10,Technical Skills,Internal,Failed,4,927.48,2021-08-29,2022-11-08,Voluntary,Active,Production,False,0.0,927.48,True,927.48,after_exit,False,1.61,231.87,2023-04
3187,2023-07-26,Leadership Development,Internal,Completed,3,831.15,2022-12-13,2023-01-11,Resignation,Active,Production,True,831.15,0.0,True,831.15,after_exit,False,0.62,277.05,2023-07
3188,2023-05-16,Leadership Development,Internal,Incomplete,3,976.9,2022-11-06,,Unk,Active,Production,False,0.0,976.9,False,0.0,valid,True,0.52,325.63,2023-05
3189,2022-09-11,Leadership Development,Internal,Passed,5,574.76,2023-08-04,,Unk,Active,Production,True,574.76,0.0,False,0.0,before_hire,False,-0.9,114.95,2022-09
3190,2023-07-13,Leadership Development,External,Passed,3,911.6,2020-11-15,,Unk,Active,Production,True,911.6,0.0,False,0.0,valid,True,2.66,303.87,2023-07
3191,2023-02-05,Project Management,External,Incomplete,3,476.39,2022-07-06,2022-08-12,Retirement,Active,Production,False,0.0,476.39,True,476.39,after_exit,False,0.59,158.8,2023-02
3192,2022-08-28,Technical Skills,Internal,Incomplete,1,752.12,2019-04-21,2022-01-12,Resignation,Active,Production,False,0.0,752.12,True,752.12,after_exit,False,3.35,752.12,2022-08
3193,2023-04-16,Project Management,External,Completed,3,240.94,2021-08-28,,Unk,Active,Production,True,240.94,0.0,False,0.0,valid,True,1.63,80.31,2023-04
3194,2023-01-23,Leadership Development,Internal,Passed,5,143.28,2021-03-25,,Unk,Active,Production,True,143.28,0.0,False,0.0,valid,True,1.83,28.66,2023-01
3195,2023-06-28,Customer Service,External,Failed,1,556.09,2020-07-16,2020-10-15,Resignation,Active,Production,False,0.0,556.09,True,556.09,after_exit,False,2.95,556.09,2023-06
3196,2023-06-06,Customer Service,Internal,Passed,5,518.62,2018-11-28,2021-08-14,Involuntary,Active,Production,True,518.62,0.0,True,518.62,after_exit,False,4.52,103.72,2023-06
3197,2022-11-10,Customer Service,Internal,Failed,4,694.79,2019-06-27,,Unk,Active,Production,False,0.0,694.79,False,0.0,valid,True,3.37,173.7,2022-11
3198,2023-06-01,Communication Skills,Internal,Completed,2,445.34,2023-01-04,,Unk,Active,Production,True,445.34,0.0,False,0.0,valid,True,0.41,222.67,2023-06
3199,2022-09-23,Technical Skills,Internal,Incomplete,5,609.18,2018-11-22,,Unk,Active,Production,False,0.0,609.18,False,0.0,valid,True,3.84,121.84,2022-09
3200,2023-03-18,Communication Skills,Internal,Completed,1,473.02,2021-01-08,,Unk,Active,Production,True,473.02,0.0,False,0.0,valid,True,2.19,473.02,2023-03
3201,2023-06-05,Leadership Development,Internal,Failed,2,758.46,2022-11-18,,Unk,Active,Production,False,0.0,758.46,False,0.0,valid,True,0.54,379.23,2023-06
3202,2022-08-30,Customer Service,Internal,Passed,3,194.06,2020-06-21,2023-06-23,Involuntary,Voluntarily Terminated,Production,True,194.06,0.0,True,194.06,valid,True,2.19,64.69,2022-08
3203,2022-09-01,Project Management,External,Passed,2,317.06,2021-01-19,2022-09-11,Voluntary,Voluntarily Terminated,Production,True,317.06,0.0,True,317.06,valid,True,1.62,158.53,2022-09
3204,2022-08-09,Communication Skills,Internal,Passed,1,291.9,2023-06-04,,Unk,Active,Production,True,291.9,0.0,False,0.0,before_hire,False,-0.82,291.9,2022-08
3205,2023-06-04,Customer Service,External,Incomplete,3,407.29,2020-08-13,2021-09-17,Voluntary,Leave of Absence,Production,False,0.0,407.29,True,407.29,after_exit,False,2.81,135.76,2023-06
3206,2023-04-01,Leadership Development,Internal,Passed,2,143.32,2019-09-06,,Unk,Active,Production,True,143.32,0.0,False,0.0,valid,True,3.57,71.66,2023-04
3207,2023-02-17,Technical Skills,External,Passed,3,724.51,2022-03-27,,Unk,Active,Production,True,724.51,0.0,False,0.0,valid,True,0.9,241.5,2023-02
3208,2023-04-03,Leadership Development,Internal,Passed,2,955.32,2020-12-25,2023-03-08,Resignation,Voluntarily Terminated,Production,True,955.32,0.0,True,955.32,after_exit,False,2.27,477.66,2023-04
3209,2023-03-06,Project Management,Internal,Incomplete,5,259.71,2021-04-24,,Unk,Active,Production,False,0.0,259.71,False,0.0,valid,True,1.86,51.94,2023-03
3210,2022-12-31,Project Management,External,Failed,2,128.89,2020-05-12,,Unk,Active,Production,False,0.0,128.89,False,0.0,valid,True,2.64,64.44,2022-12
3211,2022-10-13,Customer Service,External,Incomplete,4,513.76,2023-05-23,,Unk,Active,Production,False,0.0,513.76,False,0.0,before_hire,False,-0.61,128.44,2022-10
3212,2023-01-20,Customer Service,External,Failed,2,944.89,2020-12-27,2022-05-22,Resignation,Voluntarily Terminated,Production,False,0.0,944.89,True,944.89,after_exit,False,2.06,472.44,2023-01
3213,2023-04-09,Communication Skills,External,Passed,2,494.29,2018-11-17,2019-12-27,Involuntary,Active,Production,True,494.29,0.0,True,494.29,after_exit,False,4.39,247.14,2023-04
3214,2023-01-25,Project Management,Internal,Incomplete,4,521.05,2019-07-16,,Unk,Active,Production,False,0.0,521.05,False,0.0,valid,True,3.53,130.26,2023-01
3215,2023-07-06,Communication Skills,External,Failed,3,183.77,2020-01-25,,Unk,Active,Production,False,0.0,183.77,False,0.0,valid,True,3.44,61.26,2023-07
3216,2023-03-17,Leadership Development,External,Passed,5,143.08,2021-08-16,,Unk,Active,Production,True,143.08,0.0,False,0.0,valid,True,1.58,28.62,2023-03
3217,2023-06-09,Customer Service,External,Passed,3,723.2,2019-01-20,2019-10-01,Resignation,Voluntarily Terminated,Production,True,723.2,0.0,True,723.2,after_exit,False,4.38,241.07,2023-06
3218,2023-01-21,Leadership Development,External,Incomplete,2,526.6,2018-09-04,,Unk,Active,Production,False,0.0,526.6,False,0.0,valid,True,4.38,263.3,2023-01
3219,2023-03-28,Communication Skills,External,Passed,2,771.06,2019-09-20,,Unk,Active,Production,True,771.06,0.0,False,0.0,valid,True,3.52,385.53,2023-03
3220,2022-11-11,Technical Skills,Internal,Failed,4,839.86,2023-07-24,,Unk,Active,Production,False,0.0,839.86,False,0.0,before_hire,False,-0.7,209.96,2022-11
3221,2023-05-11,Communication Skills,Internal,Failed,4,628.77,2023-07-05,,Unk,Active,Production,False,0.0,628.77,False,0.0,before_hire,False,-0.15,157.19,2023-05
3222,2022-09-25,Communication Skills,Internal,Completed,3,433.67,2021-01-11,,Unk,Active,Production,True,433.67,0.0,False,0.0,valid,True,1.7,144.56,2022-09
3223,2023-03-14,Communication Skills,Internal,Incomplete,4,158.97,2022-11-06,,Unk,Active,Production,False,0.0,158.97,False,0.0,valid,True,0.35,39.74,2023-03
3224,2022-09-14,Project Management,External,Completed,2,107.77,2023-04-03,,Unk,Active,Production,True,107.77,0.0,False,0.0,before_hire,False,-0.55,53.88,2022-09
3225,2023-07-26,Communication Skills,Internal,Completed,1,374.1,2021-06-07,2023-06-23,Retirement,Active,Production,True,374.1,0.0,True,374.1,after_exit,False,2.13,374.1,2023-07
3226,2023-03-01,Leadership Development,External,Incomplete,2,471.42,2019-01-20,,Unk,Active,Production,False,0.0,471.42,False,0.0,valid,True,4.11,235.71,2023-03
3227,2023-01-05,Technical Skills,External,Incomplete,2,431.12,2021-11-20,2022-06-06,Involuntary,Leave of Absence,Production,False,0.0,431.12,True,431.12,after_exit,False,1.13,215.56,2023-01
3228,2022-08-09,Customer Service,External,Passed,3,272.77,2019-05-27,2022-08-18,Involuntary,Voluntarily Terminated,Production,True,272.77,0.0,True,272.77,valid,True,3.2,90.92,2022-08
3229,2022-12-30,Technical Skills,Internal,Incomplete,3,757.48,2022-12-18,,Unk,Active,Production,False,0.0,757.48,False,0.0,valid,True,0.03,252.49,2022-12
3230,2022-10-14,Project Management,External,Completed,5,466.81,2021-05-13,2023-07-13,Resignation,Leave of Absence,Production,True,466.81,0.0,True,466.81,valid,True,1.42,93.36,2022-10
3231,2022-10-24,Customer Service,External,Failed,3,668.59,2021-05-24,,Unk,Active,Production,False,0.0,668.59,False,0.0,valid,True,1.42,222.86,2022-10
3232,2023-06-27,Communication Skills,External,Failed,5,318.34,2021-10-06,2022-05-19,Resignation,Leave of Absence,Production,False,0.0,318.34,True,318.34,after_exit,False,1.72,63.67,2023-06
3233,2022-12-28,Communication Skills,Internal,Incomplete,2,403.42,2020-08-22,2020-08-26,Voluntary,Leave of Absence,Production,False,0.0,403.42,True,403.42,after_exit,False,2.35,201.71,2022-12
3234,2022-11-03,Leadership Development,Internal,Completed,3,185.58,2021-08-23,,Unk,Active,Production,True,185.58,0.0,False,0.0,valid,True,1.2,61.86,2022-11
3235,2023-02-08,Project Management,Internal,Failed,3,667.23,2021-12-23,2022-10-17,Resignation,Active,Production,False,0.0,667.23,True,667.23,after_exit,False,1.13,222.41,2023-02
3236,2022-12-17,Communication Skills,Internal,Completed,5,209.99,2022-01-24,2022-03-27,Involuntary,Active,Production,True,209.99,0.0,True,209.99,after_exit,False,0.9,42.0,2022-12
3237,2023-06-12,Leadership Development,Internal,Failed,5,114.81,2022-11-21,,Unk,Active,Production,False,0.0,114.81,False,0.0,valid,True,0.56,22.96,2023-06
3238,2023-02-08,Project Management,External,Incomplete,2,964.12,2018-12-04,2022-07-01,Voluntary,Voluntarily Terminated,Production,False,0.0,964.12,True,964.12,after_exit,False,4.18,482.06,2023-02
3239,2022-10-15,Leadership Development,External,Passed,1,818.77,2019-06-02,,Unk,Active,Production,True,818.77,0.0,False,0.0,valid,True,3.37,818.77,2022-10
3240,2022-10-15,Project Management,External,Passed,3,801.31,2018-08-12,2019-07-05,Voluntary,Voluntarily Terminated,Production,True,801.31,0.0,True,801.31,after_exit,False,4.18,267.1,2022-10
3241,2022-10-14,Communication Skills,Internal,Completed,5,674.84,2022-05-15,,Unk,Active,Production,True,674.84,0.0,False,0.0,valid,True,0.42,134.97,2022-10
3242,2022-10-25,Communication Skills,Internal,Incomplete,2,364.55,2021-11-23,2022-04-21,Resignation,Voluntarily Terminated,Production,False,0.0,364.55,True,364.55,after_exit,False,0.92,182.28,2022-10
3243,2022-09-20,Technical Skills,Internal,Completed,1,174.03,2020-12-13,,Unk,Active,Production,True,174.03,0.0,False,0.0,valid,True,1.77,174.03,2022-09
3244,2022-12-01,Communication Skills,Internal,Failed,4,816.37,2021-07-28,,Unk,Active,Production,False,0.0,816.37,False,0.0,valid,True,1.34,204.09,2022-12
3245,2023-04-29,Project Management,External,Incomplete,1,163.79,2019-06-07,2021-12-30,Voluntary,Terminated for Cause,Production,False,0.0,163.79,True,163.79,after_exit,False,3.89,163.79,2023-04
3246,2023-01-31,Technical Skills,Internal,Failed,1,325.19,2019-06-12,2021-05-25,Retirement,Terminated for Cause,Production,False,0.0,325.19,True,325.19,after_exit,False,3.64,325.19,2023-01
3247,2023-02-26,Communication Skills,Internal,Completed,1,834.12,2023-04-20,2023-08-06,Resignation,Active,Production,True,834.12,0.0,True,834.12,before_hire,False,-0.15,834.12,2023-02
3248,2023-01-28,Customer Service,External,Completed,2,222.11,2018-08-07,2023-07-19,Resignation,Active,Production,True,222.11,0.0,True,222.11,valid,True,4.48,111.06,2023-01
3249,2023-03-08,Communication Skills,Internal,Failed,4,875.83,2018-12-06,,Unk,Active,Production,False,0.0,875.83,False,0.0,valid,True,4.25,218.96,2023-03
3250,2023-02-06,Communication Skills,External,Completed,1,232.39,2021-03-25,,Unk,Active,Production,True,232.39,0.0,False,0.0,valid,True,1.87,232.39,2023-02
3251,2022-11-25,Leadership Development,Internal,Completed,4,719.24,2019-02-15,2019-04-25,Resignation,Voluntarily Terminated,Production,True,719.24,0.0,True,719.24,after_exit,False,3.78,179.81,2022-11
3252,2022-11-08,Communication Skills,Internal,Incomplete,5,102.7,2023-03-14,,Unk,Active,Production,False,0.0,102.7,False,0.0,before_hire,False,-0.34,20.54,2022-11
3253,2023-04-21,Communication Skills,External,Failed,2,869.46,2019-09-01,2021-06-01,Involuntary,Leave of Absence,Production,False,0.0,869.46,True,869.46,after_exit,False,3.64,434.73,2023-04
3254,2023-05-09,Leadership Development,External,Failed,2,823.95,2021-02-23,2022-07-13,Voluntary,Leave of Absence,Production,False,0.0,823.95,True,823.95,after_exit,False,2.2,411.98,2023-05
3255,2022-08-07,Leadership Development,External,Incomplete,3,975.75,2023-03-22,,Unk,Active,Production,False,0.0,975.75,False,0.0,before_hire,False,-0.62,325.25,2022-08
3256,2023-04-01,Customer Service,External,Failed,4,202.81,2019-01-24,,Unk,Active,Production,False,0.0,202.81,False,0.0,valid,True,4.18,50.7,2023-04
3257,2023-06-24,Project Management,External,Completed,3,309.86,2020-11-19,,Unk,Active,Production,True,309.86,0.0,False,0.0,valid,True,2.59,103.29,2023-06
3258,2023-07-16,Leadership Development,Internal,Completed,2,909.73,2023-02-15,,Unk,Active,Production,True,909.73,0.0,False,0.0,valid,True,0.41,454.86,2023-07
3259,2023-01-11,Project Management,Internal,Failed,5,577.84,2022-05-09,2022-06-10,Resignation,Voluntarily Terminated,Production,False,0.0,577.84,True,577.84,after_exit,False,0.68,115.57,2023-01
3260,2022-12-03,Customer Service,External,Failed,2,681.18,2021-10-06,,Unk,Active,Production,False,0.0,681.18,False,0.0,valid,True,1.16,340.59,2022-12
3261,2023-04-17,Project Management,External,Failed,3,253.14,2021-01-17,2023-06-25,Involuntary,Leave of Absence,Production,False,0.0,253.14,True,253.14,valid,True,2.25,84.38,2023-04
3262,2023-05-10,Communication Skills,Internal,Passed,4,959.73,2022-03-22,,Unk,Active,Production,True,959.73,0.0,False,0.0,valid,True,1.13,239.93,2023-05
3263,2023-04-11,Project Management,Internal,Passed,5,320.26,2022-04-20,2023-04-30,Involuntary,Voluntarily Terminated,Production,True,320.26,0.0,True,320.26,valid,True,0.97,64.05,2023-04
3264,2022-09-01,Leadership Development,Internal,Failed,4,506.18,2021-12-31,2023-05-10,Involuntary,Terminated for Cause,Production,False,0.0,506.18,True,506.18,valid,True,0.67,126.54,2022-09
3265,2022-12-07,Customer Service,External,Failed,1,721.96,2018-10-31,,Unk,Active,Production,False,0.0,721.96,False,0.0,valid,True,4.1,721.96,2022-12
3266,2022-11-17,Project Management,External,Incomplete,5,157.85,2020-07-24,,Unk,Active,Production,False,0.0,157.85,False,0.0,valid,True,2.32,31.57,2022-11
3267,2022-10-27,Communication Skills,External,Incomplete,1,980.78,2019-12-12,2020-01-17,Voluntary,Active,Production,False,0.0,980.78,True,980.78,after_exit,False,2.87,980.78,2022-10
3268,2023-06-24,Project Management,Internal,Failed,5,988.08,2023-06-22,,Unk,Active,Production,False,0.0,988.08,False,0.0,valid,True,0.01,197.62,2023-06
3269,2023-04-11,Customer Service,Internal,Passed,1,322.45,2021-06-20,,Unk,Active,Production,True,322.45,0.0,False,0.0,valid,True,1.81,322.45,2023-04
3270,2022-10-13,Leadership Development,External,Passed,1,147.59,2019-10-31,,Unk,Active,Production,True,147.59,0.0,False,0.0,valid,True,2.95,147.59,2022-10
3271,2023-03-15,Technical Skills,External,Passed,3,747.02,2019-07-02,2022-11-26,Involuntary,Voluntarily Terminated,Production,True,747.02,0.0,True,747.02,after_exit,False,3.7,249.01,2023-03
3272,2023-01-30,Leadership Development,External,Passed,2,419.09,2023-02-10,,Unk,Active,Production,True,419.09,0.0,False,0.0,before_hire,False,-0.03,209.54,2023-01
3273,2022-11-04,Technical Skills,Internal,Passed,3,484.19,2022-09-16,,Unk,Active,Production,True,484.19,0.0,False,0.0,valid,True,0.13,161.4,2022-11
3274,2022-12-07,Customer Service,External,Failed,3,293.34,2020-01-21,2020-07-29,Retirement,Leave of Absence,Production,False,0.0,293.34,True,293.34,after_exit,False,2.88,97.78,2022-12
3275,2022-11-28,Technical Skills,Internal,Incomplete,3,942.66,2022-11-16,,Unk,Active,Production,False,0.0,942.66,False,0.0,valid,True,0.03,314.22,2022-11
3276,2022-08-15,Project Management,External,Completed,3,826.54,2021-01-25,,Unk,Active,Production,True,826.54,0.0,False,0.0,valid,True,1.55,275.51,2022-08
3277,2023-03-14,Project Management,Internal,Passed,1,997.87,2023-06-16,2023-06-24,Retirement,Active,Production,True,997.87,0.0,True,997.87,before_hire,False,-0.26,997.87,2023-03
3278,2023-03-15,Leadership Development,Internal,Failed,3,855.9,2020-09-08,2021-10-17,Retirement,Active,Production,False,0.0,855.9,True,855.9,after_exit,False,2.51,285.3,2023-03
3279,2022-10-30,Technical Skills,Internal,Incomplete,4,518.24,2019-01-23,2020-11-24,Involuntary,Active,Production,False,0.0,518.24,True,518.24,after_exit,False,3.77,129.56,2022-10
3280,2022-09-24,Project Management,External,Incomplete,3,580.09,2023-05-29,2023-07-23,Involuntary,Voluntarily Terminated,Production,False,0.0,580.09,True,580.09,before_hire,False,-0.68,193.36,2022-09
3281,2023-01-23,Project Management,Internal,Passed,3,104.8,2019-08-16,,Unk,Active,Production,True,104.8,0.0,False,0.0,valid,True,3.44,34.93,2023-01
3282,2023-05-09,Project Management,External,Failed,2,939.86,2020-06-04,,Unk,Active,Production,False,0.0,939.86,False,0.0,valid,True,2.93,469.93,2023-05
3283,2023-03-03,Communication Skills,Internal,Incomplete,2,353.7,2020-07-21,,Unk,Active,Production,False,0.0,353.7,False,0.0,valid,True,2.61,176.85,2023-03
3284,2022-10-20,Technical Skills,External,Incomplete,5,538.22,2022-08-21,2023-03-29,Resignation,Voluntarily Terminated,Production,False,0.0,538.22,True,538.22,valid,True,0.16,107.64,2022-10
3285,2023-05-07,Project Management,External,Incomplete,2,698.54,2021-07-16,2023-06-12,Retirement,Terminated for Cause,Production,False,0.0,698.54,True,698.54,valid,True,1.81,349.27,2023-05
3286,2023-05-16,Project Management,External,Completed,1,692.96,2019-11-06,,Unk,Active,Production,True,692.96,0.0,False,0.0,valid,True,3.52,692.96,2023-05
3287,2022-08-18,Project Management,Internal,Incomplete,3,997.37,2021-01-01,,Unk,Active,Production,False,0.0,997.37,False,0.0,valid,True,1.63,332.46,2022-08
3288,2022-12-15,Customer Service,Internal,Failed,1,523.79,2019-09-24,,Unk,Active,Production,False,0.0,523.79,False,0.0,valid,True,3.23,523.79,2022-12
3289,2023-03-31,Customer Service,Internal,Completed,5,923.23,2020-05-17,,Unk,Active,Production,True,923.23,0.0,False,0.0,valid,True,2.87,184.65,2023-03
3290,2023-01-24,Customer Service,External,Completed,5,406.19,2018-08-07,,Unk,Active,Production,True,406.19,0.0,False,0.0,valid,True,4.47,81.24,2023-01
3291,2022-10-02,Technical Skills,Internal,Completed,2,394.74,2023-08-01,,Unk,Active,Production,True,394.74,0.0,False,0.0,before_hire,False,-0.83,197.37,2022-10
3292,2023-01-03,Leadership Development,Internal,Passed,5,237.3,2019-01-12,2020-01-09,Retirement,Voluntarily Terminated,Production,True,237.3,0.0,True,237.3,after_exit,False,3.98,47.46,2023-01
3293,2023-01-19,Leadership Development,Internal,Incomplete,2,261.25,2021-04-09,2022-11-29,Retirement,Voluntarily Terminated,Production,False,0.0,261.25,True,261.25,after_exit,False,1.78,130.62,2023-01
3294,2023-07-09,Communication Skills,External,Incomplete,3,582.07,2022-06-04,2022-12-24,Retirement,Leave of Absence,Production,False,0.0,582.07,True,582.07,after_exit,False,1.1,194.02,2023-07
3295,2022-10-04,Leadership Development,Internal,Passed,4,286.88,2019-05-31,,Unk,Active,Production,True,286.88,0.0,False,0.0,valid,True,3.35,71.72,2022-10
3296,2023-07-17,Communication Skills,Internal,Passed,2,602.7,2019-01-07,2019-10-08,Voluntary,Leave of Absence,Production,True,602.7,0.0,True,602.7,after_exit,False,4.52,301.35,2023-07
3297,2023-05-11,Communication Skills,External,Incomplete,1,440.54,2020-07-18,2021-04-20,Retirement,Leave of Absence,Production,False,0.0,440.54,True,440.54,after_exit,False,2.81,440.54,2023-05
3298,2023-04-15,Customer Service,Internal,Completed,1,549.56,2020-11-19,2021-05-21,Involuntary,Active,Production,True,549.56,0.0,True,549.56,after_exit,False,2.4,549.56,2023-04
3299,2023-04-02,Leadership Development,Internal,Incomplete,4,721.03,2022-11-10,,Unk,Active,Production,False,0.0,721.03,False,0.0,valid,True,0.39,180.26,2023-04
3300,2023-04-24,Leadership Development,External,Incomplete,2,897.32,2021-03-25,2022-05-08,Resignation,Active,Production,False,0.0,897.32,True,897.32,after_exit,False,2.08,448.66,2023-04
3301,2023-02-03,Customer Service,Internal,Incomplete,1,443.13,2019-05-13,2022-08-13,Retirement,Voluntarily Terminated,Production,False,0.0,443.13,True,443.13,after_exit,False,3.73,443.13,2023-02
3302,2023-03-16,Communication Skills,External,Incomplete,4,584.29,2019-06-07,2022-11-06,Retirement,Leave of Absence,Production,False,0.0,584.29,True,584.29,after_exit,False,3.77,146.07,2023-03
3303,2023-07-19,Customer Service,Internal,Incomplete,2,249.76,2023-02-18,,Unk,Active,Production,False,0.0,249.76,False,0.0,valid,True,0.41,124.88,2023-07
3304,2023-06-15,Communication Skills,External,Incomplete,2,123.32,2019-04-02,,Unk,Active,Production,False,0.0,123.32,False,0.0,valid,True,4.2,61.66,2023-06
3305,2022-12-01,Project Management,Internal,Completed,1,149.24,2020-11-30,2022-10-23,Involuntary,Voluntarily Terminated,Production,True,149.24,0.0,True,149.24,after_exit,False,2.0,149.24,2022-12
3306,2023-01-13,Project Management,External,Incomplete,3,267.72,2022-09-24,2022-10-27,Voluntary,Voluntarily Terminated,Production,False,0.0,267.72,True,267.72,after_exit,False,0.3,89.24,2023-01
3307,2023-01-28,Leadership Development,Internal,Passed,5,837.16,2019-06-21,,Unk,Active,Production,True,837.16,0.0,False,0.0,valid,True,3.61,167.43,2023-01
3308,2023-04-05,Project Management,Internal,Passed,4,864.47,2022-06-10,,Unk,Active,Production,True,864.47,0.0,False,0.0,valid,True,0.82,216.12,2023-04
3309,2022-09-15,Customer Service,External,Completed,3,547.86,2020-10-18,,Unk,Active,Production,True,547.86,0.0,False,0.0,valid,True,1.91,182.62,2022-09
3310,2023-07-22,Project Management,External,Incomplete,3,514.23,2022-02-02,2023-02-04,Retirement,Active,Production,False,0.0,514.23,True,514.23,after_exit,False,1.46,171.41,2023-07
3311,2022-12-10,Communication Skills,Internal,Passed,3,773.82,2021-06-17,2021-12-03,Retirement,Active,Production,True,773.82,0.0,True,773.82,after_exit,False,1.48,257.94,2022-12
3312,2022-11-11,Communication Skills,Internal,Failed,4,760.81,2018-12-01,,Unk,Active,Production,False,0.0,760.81,False,0.0,valid,True,3.95,190.2,2022-11
3313,2023-03-30,Technical Skills,Internal,Failed,1,705.95,2021-05-09,,Unk,Active,Production,False,0.0,705.95,False,0.0,valid,True,1.89,705.95,2023-03
3314,2023-06-10,Customer Service,External,Incomplete,2,651.52,2019-01-01,,Unk,Active,Production,False,0.0,651.52,False,0.0,valid,True,4.44,325.76,2023-06
3315,2023-02-03,Leadership Development,Internal,Incomplete,1,976.59,2018-10-13,2020-03-18,Involuntary,Voluntarily Terminated,Production,False,0.0,976.59,True,976.59,after_exit,False,4.31,976.59,2023-02
3316,2022-08-17,Communication Skills,Internal,Failed,1,780.12,2020-04-25,2022-12-13,Retirement,Leave of Absence,Production,False,0.0,780.12,True,780.12,valid,True,2.31,780.12,2022-08
3317,2022-12-20,Customer Service,External,Passed,1,870.15,2022-03-17,,Unk,Active,Production,True,870.15,0.0,False,0.0,valid,True,0.76,870.15,2022-12
3318,2022-09-16,Leadership Development,Internal,Incomplete,2,728.28,2019-11-18,2022-02-10,Resignation,Leave of Absence,Production,False,0.0,728.28,True,728.28,after_exit,False,2.83,364.14,2022-09
3319,2023-06-27,Technical Skills,Internal,Completed,2,141.88,2019-10-09,,Unk,Active,Production,True,141.88,0.0,False,0.0,valid,True,3.72,70.94,2023-06
3320,2022-10-16,Project Management,Internal,Completed,3,678.77,2020-05-18,,Unk,Active,Production,True,678.77,0.0,False,0.0,valid,True,2.41,226.26,2022-10
3321,2022-08-23,Project Management,Internal,Passed,1,134.05,2019-02-17,,Unk,Active,Production,True,134.05,0.0,False,0.0,valid,True,3.51,134.05,2022-08
3322,2023-05-11,Communication Skills,External,Failed,5,371.76,2020-07-31,2022-09-27,Voluntary,Voluntarily Terminated,Production,False,0.0,371.76,True,371.76,after_exit,False,2.78,74.35,2023-05
3323,2022-09-27,Communication Skills,External,Incomplete,5,967.51,2023-06-17,2023-07-13,Voluntary,Leave of Absence,Production,False,0.0,967.51,True,967.51,before_hire,False,-0.72,193.5,2022-09
3324,2023-06-16,Technical Skills,External,Failed,3,468.78,2019-06-30,2022-07-24,Involuntary,Leave of Absence,Production,False,0.0,468.78,True,468.78,after_exit,False,3.96,156.26,2023-06
3325,2023-04-17,Technical Skills,External,Completed,4,747.42,2021-07-13,2022-03-11,Involuntary,Voluntarily Terminated,Production,True,747.42,0.0,True,747.42,after_exit,False,1.76,186.86,2023-04
3326,2022-11-06,Project Management,Internal,Completed,3,115.27,2022-01-14,,Unk,Active,Production,True,115.27,0.0,False,0.0,valid,True,0.81,38.42,2022-11
3327,2023-06-04,Customer Service,Internal,Incomplete,3,454.55,2020-01-01,,Unk,Active,Production,False,0.0,454.55,False,0.0,valid,True,3.42,151.52,2023-06
3328,2022-11-26,Technical Skills,Internal,Failed,1,391.22,2020-10-24,2023-04-11,Resignation,Voluntarily Terminated,Production,False,0.0,391.22,True,391.22,valid,True,2.09,391.22,2022-11
3329,2022-12-21,Customer Service,External,Incomplete,3,845.51,2020-10-24,,Unk,Active,Production,False,0.0,845.51,False,0.0,valid,True,2.16,281.84,2022-12
3330,2023-04-22,Project Management,External,Incomplete,2,713.22,2020-08-09,,Unk,Active,Production,False,0.0,713.22,False,0.0,valid,True,2.7,356.61,2023-04
3331,2022-08-11,Communication Skills,Internal,Passed,2,242.55,2019-03-24,2020-10-16,Voluntary,Active,Production,True,242.55,0.0,True,242.55,after_exit,False,3.38,121.28,2022-08
3332,2023-02-09,Technical Skills,Internal,Completed,5,385.68,2022-10-29,,Unk,Active,Production,True,385.68,0.0,False,0.0,valid,True,0.28,77.14,2023-02
3333,2023-01-05,Customer Service,Internal,Passed,4,995.4,2023-05-16,,Unk,Active,Production,True,995.4,0.0,False,0.0,before_hire,False,-0.36,248.85,2023-01
3334,2022-10-23,Project Management,External,Completed,5,583.4,2023-05-30,,Unk,Active,Production,True,583.4,0.0,False,0.0,before_hire,False,-0.6,116.68,2022-10
3335,2023-03-17,Project Management,Internal,Incomplete,5,388.61,2019-06-28,2021-12-16,Resignation,Voluntarily Terminated,Production,False,0.0,388.61,True,388.61,after_exit,False,3.72,77.72,2023-03
3336,2023-04-02,Leadership Development,Internal,Incomplete,4,290.13,2023-03-25,2023-05-17,Retirement,Voluntarily Terminated,Production,False,0.0,290.13,True,290.13,valid,True,0.02,72.53,2023-04
3337,2023-04-28,Customer Service,Internal,Failed,3,933.76,2022-08-26,,Unk,Active,Production,False,0.0,933.76,False,0.0,valid,True,0.67,311.25,2023-04
3338,2023-06-23,Project Management,External,Incomplete,3,796.62,2019-11-15,,Unk,Active,Production,False,0.0,796.62,False,0.0,valid,True,3.6,265.54,2023-06
3339,2023-02-02,Customer Service,External,Failed,4,986.69,2021-08-22,,Unk,Active,Production,False,0.0,986.69,False,0.0,valid,True,1.45,246.67,2023-02
3340,2023-07-09,Technical Skills,External,Failed,4,965.82,2022-11-29,,Unk,Active,Production,False,0.0,965.82,False,0.0,valid,True,0.61,241.46,2023-07
3341,2023-07-19,Technical Skills,Internal,Failed,1,933.59,2022-10-15,2023-01-25,Involuntary,Active,Production,False,0.0,933.59,True,933.59,after_exit,False,0.76,933.59,2023-07
3342,2022-11-15,Leadership Development,Internal,Failed,4,583.66,2021-07-31,,Unk,Active,Production,False,0.0,583.66,False,0.0,valid,True,1.29,145.92,2022-11
3343,2023-07-05,Technical Skills,External,Failed,2,819.62,2022-02-21,2023-05-26,Retirement,Active,Production,False,0.0,819.62,True,819.62,after_exit,False,1.37,409.81,2023-07
3344,2022-11-20,Communication Skills,Internal,Failed,5,925.0,2021-08-29,,Unk,Active,Production,False,0.0,925.0,False,0.0,valid,True,1.23,185.0,2022-11
3345,2022-12-28,Project Management,External,Incomplete,5,127.93,2021-12-13,2023-01-29,Retirement,Voluntarily Terminated,Production,False,0.0,127.93,True,127.93,valid,True,1.04,25.59,2022-12
3346,2022-10-27,Leadership Development,Internal,Incomplete,1,608.47,2021-03-30,2022-02-12,Involuntary,Leave of Absence,Production,False,0.0,608.47,True,608.47,after_exit,False,1.58,608.47,2022-10
3347,2023-01-24,Technical Skills,External,Incomplete,1,501.92,2021-02-02,2022-05-13,Resignation,Leave of Absence,Production,False,0.0,501.92,True,501.92,after_exit,False,1.97,501.92,2023-01
3348,2023-04-29,Project Management,Internal,Passed,2,922.33,2019-10-31,,Unk,Active,Production,True,922.33,0.0,False,0.0,valid,True,3.49,461.16,2023-04
3349,2022-08-31,Project Management,Internal,Incomplete,5,306.01,2022-11-07,,Unk,Active,Production,False,0.0,306.01,False,0.0,before_hire,False,-0.19,61.2,2022-08
3350,2022-09-30,Project Management,Internal,Passed,2,963.95,2022-11-20,,Unk,Active,Production,True,963.95,0.0,False,0.0,before_hire,False,-0.14,481.98,2022-09
3351,2023-02-17,Communication Skills,External,Incomplete,1,388.02,2021-12-15,2022-04-06,Involuntary,Voluntarily Terminated,Production,False,0.0,388.02,True,388.02,after_exit,False,1.17,388.02,2023-02
3352,2023-04-26,Project Management,Internal,Failed,1,140.61,2023-02-22,,Unk,Active,Production,False,0.0,140.61,False,0.0,valid,True,0.17,140.61,2023-04
3353,2023-03-14,Project Management,External,Incomplete,3,749.47,2020-03-29,,Unk,Active,Production,False,0.0,749.47,False,0.0,valid,True,2.96,249.82,2023-03
3354,2022-11-19,Communication Skills,Internal,Incomplete,5,503.22,2021-08-09,2023-06-16,Retirement,Active,Production,False,0.0,503.22,True,503.22,valid,True,1.28,100.64,2022-11
3355,2023-06-14,Leadership Development,Internal,Passed,4,492.21,2023-01-02,2023-06-18,Resignation,Active,Production,True,492.21,0.0,True,492.21,valid,True,0.45,123.05,2023-06
3356,2022-08-08,Leadership Development,External,Completed,5,890.94,2018-11-10,,Unk,Active,Production,True,890.94,0.0,False,0.0,valid,True,3.74,178.19,2022-08
3357,2023-07-12,Technical Skills,Internal,Failed,2,621.3,2022-08-30,,Unk,Active,Production,False,0.0,621.3,False,0.0,valid,True,0.87,310.65,2023-07
3358,2022-08-28,Customer Service,External,Failed,5,806.4,2021-07-30,2022-12-03,Voluntary,Leave of Absence,Production,False,0.0,806.4,True,806.4,valid,True,1.08,161.28,2022-08
3359,2023-04-13,Project Management,External,Passed,5,886.07,2020-11-29,,Unk,Active,Production,True,886.07,0.0,False,0.0,valid,True,2.37,177.21,2023-04
3360,2022-12-14,Customer Service,External,Passed,3,740.89,2021-03-24,,Unk,Active,Production,True,740.89,0.0,False,0.0,valid,True,1.72,246.96,2022-12
3361,2022-11-14,Communication Skills,External,Passed,1,921.81,2020-12-29,2022-02-23,Voluntary,Voluntarily Terminated,Production,True,921.81,0.0,True,921.81,after_exit,False,1.88,921.81,2022-11
3362,2023-07-31,Customer Service,Internal,Passed,2,348.84,2021-08-02,,Unk,Active,Production,True,348.84,0.0,False,0.0,valid,True,1.99,174.42,2023-07
3363,2023-05-22,Customer Service,External,Completed,2,826.15,2022-03-30,,Unk,Active,Production,True,826.15,0.0,False,0.0,valid,True,1.14,413.08,2023-05
3364,2022-12-01,Leadership Development,Internal,Completed,1,205.35,2021-03-05,2021-09-07,Retirement,Active,Production,True,205.35,0.0,True,205.35,after_exit,False,1.74,205.35,2022-12
3365,2022-08-23,Communication Skills,External,Incomplete,1,349.86,2020-12-02,,Unk,Active,Production,False,0.0,349.86,False,0.0,valid,True,1.72,349.86,2022-08
3366,2022-09-20,Project Management,External,Passed,1,546.47,2019-01-20,2020-01-18,Voluntary,Voluntarily Terminated,Production,True,546.47,0.0,True,546.47,after_exit,False,3.67,546.47,2022-09
3367,2023-06-09,Leadership Development,Internal,Passed,2,448.21,2020-05-30,2022-02-01,Retirement,Voluntarily Terminated,Production,True,448.21,0.0,True,448.21,after_exit,False,3.03,224.1,2023-06
3368,2022-11-28,Leadership Development,Internal,Incomplete,5,970.35,2019-11-14,2023-05-14,Retirement,Leave of Absence,Production,False,0.0,970.35,True,970.35,valid,True,3.04,194.07,2022-11
3369,2022-10-01,Project Management,Internal,Completed,5,152.86,2022-07-27,2023-03-24,Resignation,Leave of Absence,Production,True,152.86,0.0,True,152.86,valid,True,0.18,30.57,2022-10
3370,2023-06-06,Customer Service,External,Completed,2,264.88,2022-06-20,,Unk,Active,Production,True,264.88,0.0,False,0.0,valid,True,0.96,132.44,2023-06
3371,2022-12-01,Communication Skills,Internal,Passed,2,210.15,2022-12-20,2023-03-22,Resignation,Voluntarily Terminated,Production,True,210.15,0.0,True,210.15,before_hire,False,-0.05,105.08,2022-12
3372,2023-05-05,Technical Skills,External,Passed,4,627.18,2023-01-14,2023-03-14,Involuntary,Voluntarily Terminated,Production,True,627.18,0.0,True,627.18,after_exit,False,0.3,156.79,2023-05
3373,2022-12-29,Customer Service,External,Incomplete,1,575.42,2018-09-22,,Unk,Active,Production,False,0.0,575.42,False,0.0,valid,True,4.27,575.42,2022-12
3374,2022-11-27,Communication Skills,Internal,Completed,4,123.64,2022-09-24,2023-03-10,Involuntary,Voluntarily Terminated,Production,True,123.64,0.0,True,123.64,valid,True,0.18,30.91,2022-11
3375,2023-06-30,Technical Skills,Internal,Failed,1,655.61,2020-06-08,2021-07-13,Voluntary,Voluntarily Terminated,Production,False,0.0,655.61,True,655.61,after_exit,False,3.06,655.61,2023-06
3376,2023-02-20,Project Management,External,Incomplete,4,410.54,2023-07-06,,Unk,Active,Production,False,0.0,410.54,False,0.0,before_hire,False,-0.37,102.64,2023-02
3377,2022-10-24,Communication Skills,Internal,Completed,2,485.17,2020-02-24,2023-05-13,Resignation,Active,Production,True,485.17,0.0,True,485.17,valid,True,2.66,242.58,2022-10
3378,2023-07-08,Technical Skills,External,Passed,1,731.18,2021-05-26,,Unk,Active,Production,True,731.18,0.0,False,0.0,valid,True,2.12,731.18,2023-07
3379,2023-01-12,Technical Skills,Internal,Failed,3,849.25,2023-04-09,2023-06-14,Voluntary,Leave of Absence,Production,False,0.0,849.25,True,849.25,before_hire,False,-0.24,283.08,2023-01
3380,2022-10-26,Technical Skills,Internal,Incomplete,1,399.81,2023-06-27,,Unk,Active,Production,False,0.0,399.81,False,0.0,before_hire,False,-0.67,399.81,2022-10
3381,2022-08-30,Customer Service,Internal,Incomplete,4,604.06,2022-12-20,,Unk,Active,Production,False,0.0,604.06,False,0.0,before_hire,False,-0.31,151.01,2022-08
3382,2023-04-14,Project Management,Internal,Failed,2,815.35,2018-11-10,,Unk,Active,Production,False,0.0,815.35,False,0.0,valid,True,4.42,407.68,2023-04
3383,2022-11-16,Leadership Development,Internal,Failed,4,750.79,2020-08-13,2020-10-02,Resignation,Voluntarily Terminated,Production,False,0.0,750.79,True,750.79,after_exit,False,2.26,187.7,2022-11
3384,2022-11-19,Leadership Development,Internal,Passed,1,981.44,2019-03-07,,Unk,Active,Production,True,981.44,0.0,False,0.0,valid,True,3.7,981.44,2022-11
3385,2023-02-10,Technical Skills,External,Failed,5,553.4,2022-03-13,,Unk,Active,Production,False,0.0,553.4,False,0.0,valid,True,0.91,110.68,2023-02
3386,2022-08-26,Leadership Development,External,Incomplete,1,348.3,2019-11-25,2021-01-28,Voluntary,Active,Production,False,0.0,348.3,True,348.3,after_exit,False,2.75,348.3,2022-08
3387,2022-10-16,Technical Skills,Internal,Completed,3,912.09,2019-03-06,,Unk,Active,Production,True,912.09,0.0,False,0.0,valid,True,3.61,304.03,2022-10
3388,2022-11-03,Leadership Development,External,Failed,2,278.04,2019-04-19,,Unk,Active,Production,False,0.0,278.04,False,0.0,valid,True,3.54,139.02,2022-11
3389,2022-10-18,Project Management,External,Completed,5,812.22,2020-08-12,,Unk,Active,Production,True,812.22,0.0,False,0.0,valid,True,2.18,162.44,2022-10
3390,2022-11-06,Leadership Development,Internal,Failed,3,765.2,2022-10-21,2023-01-05,Voluntary,Leave of Absence,Production,False,0.0,765.2,True,765.2,valid,True,0.04,255.07,2022-11
3391,2023-04-01,Communication Skills,Internal,Incomplete,2,374.13,2020-01-13,,Unk,Active,Production,False,0.0,374.13,False,0.0,valid,True,3.21,187.06,2023-04
3392,2023-01-23,Technical Skills,External,Completed,3,319.39,2019-11-18,2021-09-22,Voluntary,Voluntarily Terminated,Production,True,319.39,0.0,True,319.39,after_exit,False,3.18,106.46,2023-01
3393,2023-07-30,Leadership Development,External,Passed,5,538.8,2018-08-25,,Unk,Active,Production,True,538.8,0.0,False,0.0,valid,True,4.93,107.76,2023-07
3394,2022-09-12,Leadership Development,External,Incomplete,3,845.75,2021-05-24,,Unk,Active,Production,False,0.0,845.75,False,0.0,valid,True,1.3,281.92,2022-09
3395,2022-08-24,Communication Skills,Internal,Failed,3,745.69,2021-06-09,2022-01-13,Resignation,Voluntarily Terminated,Production,False,0.0,745.69,True,745.69,after_exit,False,1.21,248.56,2022-08
3396,2023-04-15,Leadership Development,External,Passed,4,743.92,2021-04-05,2021-11-29,Voluntary,Voluntarily Terminated,Production,True,743.92,0.0,True,743.92,after_exit,False,2.03,185.98,2023-04
3397,2022-10-05,Project Management,Internal,Incomplete,2,826.58,2022-11-05,,Unk,Active,Production,False,0.0,826.58,False,0.0,before_hire,False,-0.08,413.29,2022-10
3398,2022-08-24,Project Management,External,Passed,2,155.61,2019-11-09,2022-09-03,Retirement,Active,Production,True,155.61,0.0,True,155.61,valid,True,2.79,77.81,2022-08
3399,2022-12-01,Leadership Development,External,Failed,3,898.26,2022-06-05,2023-06-01,Involuntary,Active,Production,False,0.0,898.26,True,898.26,valid,True,0.49,299.42,2022-12
3400,2023-07-21,Leadership Development,External,Passed,1,639.06,2021-09-21,,Unk,Active,Production,True,639.06,0.0,False,0.0,valid,True,1.83,639.06,2023-07
3401,2023-04-25,Project Management,Internal,Passed,5,605.29,2021-11-10,2023-06-04,Involuntary,Leave of Absence,Production,True,605.29,0.0,True,605.29,valid,True,1.45,121.06,2023-04
3402,2023-07-05,Customer Service,External,Incomplete,2,783.25,2021-03-03,2022-04-12,Voluntary,Voluntarily Terminated,Production,False,0.0,783.25,True,783.25,after_exit,False,2.34,391.62,2023-07
3403,2023-06-08,Communication Skills,External,Completed,5,406.68,2021-02-19,2022-11-15,Retirement,Voluntarily Terminated,Production,True,406.68,0.0,True,406.68,after_exit,False,2.3,81.34,2023-06
3404,2023-04-10,Customer Service,Internal,Incomplete,4,518.46,2019-04-25,2022-11-11,Involuntary,Leave of Absence,Production,False,0.0,518.46,True,518.46,after_exit,False,3.96,129.62,2023-04
3405,2023-04-05,Customer Service,External,Completed,1,397.18,2020-01-13,2022-10-21,Voluntary,Leave of Absence,Production,True,397.18,0.0,True,397.18,after_exit,False,3.23,397.18,2023-04
3406,2023-04-27,Customer Service,Internal,Incomplete,1,538.94,2020-03-25,2023-04-26,Involuntary,Voluntarily Terminated,Production,False,0.0,538.94,True,538.94,after_exit,False,3.09,538.94,2023-04
3407,2023-02-06,Leadership Development,External,Incomplete,1,501.87,2021-04-15,2023-05-11,Voluntary,Active,Production,False,0.0,501.87,True,501.87,valid,True,1.81,501.87,2023-02
3408,2022-08-13,Leadership Development,External,Failed,5,877.62,2022-12-15,2023-04-25,Resignation,Voluntarily Terminated,Production,False,0.0,877.62,True,877.62,before_hire,False,-0.34,175.52,2022-08
3409,2023-07-27,Technical Skills,Internal,Failed,2,575.11,2022-10-08,2023-02-04,Resignation,Active,Production,False,0.0,575.11,True,575.11,after_exit,False,0.8,287.56,2023-07
3410,2023-03-05,Leadership Development,External,Failed,2,729.76,2018-12-18,,Unk,Active,Production,False,0.0,729.76,False,0.0,valid,True,4.21,364.88,2023-03
3411,2023-05-31,Customer Service,Internal,Incomplete,5,961.53,2022-10-06,,Unk,Active,Production,False,0.0,961.53,False,0.0,valid,True,0.65,192.31,2023-05
3412,2022-10-07,Leadership Development,External,Incomplete,2,966.67,2019-12-28,,Unk,Active,Production,False,0.0,966.67,False,0.0,valid,True,2.78,483.34,2022-10
3413,2023-03-20,Customer Service,External,Passed,5,394.1,2019-11-25,,Unk,Active,Production,True,394.1,0.0,False,0.0,valid,True,3.32,78.82,2023-03
3414,2023-07-23,Project Management,External,Incomplete,2,616.09,2022-06-03,,Unk,Active,Production,False,0.0,616.09,False,0.0,valid,True,1.14,308.04,2023-07
3415,2022-09-16,Leadership Development,Internal,Completed,4,103.35,2022-09-09,2023-03-16,Retirement,Voluntarily Terminated,Production,True,103.35,0.0,True,103.35,valid,True,0.02,25.84,2022-09
3416,2023-02-18,Leadership Development,External,Incomplete,5,488.05,2020-10-02,,Unk,Active,Production,False,0.0,488.05,False,0.0,valid,True,2.38,97.61,2023-02
3417,2023-03-10,Project Management,External,Incomplete,5,906.21,2022-02-07,,Unk,Active,Production,False,0.0,906.21,False,0.0,valid,True,1.08,181.24,2023-03
3418,2023-06-15,Technical Skills,Internal,Completed,4,397.08,2022-10-14,,Unk,Active,Production,True,397.08,0.0,False,0.0,valid,True,0.67,99.27,2023-06
3419,2023-05-18,Project Management,External,Passed,3,999.72,2019-10-14,,Unk,Active,Production,True,999.72,0.0,False,0.0,valid,True,3.59,333.24,2023-05
3420,2022-12-15,Project Management,External,Passed,2,489.02,2020-10-10,2022-08-05,Voluntary,Active,Production,True,489.02,0.0,True,489.02,after_exit,False,2.18,244.51,2022-12
3421,2023-01-22,Customer Service,External,Passed,1,786.71,2022-05-09,2022-09-08,Retirement,Active,Production,True,786.71,0.0,True,786.71,after_exit,False,0.71,786.71,2023-01
3422,2023-03-13,Communication Skills,Internal,Failed,1,707.96,2022-06-22,2022-08-07,Retirement,Leave of Absence,Production,False,0.0,707.96,True,707.96,after_exit,False,0.72,707.96,2023-03
3423,2022-10-14,Technical Skills,External,Completed,1,439.65,2020-12-28,,Unk,Active,Production,True,439.65,0.0,False,0.0,valid,True,1.79,439.65,2022-10
3424,2022-08-18,Project Management,Internal,Completed,5,981.13,2020-12-09,2022-08-04,Involuntary,Voluntarily Terminated,Production,True,981.13,0.0,True,981.13,after_exit,False,1.69,196.23,2022-08
3425,2023-05-19,Technical Skills,External,Completed,3,184.27,2019-05-28,2021-10-23,Resignation,Voluntarily Terminated,Production,True,184.27,0.0,True,184.27,after_exit,False,3.98,61.42,2023-05
3426,2023-05-02,Leadership Development,Internal,Failed,5,675.37,2022-04-27,,Unk,Active,Production,False,0.0,675.37,False,0.0,valid,True,1.01,135.07,2023-05
3427,2023-07-15,Leadership Development,Internal,Failed,2,606.11,2019-09-20,,Unk,Active,Production,False,0.0,606.11,False,0.0,valid,True,3.82,303.06,2023-07
3428,2022-09-12,Customer Service,External,Incomplete,4,673.02,2023-02-11,,Unk,Active,Production,False,0.0,673.02,False,0.0,before_hire,False,-0.42,168.26,2022-09
3429,2022-08-13,Leadership Development,External,Failed,2,413.28,2018-12-10,,Unk,Active,Sales,False,0.0,413.28,False,0.0,valid,True,3.67,206.64,2022-08
3430,2022-12-15,Project Management,External,Completed,3,663.78,2021-06-21,,Unk,Active,Sales,True,663.78,0.0,False,0.0,valid,True,1.48,221.26,2022-12
3431,2023-07-13,Technical Skills,External,Failed,5,399.03,2019-06-29,,Unk,Active,Sales,False,0.0,399.03,False,0.0,valid,True,4.04,79.81,2023-07
3432,2023-04-18,Project Management,Internal,Passed,2,820.33,2020-01-17,,Unk,Active,Sales,True,820.33,0.0,False,0.0,valid,True,3.25,410.16,2023-04
3433,2022-08-06,Customer Service,External,Passed,5,295.08,2022-04-06,2023-07-03,Involuntary,Active,Sales,True,295.08,0.0,True,295.08,valid,True,0.33,59.02,2022-08
3434,2022-10-07,Leadership Development,Internal,Passed,3,790.15,2020-11-06,2023-01-29,Involuntary,Active,Sales,True,790.15,0.0,True,790.15,valid,True,1.92,263.38,2022-10
3435,2023-07-19,Customer Service,Internal,Passed,3,798.4,2018-08-18,,Unk,Active,Sales,True,798.4,0.0,False,0.0,valid,True,4.92,266.13,2023-07
3436,2023-04-09,Leadership Development,Internal,Failed,5,192.61,2022-01-21,2023-06-29,Resignation,Active,Sales,False,0.0,192.61,True,192.61,valid,True,1.21,38.52,2023-04
3437,2022-10-20,Technical Skills,Internal,Failed,1,455.68,2023-08-04,,Unk,Active,Sales,False,0.0,455.68,False,0.0,before_hire,False,-0.79,455.68,2022-10
3438,2022-10-05,Technical Skills,Internal,Failed,2,208.17,2018-08-10,2019-11-04,Retirement,Active,Sales,False,0.0,208.17,True,208.17,after_exit,False,4.15,104.08,2022-10
3439,2023-03-09,Technical Skills,External,Incomplete,1,421.07,2022-05-25,2022-11-27,Involuntary,Active,Sales,False,0.0,421.07,True,421.07,after_exit,False,0.79,421.07,2023-03
3440,2023-05-29,Communication Skills,External,Failed,1,649.03,2019-12-05,2023-02-17,Resignation,Active,Sales,False,0.0,649.03,True,649.03,after_exit,False,3.48,649.03,2023-05
3441,2023-01-08,Project Management,Internal,Passed,4,450.2,2019-04-28,,Unk,Active,Sales,True,450.2,0.0,False,0.0,valid,True,3.7,112.55,2023-01
3442,2023-03-06,Project Management,External,Failed,4,286.87,2019-07-09,2022-06-16,Retirement,Active,IT/IS,False,0.0,286.87,True,286.87,after_exit,False,3.66,71.72,2023-03
3443,2023-02-18,Technical Skills,External,Failed,3,402.13,2021-04-05,2023-05-12,Voluntary,Active,IT/IS,False,0.0,402.13,True,402.13,valid,True,1.87,134.04,2023-02
3444,2022-11-02,Technical Skills,External,Failed,2,388.84,2021-11-28,2022-02-04,Voluntary,Active,Sales,False,0.0,388.84,True,388.84,after_exit,False,0.93,194.42,2022-11
3445,2023-07-14,Project Management,External,Completed,2,879.64,2021-01-16,,Unk,Active,Sales,True,879.64,0.0,False,0.0,valid,True,2.49,439.82,2023-07
3446,2022-12-11,Technical Skills,Internal,Failed,5,701.13,2021-08-24,,Unk,Active,Sales,False,0.0,701.13,False,0.0,valid,True,1.3,140.23,2022-12
3447,2023-04-02,Customer Service,Internal,Incomplete,3,353.21,2020-05-26,2023-06-18,Involuntary,Future Start,Sales,False,0.0,353.21,True,353.21,valid,True,2.85,117.74,2023-04
3448,2023-05-16,Communication Skills,Internal,Completed,4,911.05,2019-10-01,2020-11-06,Retirement,Future Start,Sales,True,911.05,0.0,True,911.05,after_exit,False,3.62,227.76,2023-05
3449,2022-10-02,Communication Skills,External,Completed,3,242.21,2023-05-10,2023-05-27,Involuntary,Future Start,Sales,True,242.21,0.0,True,242.21,before_hire,False,-0.6,80.74,2022-10
3450,2023-01-12,Technical Skills,Internal,Completed,4,186.07,2020-09-01,2022-12-04,Resignation,Active,Sales,True,186.07,0.0,True,186.07,after_exit,False,2.36,46.52,2023-01
3451,2023-03-22,Technical Skills,External,Completed,1,921.97,2021-02-18,2022-11-11,Voluntary,Active,Sales,True,921.97,0.0,True,921.97,after_exit,False,2.09,921.97,2023-03
3452,2022-09-13,Customer Service,Internal,Failed,1,691.04,2022-11-08,,Unk,Active,Sales,False,0.0,691.04,False,0.0,before_hire,False,-0.15,691.04,2022-09
3453,2022-08-25,Customer Service,External,Completed,5,964.44,2022-10-13,,Unk,Active,Sales,True,964.44,0.0,False,0.0,before_hire,False,-0.13,192.89,2022-08
3454,2023-02-07,Communication Skills,Internal,Passed,3,184.9,2022-09-11,,Unk,Active,IT/IS,True,184.9,0.0,False,0.0,valid,True,0.41,61.63,2023-02
3455,2023-03-17,Project Management,External,Passed,1,220.41,2021-06-29,2022-07-05,Resignation,Active,Sales,True,220.41,0.0,True,220.41,after_exit,False,1.71,220.41,2023-03
3456,2023-06-08,Technical Skills,External,Passed,2,336.82,2023-03-06,,Unk,Active,Sales,True,336.82,0.0,False,0.0,valid,True,0.26,168.41,2023-06
3457,2023-04-15,Customer Service,External,Completed,4,485.73,2020-09-25,,Unk,Active,Sales,True,485.73,0.0,False,0.0,valid,True,2.55,121.43,2023-04
3458,2022-12-02,Communication Skills,Internal,Failed,2,409.27,2022-04-28,2023-05-24,Voluntary,Future Start,Sales,False,0.0,409.27,True,409.27,valid,True,0.6,204.64,2022-12
3459,2023-06-14,Communication Skills,Internal,Passed,4,168.32,2021-04-18,2022-06-21,Retirement,Future Start,Sales,True,168.32,0.0,True,168.32,after_exit,False,2.15,42.08,2023-06
3460,2023-07-08,Communication Skills,External,Incomplete,5,919.52,2020-02-19,,Unk,Active,Sales,False,0.0,919.52,False,0.0,valid,True,3.38,183.9,2023-07
3461,2023-01-05,Technical Skills,External,Completed,2,948.43,2019-07-18,2021-10-01,Resignation,Future Start,Sales,True,948.43,0.0,True,948.43,after_exit,False,3.47,474.22,2023-01
3462,2023-07-19,Project Management,External,Completed,1,320.01,2018-09-13,2021-09-17,Involuntary,Active,Sales,True,320.01,0.0,True,320.01,after_exit,False,4.85,320.01,2023-07
3463,2022-08-29,Technical Skills,Internal,Incomplete,4,926.19,2020-04-30,2021-07-18,Retirement,Active,Sales,False,0.0,926.19,True,926.19,after_exit,False,2.33,231.55,2022-08
3464,2022-11-13,Customer Service,External,Passed,2,290.47,2018-12-03,2022-09-09,Involuntary,Active,Sales,True,290.47,0.0,True,290.47,after_exit,False,3.95,145.24,2022-11
3465,2023-06-04,Communication Skills,External,Incomplete,1,706.1,2021-11-08,,Unk,Active,Sales,False,0.0,706.1,False,0.0,valid,True,1.57,706.1,2023-06
3466,2022-12-07,Customer Service,External,Passed,3,447.66,2022-04-13,2023-04-10,Retirement,Active,IT/IS,True,447.66,0.0,True,447.66,valid,True,0.65,149.22,2022-12
3467,2023-02-24,Technical Skills,Internal,Incomplete,1,759.7,2020-05-06,,Unk,Active,Sales,False,0.0,759.7,False,0.0,valid,True,2.8,759.7,2023-02
3468,2023-05-10,Customer Service,Internal,Completed,3,180.63,2019-09-09,,Unk,Active,Sales,True,180.63,0.0,False,0.0,valid,True,3.67,60.21,2023-05
3469,2022-08-15,Communication Skills,Internal,Failed,2,552.54,2020-07-29,2023-01-05,Resignation,Future Start,Sales,False,0.0,552.54,True,552.54,valid,True,2.05,276.27,2022-08
3470,2022-09-26,Project Management,External,Passed,1,986.96,2018-11-14,2019-10-28,Retirement,Future Start,Sales,True,986.96,0.0,True,986.96,after_exit,False,3.87,986.96,2022-09
3471,2023-03-23,Customer Service,External,Passed,3,109.98,2020-02-29,,Unk,Active,Sales,True,109.98,0.0,False,0.0,valid,True,3.06,36.66,2023-03
3472,2023-02-12,Technical Skills,External,Completed,5,537.24,2023-01-15,,Unk,Active,Sales,True,537.24,0.0,False,0.0,valid,True,0.08,107.45,2023-02
3473,2022-12-06,Communication Skills,External,Failed,5,789.99,2023-06-29,,Unk,Active,Sales,False,0.0,789.99,False,0.0,before_hire,False,-0.56,158.0,2022-12
3474,2022-09-01,Customer Service,External,Incomplete,5,155.51,2020-03-09,,Unk,Active,Sales,False,0.0,155.51,False,0.0,valid,True,2.48,31.1,2022-09
3475,2022-11-02,Customer Service,Internal,Passed,2,648.76,2021-09-21,2023-04-13,Resignation,Active,Sales,True,648.76,0.0,True,648.76,valid,True,1.11,324.38,2022-11
3476,2022-11-18,Leadership Development,Internal,Incomplete,4,533.5,2023-06-12,2023-07-06,Voluntary,Active,Sales,False,0.0,533.5,True,533.5,before_hire,False,-0.56,133.38,2022-11
3477,2022-11-07,Leadership Development,External,Failed,5,429.48,2019-04-07,,Unk,Active,IT/IS,False,0.0,429.48,False,0.0,valid,True,3.59,85.9,2022-11
3478,2022-10-05,Technical Skills,External,Incomplete,1,526.74,2018-09-17,2019-01-09,Resignation,Active,Sales,False,0.0,526.74,True,526.74,after_exit,False,4.05,526.74,2022-10
3479,2023-01-18,Communication Skills,Internal,Passed,3,443.45,2022-08-02,2023-04-02,Involuntary,Active,Sales,True,443.45,0.0,True,443.45,valid,True,0.46,147.82,2023-01
3480,2023-03-02,Leadership Development,External,Failed,1,887.15,2022-09-08,2022-10-16,Retirement,Future Start,Sales,False,0.0,887.15,True,887.15,after_exit,False,0.48,887.15,2023-03
3481,2023-05-29,Technical Skills,External,Incomplete,5,758.95,2019-03-07,2021-05-31,Voluntary,Future Start,Sales,False,0.0,758.95,True,758.95,after_exit,False,4.23,151.79,2023-05
3482,2023-03-03,Technical Skills,Internal,Failed,1,627.11,2019-10-29,2021-02-07,Resignation,Future Start,Sales,False,0.0,627.11,True,627.11,after_exit,False,3.34,627.11,2023-03
3483,2022-08-10,Project Management,External,Passed,4,111.96,2021-09-26,,Unk,Active,Sales,True,111.96,0.0,False,0.0,valid,True,0.87,27.99,2022-08
3484,2023-06-27,Project Management,External,Passed,1,795.7,2018-08-29,,Unk,Active,Sales,True,795.7,0.0,False,0.0,valid,True,4.83,795.7,2023-06
3485,2022-08-07,Customer Service,Internal,Passed,2,796.45,2021-10-26,,Unk,Active,Sales,True,796.45,0.0,False,0.0,valid,True,0.78,398.22,2022-08
3486,2023-07-23,Project Management,Internal,Completed,5,812.59,2022-10-31,2023-06-08,Involuntary,Active,Sales,True,812.59,0.0,True,812.59,after_exit,False,0.73,162.52,2023-07
3487,2023-07-17,Project Management,External,Completed,5,132.97,2023-03-15,,Unk,Active,Sales,True,132.97,0.0,False,0.0,valid,True,0.34,26.59,2023-07
3488,2022-09-20,Communication Skills,Internal,Completed,1,308.19,2022-09-09,,Unk,Active,Sales,True,308.19,0.0,False,0.0,valid,True,0.03,308.19,2022-09
3489,2023-07-02,Project Management,Internal,Passed,1,131.41,2022-03-04,,Unk,Active,Sales,True,131.41,0.0,False,0.0,valid,True,1.33,131.41,2023-07
3490,2023-07-19,Technical Skills,Internal,Failed,3,389.59,2019-02-11,,Unk,Active,Sales,False,0.0,389.59,False,0.0,valid,True,4.43,129.86,2023-07
3491,2023-07-14,Project Management,Internal,Incomplete,3,442.56,2021-01-26,,Unk,Active,Sales,False,0.0,442.56,False,0.0,valid,True,2.46,147.52,2023-07
3492,2022-09-06,Project Management,Internal,Incomplete,3,327.66,2019-11-26,,Unk,Active,Sales,False,0.0,327.66,False,0.0,valid,True,2.78,109.22,2022-09
3493,2023-02-19,Project Management,Internal,Completed,3,400.95,2019-07-15,,Unk,Active,Sales,True,400.95,0.0,False,0.0,valid,True,3.6,133.65,2023-02
3494,2023-02-11,Technical Skills,Internal,Completed,2,910.45,2020-06-18,,Unk,Active,Sales,True,910.45,0.0,False,0.0,valid,True,2.65,455.22,2023-02
3495,2022-12-21,Customer Service,External,Passed,1,701.55,2023-06-22,2023-07-22,Retirement,Active,Sales,True,701.55,0.0,True,701.55,before_hire,False,-0.5,701.55,2022-12
3496,2023-02-16,Project Management,Internal,Incomplete,1,806.87,2021-12-02,,Unk,Active,Sales,False,0.0,806.87,False,0.0,valid,True,1.21,806.87,2023-02
3497,2023-03-11,Communication Skills,Internal,Completed,2,184.21,2021-12-08,,Unk,Active,Sales,True,184.21,0.0,False,0.0,valid,True,1.25,92.1,2023-03
3498,2023-05-30,Project Management,External,Failed,1,208.43,2023-04-26,2023-06-22,Voluntary,Active,Sales,False,0.0,208.43,True,208.43,valid,True,0.09,208.43,2023-05
3499,2023-01-30,Technical Skills,Internal,Incomplete,2,762.45,2018-09-25,2021-12-20,Involuntary,Active,Sales,False,0.0,762.45,True,762.45,after_exit,False,4.35,381.22,2023-01
3500,2023-06-15,Leadership Development,External,Incomplete,4,779.79,2018-11-20,2020-06-21,Voluntary,Active,Sales,False,0.0,779.79,True,779.79,after_exit,False,4.57,194.95,2023-06
3501,2023-06-09,Project Management,External,Passed,3,135.95,2020-08-30,2022-08-30,Retirement,Future Start,Sales,True,135.95,0.0,True,135.95,after_exit,False,2.77,45.32,2023-06
3502,2023-01-03,Customer Service,External,Incomplete,3,427.12,2019-10-01,,Unk,Active,Sales,False,0.0,427.12,False,0.0,valid,True,3.26,142.37,2023-01
3503,2023-02-20,Technical Skills,Internal,Completed,4,996.35,2022-01-20,,Unk,Active,Sales,True,996.35,0.0,False,0.0,valid,True,1.08,249.09,2023-02
3504,2023-06-02,Communication Skills,Internal,Completed,5,963.23,2021-10-10,,Unk,Active,Sales,True,963.23,0.0,False,0.0,valid,True,1.64,192.65,2023-06
3505,2022-09-13,Leadership Development,Internal,Failed,5,260.97,2020-08-29,,Unk,Active,Sales,False,0.0,260.97,False,0.0,valid,True,2.04,52.19,2022-09
3506,2023-05-21,Leadership Development,Internal,Completed,1,781.81,2019-08-27,2023-05-10,Voluntary,Active,Sales,True,781.81,0.0,True,781.81,after_exit,False,3.73,781.81,2023-05
3507,2023-05-25,Project Management,Internal,Passed,4,651.77,2021-02-25,2023-04-07,Retirement,Active,Sales,True,651.77,0.0,True,651.77,after_exit,False,2.24,162.94,2023-05
3508,2023-04-04,Communication Skills,External,Completed,1,568.22,2021-07-13,,Unk,Active,Sales,True,568.22,0.0,False,0.0,valid,True,1.72,568.22,2023-04
3509,2023-03-04,Leadership Development,External,Completed,4,612.1,2021-04-14,,Unk,Active,Sales,True,612.1,0.0,False,0.0,valid,True,1.89,153.02,2023-03
3510,2022-10-27,Technical Skills,External,Completed,4,473.23,2020-02-10,,Unk,Active,Sales,True,473.23,0.0,False,0.0,valid,True,2.71,118.31,2022-10
3511,2023-04-07,Technical Skills,Internal,Completed,3,344.44,2021-08-17,2021-12-31,Resignation,Active,Sales,True,344.44,0.0,True,344.44,after_exit,False,1.64,114.81,2023-04
3512,2022-11-25,Communication Skills,Internal,Failed,2,206.44,2023-04-17,2023-06-22,Voluntary,Future Start,Sales,False,0.0,206.44,True,206.44,before_hire,False,-0.39,103.22,2022-11
3513,2023-06-03,Communication Skills,External,Completed,1,599.0,2022-09-02,2023-05-24,Involuntary,Future Start,Sales,True,599.0,0.0,True,599.0,after_exit,False,0.75,599.0,2023-06
3514,2023-02-21,Leadership Development,Internal,Incomplete,3,975.46,2020-04-15,,Unk,Active,Sales,False,0.0,975.46,False,0.0,valid,True,2.85,325.15,2023-02
3515,2023-02-04,Customer Service,Internal,Completed,1,143.96,2022-03-09,2022-12-10,Retirement,Future Start,Sales,True,143.96,0.0,True,143.96,after_exit,False,0.91,143.96,2023-02
3516,2023-06-22,Technical Skills,Internal,Incomplete,1,570.42,2022-04-07,2023-01-22,Retirement,Active,Sales,False,0.0,570.42,True,570.42,after_exit,False,1.21,570.42,2023-06
3517,2022-09-17,Technical Skills,Internal,Failed,3,391.31,2020-02-19,,Unk,Active,Sales,False,0.0,391.31,False,0.0,valid,True,2.58,130.44,2022-09
3518,2023-06-27,Customer Service,Internal,Completed,3,826.58,2021-04-10,2022-07-04,Involuntary,Active,Sales,True,826.58,0.0,True,826.58,after_exit,False,2.21,275.53,2023-06
3519,2022-12-11,Leadership Development,External,Incomplete,4,930.69,2021-12-19,2022-03-02,Resignation,Active,Sales,False,0.0,930.69,True,930.69,after_exit,False,0.98,232.67,2022-12
3520,2022-09-11,Customer Service,External,Incomplete,1,607.93,2020-12-13,2023-01-13,Involuntary,Active,Sales,False,0.0,607.93,True,607.93,valid,True,1.74,607.93,2022-09
3521,2023-02-28,Communication Skills,Internal,Incomplete,5,723.5,2019-02-26,,Unk,Active,Sales,False,0.0,723.5,False,0.0,valid,True,4.01,144.7,2023-02
3522,2023-05-05,Communication Skills,External,Completed,5,394.04,2020-03-02,,Unk,Active,Sales,True,394.04,0.0,False,0.0,valid,True,3.17,78.81,2023-05
3523,2023-07-10,Leadership Development,External,Incomplete,2,451.18,2021-06-25,2022-08-25,Resignation,Active,Sales,False,0.0,451.18,True,451.18,after_exit,False,2.04,225.59,2023-07
3524,2023-01-02,Communication Skills,Internal,Completed,5,124.65,2021-07-26,2022-05-04,Resignation,Future Start,Sales,True,124.65,0.0,True,124.65,after_exit,False,1.44,24.93,2023-01
3525,2022-10-09,Leadership Development,External,Incomplete,4,237.75,2022-07-03,2023-01-10,Retirement,Future Start,Sales,False,0.0,237.75,True,237.75,valid,True,0.27,59.44,2022-10
3526,2022-10-15,Customer Service,Internal,Passed,2,360.5,2022-09-15,,Unk,Active,Sales,True,360.5,0.0,False,0.0,valid,True,0.08,180.25,2022-10
3527,2023-01-06,Project Management,Internal,Failed,4,396.28,2020-05-01,2021-02-25,Retirement,Active,Sales,False,0.0,396.28,True,396.28,after_exit,False,2.68,99.07,2023-01
3528,2023-03-02,Technical Skills,External,Passed,1,465.96,2022-10-13,,Unk,Active,Sales,True,465.96,0.0,False,0.0,valid,True,0.38,465.96,2023-03
3529,2022-09-04,Project Management,Internal,Incomplete,1,515.56,2020-01-03,2020-08-24,Voluntary,Active,Sales,False,0.0,515.56,True,515.56,after_exit,False,2.67,515.56,2022-09
3530,2023-01-18,Customer Service,External,Passed,2,496.85,2019-11-13,,Unk,Active,Sales,True,496.85,0.0,False,0.0,valid,True,3.18,248.42,2023-01
3531,2022-11-30,Leadership Development,External,Completed,3,629.46,2023-06-17,,Unk,Active,Sales,True,629.46,0.0,False,0.0,before_hire,False,-0.54,209.82,2022-11
3532,2023-05-02,Technical Skills,Internal,Failed,2,771.61,2021-10-14,,Unk,Active,IT/IS,False,0.0,771.61,False,0.0,valid,True,1.55,385.8,2023-05
3533,2023-05-11,Leadership Development,Internal,Completed,4,418.4,2021-06-01,2023-07-16,Voluntary,Active,Sales,True,418.4,0.0,True,418.4,valid,True,1.94,104.6,2023-05
3534,2023-05-21,Customer Service,Internal,Completed,3,900.96,2018-09-14,,Unk,Active,Sales,True,900.96,0.0,False,0.0,valid,True,4.68,300.32,2023-05
3535,2023-06-25,Technical Skills,External,Incomplete,1,936.96,2018-12-11,2022-06-02,Retirement,Active,Sales,False,0.0,936.96,True,936.96,after_exit,False,4.54,936.96,2023-06
3536,2022-11-23,Leadership Development,External,Passed,5,269.03,2022-08-06,,Unk,Active,Sales,True,269.03,0.0,False,0.0,valid,True,0.3,53.81,2022-11
3537,2023-02-06,Leadership Development,Internal,Completed,4,853.77,2022-05-28,2023-02-24,Retirement,Future Start,Sales,True,853.77,0.0,True,853.77,valid,True,0.7,213.44,2023-02
3538,2022-10-06,Technical Skills,Internal,Failed,4,141.07,2019-06-16,2022-03-05,Resignation,Future Start,Sales,False,0.0,141.07,True,141.07,after_exit,False,3.31,35.27,2022-10
3539,2023-03-17,Project Management,External,Failed,4,234.77,2019-12-08,,Unk,Active,Sales,False,0.0,234.77,False,0.0,valid,True,3.27,58.69,2023-03
3540,2022-10-26,Communication Skills,External,Incomplete,2,903.46,2020-03-12,2022-10-09,Retirement,Active,Sales,False,0.0,903.46,True,903.46,after_exit,False,2.62,451.73,2022-10
3541,2023-05-22,Customer Service,External,Passed,4,380.3,2020-04-06,2023-07-24,Involuntary,Active,Sales,True,380.3,0.0,True,380.3,valid,True,3.12,95.08,2023-05
3542,2022-08-22,Project Management,Internal,Failed,4,511.42,2023-04-15,,Unk,Active,Sales,False,0.0,511.42,False,0.0,before_hire,False,-0.65,127.86,2022-08
3543,2023-05-21,Communication Skills,External,Passed,4,171.03,2020-11-10,,Unk,Active,Sales,True,171.03,0.0,False,0.0,valid,True,2.52,42.76,2023-05
3544,2023-05-02,Leadership Development,External,Passed,3,842.93,2023-06-29,2023-07-09,Retirement,Active,Sales,True,842.93,0.0,True,842.93,before_hire,False,-0.16,280.98,2023-05
3545,2023-05-04,Customer Service,External,Incomplete,5,581.12,2022-03-07,,Unk,Active,IT/IS,False,0.0,581.12,False,0.0,valid,True,1.16,116.22,2023-05
3546,2022-11-21,Project Management,External,Passed,4,426.45,2021-07-31,2023-01-27,Voluntary,Active,Sales,True,426.45,0.0,True,426.45,valid,True,1.31,106.61,2022-11
3547,2023-04-24,Technical Skills,External,Failed,4,805.05,2022-01-20,,Unk,Active,Sales,False,0.0,805.05,False,0.0,valid,True,1.26,201.26,2023-04
3548,2022-08-16,Leadership Development,External,Passed,3,368.8,2021-07-11,2022-10-10,Resignation,Active,Sales,True,368.8,0.0,True,368.8,valid,True,1.1,122.93,2022-08
3549,2022-11-02,Communication Skills,External,Failed,5,788.67,2018-10-15,2020-10-18,Retirement,Active,Sales,False,0.0,788.67,True,788.67,after_exit,False,4.05,157.73,2022-11
3550,2023-04-09,Project Management,Internal,Completed,4,363.11,2021-11-26,2022-10-14,Resignation,Future Start,Sales,True,363.11,0.0,True,363.11,after_exit,False,1.37,90.78,2023-04
3551,2022-10-27,Communication Skills,External,Incomplete,1,570.13,2018-08-11,,Unk,Active,Sales,False,0.0,570.13,False,0.0,valid,True,4.21,570.13,2022-10
3552,2022-11-26,Leadership Development,External,Failed,4,480.87,2020-02-16,2020-06-03,Retirement,Active,Sales,False,0.0,480.87,True,480.87,after_exit,False,2.78,120.22,2022-11
3553,2022-12-11,Project Management,Internal,Incomplete,5,689.48,2020-01-20,,Unk,Active,Sales,False,0.0,689.48,False,0.0,valid,True,2.89,137.9,2022-12
3554,2023-06-05,Project Management,Internal,Completed,4,283.33,2019-03-31,,Unk,Active,Sales,True,283.33,0.0,False,0.0,valid,True,4.18,70.83,2023-06
3555,2023-03-04,Leadership Development,External,Passed,4,566.12,2023-01-06,2023-05-07,Resignation,Active,Sales,True,566.12,0.0,True,566.12,valid,True,0.16,141.53,2023-03
3556,2023-02-11,Customer Service,Internal,Incomplete,1,513.92,2019-07-18,2020-01-15,Retirement,Active,Sales,False,0.0,513.92,True,513.92,after_exit,False,3.57,513.92,2023-02
3557,2023-02-04,Project Management,External,Failed,1,210.38,2019-02-13,,Unk,Active,Sales,False,0.0,210.38,False,0.0,valid,True,3.98,210.38,2023-02
3558,2023-07-18,Technical Skills,Internal,Completed,1,941.54,2018-12-30,,Unk,Active,Production,True,941.54,0.0,False,0.0,valid,True,4.55,941.54,2023-07
3559,2022-11-30,Project Management,External,Failed,2,959.81,2019-11-06,2020-09-06,Retirement,Active,Production,False,0.0,959.81,True,959.81,after_exit,False,3.07,479.9,2022-11
3560,2023-05-22,Technical Skills,External,Passed,1,738.92,2022-06-01,,Unk,Active,Production,True,738.92,0.0,False,0.0,valid,True,0.97,738.92,2023-05
3561,2022-09-07,Technical Skills,External,Failed,5,445.04,2023-03-28,,Unk,Active,Production,False,0.0,445.04,False,0.0,before_hire,False,-0.55,89.01,2022-09
3562,2023-01-02,Project Management,External,Failed,3,808.05,2019-05-21,2023-01-05,Retirement,Future Start,Production,False,0.0,808.05,True,808.05,valid,True,3.62,269.35,2023-01
3563,2023-04-06,Leadership Development,External,Passed,4,886.9,2019-01-01,,Unk,Active,Production,True,886.9,0.0,False,0.0,valid,True,4.26,221.72,2023-04
3564,2022-12-10,Technical Skills,External,Incomplete,4,106.14,2019-01-26,2020-12-02,Resignation,Voluntarily Terminated,Production,False,0.0,106.14,True,106.14,after_exit,False,3.87,26.54,2022-12
3565,2023-05-06,Project Management,External,Passed,4,684.35,2021-09-11,,Unk,Active,Production,True,684.35,0.0,False,0.0,valid,True,1.65,171.09,2023-05
3566,2022-09-05,Communication Skills,Internal,Failed,2,578.81,2021-09-26,,Unk,Active,Production,False,0.0,578.81,False,0.0,valid,True,0.94,289.4,2022-09
3567,2023-06-09,Customer Service,Internal,Completed,5,764.51,2023-03-04,,Unk,Active,Production,True,764.51,0.0,False,0.0,valid,True,0.27,152.9,2023-06
3568,2022-08-23,Project Management,Internal,Incomplete,2,201.76,2023-07-11,2023-07-29,Involuntary,Voluntarily Terminated,Production,False,0.0,201.76,True,201.76,before_hire,False,-0.88,100.88,2022-08
3569,2022-11-09,Technical Skills,External,Incomplete,4,730.04,2019-02-09,2020-08-28,Involuntary,Active,Production,False,0.0,730.04,True,730.04,after_exit,False,3.75,182.51,2022-11
3570,2023-03-29,Project Management,External,Failed,2,796.88,2019-04-19,2021-10-26,Voluntary,Voluntarily Terminated,Production,False,0.0,796.88,True,796.88,after_exit,False,3.94,398.44,2023-03
3571,2023-08-04,Project Management,External,Completed,3,834.44,2022-07-07,2023-07-17,Resignation,Voluntarily Terminated,Production,True,834.44,0.0,True,834.44,after_exit,False,1.08,278.15,2023-08
3572,2023-05-19,Leadership Development,Internal,Failed,5,569.17,2019-03-12,2020-05-19,Retirement,Active,Production,False,0.0,569.17,True,569.17,after_exit,False,4.19,113.83,2023-05
3573,2022-10-06,Customer Service,Internal,Completed,4,386.07,2020-03-09,2021-10-17,Involuntary,Active,Production,True,386.07,0.0,True,386.07,after_exit,False,2.58,96.52,2022-10
3574,2022-09-05,Customer Service,Internal,Completed,1,309.56,2021-05-18,2022-01-04,Involuntary,Future Start,Production,True,309.56,0.0,True,309.56,after_exit,False,1.3,309.56,2022-09
3575,2022-12-12,Technical Skills,Internal,Incomplete,3,583.21,2021-04-28,2022-01-18,Resignation,Voluntarily Terminated,Production,False,0.0,583.21,True,583.21,after_exit,False,1.62,194.4,2022-12
3576,2023-02-02,Project Management,External,Completed,5,398.65,2021-07-21,2023-04-26,Voluntary,Active,Production,True,398.65,0.0,True,398.65,valid,True,1.54,79.73,2023-02
3577,2023-01-26,Communication Skills,Internal,Passed,5,931.46,2019-09-15,,Unk,Active,Production,True,931.46,0.0,False,0.0,valid,True,3.36,186.29,2023-01
3578,2022-12-01,Project Management,External,Completed,5,115.06,2019-05-04,,Unk,Active,Production,True,115.06,0.0,False,0.0,valid,True,3.58,23.01,2022-12
3579,2023-04-27,Communication Skills,External,Failed,2,199.82,2021-05-20,,Unk,Active,Production,False,0.0,199.82,False,0.0,valid,True,1.94,99.91,2023-04
3580,2022-11-04,Communication Skills,Internal,Failed,5,940.2,2019-12-16,,Unk,Active,Production,False,0.0,940.2,False,0.0,valid,True,2.89,188.04,2022-11
3581,2023-01-29,Communication Skills,External,Completed,1,122.07,2020-11-20,2023-05-01,Voluntary,Active,Production,True,122.07,0.0,True,122.07,valid,True,2.19,122.07,2023-01
3582,2022-09-09,Communication Skills,Internal,Completed,4,875.02,2020-08-19,2022-05-04,Retirement,Active,Production,True,875.02,0.0,True,875.02,after_exit,False,2.06,218.76,2022-09
3583,2023-03-18,Communication Skills,Internal,Incomplete,4,116.4,2021-04-28,2022-04-18,Retirement,Active,Production,False,0.0,116.4,True,116.4,after_exit,False,1.89,29.1,2023-03
3584,2022-12-15,Technical Skills,External,Passed,5,341.78,2020-08-14,,Unk,Active,Production,True,341.78,0.0,False,0.0,valid,True,2.34,68.36,2022-12
3585,2023-02-14,Communication Skills,Internal,Completed,4,107.48,2021-12-22,,Unk,Active,Production,True,107.48,0.0,False,0.0,valid,True,1.15,26.87,2023-02
3586,2022-09-30,Communication Skills,External,Completed,1,502.7,2019-02-01,2019-02-10,Resignation,Active,Production,True,502.7,0.0,True,502.7,after_exit,False,3.66,502.7,2022-09
3587,2023-03-22,Leadership Development,External,Completed,5,570.04,2021-05-10,2021-12-17,Resignation,Active,Production,True,570.04,0.0,True,570.04,after_exit,False,1.86,114.01,2023-03
3588,2023-03-23,Communication Skills,External,Passed,1,538.83,2019-06-25,2019-08-15,Retirement,Active,Production,True,538.83,0.0,True,538.83,after_exit,False,3.74,538.83,2023-03
3589,2023-01-07,Communication Skills,Internal,Incomplete,4,881.8,2019-04-25,,Unk,Active,Production,False,0.0,881.8,False,0.0,valid,True,3.7,220.45,2023-01
3590,2023-04-02,Leadership Development,External,Completed,1,274.33,2021-02-25,2022-10-13,Retirement,Future Start,Production,True,274.33,0.0,True,274.33,after_exit,False,2.1,274.33,2023-04
3591,2023-03-01,Customer Service,Internal,Failed,1,247.01,2021-11-23,2023-05-29,Voluntary,Future Start,Production,False,0.0,247.01,True,247.01,valid,True,1.27,247.01,2023-03
3592,2023-01-30,Leadership Development,External,Incomplete,1,734.68,2021-10-05,2022-06-18,Voluntary,Future Start,Production,False,0.0,734.68,True,734.68,after_exit,False,1.32,734.68,2023-01
3593,2023-06-15,Project Management,Internal,Incomplete,3,258.07,2020-05-30,,Unk,Active,Production,False,0.0,258.07,False,0.0,valid,True,3.04,86.02,2023-06
3594,2023-05-05,Leadership Development,Internal,Passed,5,472.64,2018-12-11,,Unk,Active,Production,True,472.64,0.0,False,0.0,valid,True,4.4,94.53,2023-05
3595,2023-02-21,Technical Skills,External,Passed,2,252.88,2020-09-22,2022-09-14,Resignation,Active,Production,True,252.88,0.0,True,252.88,after_exit,False,2.41,126.44,2023-02
3596,2022-12-14,Technical Skills,Internal,Incomplete,2,289.68,2019-07-28,,Unk,Active,Production,False,0.0,289.68,False,0.0,valid,True,3.38,144.84,2022-12
3597,2023-03-03,Technical Skills,External,Incomplete,4,505.59,2020-06-06,2021-04-14,Retirement,Future Start,Production,False,0.0,505.59,True,505.59,after_exit,False,2.74,126.4,2023-03
3598,2022-10-11,Technical Skills,Internal,Passed,3,373.87,2018-09-28,2023-08-05,Resignation,Voluntarily Terminated,Production,True,373.87,0.0,True,373.87,valid,True,4.04,124.62,2022-10
3599,2023-03-02,Leadership Development,Internal,Completed,5,918.86,2020-04-12,,Unk,Active,Production,True,918.86,0.0,False,0.0,valid,True,2.89,183.77,2023-03
3600,2022-11-01,Leadership Development,Internal,Passed,4,299.7,2022-11-01,,Unk,Active,Production,True,299.7,0.0,False,0.0,valid,True,0.0,74.92,2022-11
3601,2023-01-03,Project Management,External,Completed,1,865.58,2022-11-21,,Unk,Active,Production,True,865.58,0.0,False,0.0,valid,True,0.12,865.58,2023-01
3602,2023-04-09,Technical Skills,External,Incomplete,1,632.59,2021-04-11,2023-05-24,Involuntary,Voluntarily Terminated,Production,False,0.0,632.59,True,632.59,valid,True,1.99,632.59,2023-04
3603,2022-10-02,Technical Skills,External,Incomplete,3,680.48,2018-11-29,2019-02-21,Resignation,Voluntarily Terminated,Production,False,0.0,680.48,True,680.48,after_exit,False,3.84,226.83,2022-10
3604,2023-03-23,Project Management,External,Failed,3,287.71,2019-01-16,2022-08-31,Resignation,Active,Production,False,0.0,287.71,True,287.71,after_exit,False,4.18,95.9,2023-03
3605,2022-11-17,Communication Skills,External,Passed,2,102.92,2019-09-18,,Unk,Active,Production,True,102.92,0.0,False,0.0,valid,True,3.16,51.46,2022-11
3606,2022-10-31,Project Management,Internal,Passed,2,255.6,2019-08-01,2023-01-20,Involuntary,Voluntarily Terminated,Production,True,255.6,0.0,True,255.6,valid,True,3.25,127.8,2022-10
3607,2023-05-04,Customer Service,External,Passed,4,321.91,2019-06-18,2021-04-14,Resignation,Active,Production,True,321.91,0.0,True,321.91,after_exit,False,3.88,80.48,2023-05
3608,2023-03-14,Project Management,External,Completed,3,834.12,2019-02-13,,Unk,Active,Production,True,834.12,0.0,False,0.0,valid,True,4.08,278.04,2023-03
3609,2022-09-23,Customer Service,Internal,Passed,4,273.88,2021-06-02,,Unk,Active,Production,True,273.88,0.0,False,0.0,valid,True,1.31,68.47,2022-09
3610,2023-02-15,Customer Service,Internal,Incomplete,4,217.57,2018-10-11,,Unk,Active,Production,False,0.0,217.57,False,0.0,valid,True,4.35,54.39,2023-02
3611,2023-01-07,Customer Service,Internal,Completed,1,482.09,2021-03-09,,Unk,Active,Production,True,482.09,0.0,False,0.0,valid,True,1.83,482.09,2023-01
3612,2023-07-03,Leadership Development,External,Failed,2,614.11,2022-01-23,,Unk,Active,Production,False,0.0,614.11,False,0.0,valid,True,1.44,307.06,2023-07
3613,2022-10-08,Customer Service,Internal,Incomplete,1,354.22,2019-02-24,,Unk,Active,Production,False,0.0,354.22,False,0.0,valid,True,3.62,354.22,2022-10
3614,2023-06-04,Leadership Development,External,Passed,3,868.85,2020-01-08,2021-07-02,Voluntary,Active,Production,True,868.85,0.0,True,868.85,after_exit,False,3.4,289.62,2023-06
3615,2022-12-17,Communication Skills,Internal,Passed,4,701.34,2021-05-13,2022-09-22,Retirement,Future Start,Production,True,701.34,0.0,True,701.34,after_exit,False,1.6,175.34,2022-12
3616,2023-01-30,Customer Service,Internal,Incomplete,4,134.93,2022-02-12,,Unk,Active,Production,False,0.0,134.93,False,0.0,valid,True,0.96,33.73,2023-01
3617,2023-04-09,Customer Service,Internal,Completed,5,531.1,2023-02-01,,Unk,Active,Production,True,531.1,0.0,False,0.0,valid,True,0.18,106.22,2023-04
3618,2022-12-26,Leadership Development,External,Passed,3,609.3,2023-02-04,,Unk,Active,Production,True,609.3,0.0,False,0.0,before_hire,False,-0.11,203.1,2022-12
3619,2022-11-10,Project Management,Internal,Passed,2,656.68,2023-03-23,2023-05-01,Involuntary,Active,Production,True,656.68,0.0,True,656.68,before_hire,False,-0.36,328.34,2022-11
3620,2022-12-20,Technical Skills,Internal,Completed,3,654.22,2023-03-22,2023-07-14,Involuntary,Active,Production,True,654.22,0.0,True,654.22,before_hire,False,-0.25,218.07,2022-12
3621,2023-07-15,Leadership Development,External,Passed,3,879.89,2018-11-28,,Unk,Active,Production,True,879.89,0.0,False,0.0,valid,True,4.63,293.3,2023-07
3622,2023-05-11,Project Management,External,Completed,1,977.23,2020-07-09,2021-07-10,Resignation,Active,Production,True,977.23,0.0,True,977.23,after_exit,False,2.84,977.23,2023-05
3623,2023-08-03,Project Management,External,Completed,2,763.37,2019-02-11,,Unk,Active,Production,True,763.37,0.0,False,0.0,valid,True,4.47,381.68,2023-08
3624,2023-04-05,Communication Skills,External,Passed,5,962.13,2020-01-09,,Unk,Active,Production,True,962.13,0.0,False,0.0,valid,True,3.24,192.43,2023-04
3625,2023-03-26,Technical Skills,External,Incomplete,2,617.27,2021-11-11,2022-07-31,Resignation,Voluntarily Terminated,Production,False,0.0,617.27,True,617.27,after_exit,False,1.37,308.64,2023-03
3626,2022-09-25,Communication Skills,Internal,Failed,2,559.78,2021-05-15,,Unk,Active,Production,False,0.0,559.78,False,0.0,valid,True,1.36,279.89,2022-09
3627,2022-08-30,Leadership Development,Internal,Incomplete,5,113.89,2019-08-21,2022-10-28,Resignation,Voluntarily Terminated,Production,False,0.0,113.89,True,113.89,valid,True,3.03,22.78,2022-08
3628,2022-09-25,Leadership Development,Internal,Incomplete,4,858.62,2020-09-18,,Unk,Active,Production,False,0.0,858.62,False,0.0,valid,True,2.02,214.66,2022-09
3629,2023-07-30,Technical Skills,Internal,Incomplete,1,343.76,2022-08-27,2022-12-03,Voluntary,Voluntarily Terminated,Production,False,0.0,343.76,True,343.76,after_exit,False,0.92,343.76,2023-07
3630,2022-09-24,Technical Skills,Internal,Failed,5,507.58,2019-02-23,,Unk,Active,Production,False,0.0,507.58,False,0.0,valid,True,3.58,101.52,2022-09
3631,2023-04-10,Customer Service,Internal,Completed,1,691.12,2022-08-08,2022-10-25,Retirement,Active,Production,True,691.12,0.0,True,691.12,after_exit,False,0.67,691.12,2023-04
3632,2023-06-23,Technical Skills,Internal,Completed,2,174.85,2022-09-24,2022-10-24,Involuntary,Active,Production,True,174.85,0.0,True,174.85,after_exit,False,0.74,87.42,2023-06
3633,2022-12-01,Communication Skills,Internal,Incomplete,3,699.39,2022-03-21,,Unk,Active,Production,False,0.0,699.39,False,0.0,valid,True,0.7,233.13,2022-12
3634,2022-09-15,Technical Skills,External,Incomplete,3,254.68,2023-06-23,2023-07-26,Retirement,Active,Production,False,0.0,254.68,True,254.68,before_hire,False,-0.77,84.89,2022-09
3635,2023-06-13,Technical Skills,External,Failed,2,534.55,2020-10-26,,Unk,Active,Production,False,0.0,534.55,False,0.0,valid,True,2.63,267.27,2023-06
3636,2022-08-26,Communication Skills,External,Passed,3,795.72,2020-01-29,,Unk,Active,Production,True,795.72,0.0,False,0.0,valid,True,2.57,265.24,2022-08
3637,2023-03-21,Project Management,External,Completed,4,977.23,2022-04-23,,Unk,Active,Production,True,977.23,0.0,False,0.0,valid,True,0.91,244.31,2023-03
3638,2023-01-01,Customer Service,Internal,Completed,3,370.79,2023-06-15,,Unk,Active,Production,True,370.79,0.0,False,0.0,before_hire,False,-0.45,123.6,2023-01
3639,2023-03-30,Communication Skills,External,Completed,3,160.86,2019-09-19,2020-04-14,Retirement,Future Start,Production,True,160.86,0.0,True,160.86,after_exit,False,3.53,53.62,2023-03
3640,2023-01-31,Communication Skills,External,Passed,1,699.48,2023-01-07,,Unk,Active,Production,True,699.48,0.0,False,0.0,valid,True,0.07,699.48,2023-01
3641,2023-07-28,Leadership Development,Internal,Passed,3,831.52,2020-02-07,2021-05-01,Voluntary,Future Start,Production,True,831.52,0.0,True,831.52,after_exit,False,3.47,277.17,2023-07
3642,2022-11-20,Communication Skills,Internal,Completed,1,234.74,2020-04-29,2021-11-12,Retirement,Future Start,Production,True,234.74,0.0,True,234.74,after_exit,False,2.56,234.74,2022-11
3643,2023-03-27,Leadership Development,Internal,Completed,4,712.43,2020-04-16,,Unk,Active,Production,True,712.43,0.0,False,0.0,valid,True,2.94,178.11,2023-03
3644,2023-02-06,Technical Skills,Internal,Incomplete,1,504.66,2022-06-16,,Unk,Active,Production,False,0.0,504.66,False,0.0,valid,True,0.64,504.66,2023-02
3645,2023-05-06,Leadership Development,External,Incomplete,5,398.36,2019-07-22,,Unk,Active,Production,False,0.0,398.36,False,0.0,valid,True,3.79,79.67,2023-05
3646,2023-07-22,Communication Skills,External,Failed,4,533.61,2023-04-22,,Unk,Active,Production,False,0.0,533.61,False,0.0,valid,True,0.25,133.4,2023-07
3647,2022-08-10,Technical Skills,Internal,Completed,4,199.55,2020-12-28,2021-01-30,Involuntary,Voluntarily Terminated,Production,True,199.55,0.0,True,199.55,after_exit,False,1.62,49.89,2022-08
3648,2023-02-26,Leadership Development,Internal,Completed,2,325.78,2022-02-23,,Unk,Active,Production,True,325.78,0.0,False,0.0,valid,True,1.01,162.89,2023-02
3649,2022-12-18,Leadership Development,External,Completed,4,336.33,2022-08-13,,Unk,Active,Production,True,336.33,0.0,False,0.0,valid,True,0.35,84.08,2022-12
3650,2023-01-09,Communication Skills,External,Passed,4,242.71,2019-10-03,2022-02-28,Retirement,Voluntarily Terminated,Production,True,242.71,0.0,True,242.71,after_exit,False,3.27,60.68,2023-01
3651,2023-05-14,Leadership Development,Internal,Failed,4,651.28,2019-10-14,,Unk,Active,Production,False,0.0,651.28,False,0.0,valid,True,3.58,162.82,2023-05
3652,2023-01-31,Communication Skills,External,Incomplete,3,962.45,2019-08-30,2022-08-27,Resignation,Voluntarily Terminated,Production,False,0.0,962.45,True,962.45,after_exit,False,3.42,320.82,2023-01
3653,2023-01-20,Customer Service,External,Failed,1,791.72,2021-02-04,2023-07-30,Voluntary,Voluntarily Terminated,Production,False,0.0,791.72,True,791.72,valid,True,1.96,791.72,2023-01
3654,2023-04-11,Project Management,Internal,Incomplete,4,553.86,2022-11-23,,Unk,Active,Production,False,0.0,553.86,False,0.0,valid,True,0.38,138.46,2023-04
3655,2023-01-04,Technical Skills,External,Passed,1,735.72,2023-02-25,,Unk,Active,Production,True,735.72,0.0,False,0.0,before_hire,False,-0.14,735.72,2023-01
3656,2023-06-14,Project Management,Internal,Failed,4,867.03,2019-12-15,,Unk,Active,Production,False,0.0,867.03,False,0.0,valid,True,3.5,216.76,2023-06
3657,2023-05-26,Project Management,External,Incomplete,1,710.14,2021-08-29,,Unk,Active,Production,False,0.0,710.14,False,0.0,valid,True,1.74,710.14,2023-05
3658,2022-08-18,Leadership Development,External,Incomplete,2,799.88,2022-11-04,2023-07-07,Involuntary,Active,Production,False,0.0,799.88,True,799.88,before_hire,False,-0.21,399.94,2022-08
3659,2023-01-27,Leadership Development,External,Passed,5,242.87,2019-10-02,2019-10-13,Voluntary,Active,Production,True,242.87,0.0,True,242.87,after_exit,False,3.32,48.57,2023-01
3660,2023-05-19,Leadership Development,Internal,Passed,4,849.77,2019-05-24,,Unk,Active,Production,True,849.77,0.0,False,0.0,valid,True,3.99,212.44,2023-05
3661,2023-05-06,Customer Service,External,Passed,2,471.5,2022-02-28,2022-09-05,Involuntary,Active,Production,True,471.5,0.0,True,471.5,after_exit,False,1.18,235.75,2023-05
3662,2023-05-20,Customer Service,Internal,Passed,1,535.93,2023-06-13,,Unk,Active,Production,True,535.93,0.0,False,0.0,before_hire,False,-0.07,535.93,2023-05
3663,2023-03-22,Technical Skills,Internal,Passed,3,816.64,2019-10-07,2022-01-22,Retirement,Future Start,Production,True,816.64,0.0,True,816.64,after_exit,False,3.46,272.21,2023-03
3664,2023-03-14,Communication Skills,Internal,Incomplete,1,210.44,2020-10-06,2022-01-12,Involuntary,Future Start,Production,False,0.0,210.44,True,210.44,after_exit,False,2.43,210.44,2023-03
3665,2023-01-09,Project Management,Internal,Passed,3,752.33,2019-11-22,,Unk,Active,Production,True,752.33,0.0,False,0.0,valid,True,3.13,250.78,2023-01
3666,2023-08-02,Project Management,Internal,Completed,3,343.52,2022-04-29,2023-01-21,Involuntary,Active,Production,True,343.52,0.0,True,343.52,after_exit,False,1.26,114.51,2023-08
3667,2023-02-03,Leadership Development,Internal,Completed,3,860.31,2022-12-11,2023-04-28,Resignation,Active,Production,True,860.31,0.0,True,860.31,valid,True,0.15,286.77,2023-02
3668,2022-11-28,Customer Service,External,Completed,4,265.55,2023-08-06,2023-08-06,Voluntary,Active,Production,True,265.55,0.0,True,265.55,before_hire,False,-0.69,66.39,2022-11
3669,2023-08-03,Project Management,Internal,Completed,1,183.85,2020-03-28,2023-03-12,Retirement,Voluntarily Terminated,Production,True,183.85,0.0,True,183.85,after_exit,False,3.35,183.85,2023-08
3670,2022-09-25,Project Management,External,Completed,5,942.09,2022-08-11,2023-03-27,Resignation,Active,Production,True,942.09,0.0,True,942.09,valid,True,0.12,188.42,2022-09
3671,2023-01-20,Communication Skills,External,Passed,4,381.94,2023-01-26,2023-06-19,Involuntary,Voluntarily Terminated,Production,True,381.94,0.0,True,381.94,before_hire,False,-0.02,95.48,2023-01
3672,2022-08-29,Project Management,External,Failed,1,358.73,2019-01-14,,Unk,Active,Production,False,0.0,358.73,False,0.0,valid,True,3.62,358.73,2022-08
3673,2023-03-21,Customer Service,External,Passed,3,578.02,2022-06-11,2023-01-10,Voluntary,Voluntarily Terminated,Production,True,578.02,0.0,True,578.02,after_exit,False,0.77,192.67,2023-03
3674,2022-11-08,Project Management,Internal,Completed,2,223.29,2020-06-25,2022-03-02,Voluntary,Voluntarily Terminated,Production,True,223.29,0.0,True,223.29,after_exit,False,2.37,111.64,2022-11
3675,2022-09-07,Customer Service,Internal,Passed,5,992.37,2020-06-08,2022-12-29,Resignation,Active,Production,True,992.37,0.0,True,992.37,valid,True,2.25,198.47,2022-09
3676,2023-02-10,Customer Service,Internal,Failed,5,113.48,2018-08-29,,Unk,Active,Production,False,0.0,113.48,False,0.0,valid,True,4.45,22.7,2023-02
3677,2022-10-05,Leadership Development,External,Incomplete,4,882.2,2022-10-01,,Unk,Active,Production,False,0.0,882.2,False,0.0,valid,True,0.01,220.55,2022-10
3678,2022-09-06,Customer Service,Internal,Incomplete,2,288.16,2021-07-22,,Unk,Active,Production,False,0.0,288.16,False,0.0,valid,True,1.13,144.08,2022-09
3679,2023-01-16,Leadership Development,External,Completed,1,815.52,2019-12-14,,Unk,Active,Production,True,815.52,0.0,False,0.0,valid,True,3.09,815.52,2023-01
3680,2023-05-15,Leadership Development,Internal,Completed,4,461.06,2020-03-27,,Unk,Active,Production,True,461.06,0.0,False,0.0,valid,True,3.13,115.26,2023-05
3681,2023-03-22,Customer Service,External,Incomplete,2,580.16,2021-11-25,,Unk,Active,Production,False,0.0,580.16,False,0.0,valid,True,1.32,290.08,2023-03
3682,2022-10-17,Communication Skills,External,Incomplete,3,336.69,2023-07-08,,Unk,Active,Production,False,0.0,336.69,False,0.0,before_hire,False,-0.72,112.23,2022-10
3683,2022-12-28,Project Management,Internal,Completed,1,990.69,2021-11-02,2021-12-11,Involuntary,Active,Production,True,990.69,0.0,True,990.69,after_exit,False,1.15,990.69,2022-12
3684,2022-10-29,Communication Skills,Internal,Completed,2,939.39,2019-12-01,2022-12-25,Involuntary,Active,Production,True,939.39,0.0,True,939.39,valid,True,2.91,469.7,2022-10
3685,2023-01-06,Leadership Development,External,Passed,1,941.12,2022-08-16,2022-11-10,Retirement,Active,Production,True,941.12,0.0,True,941.12,after_exit,False,0.39,941.12,2023-01
3686,2023-07-05,Project Management,Internal,Incomplete,3,878.11,2021-04-25,2022-12-12,Retirement,Future Start,Production,False,0.0,878.11,True,878.11,after_exit,False,2.19,292.7,2023-07
3687,2022-12-26,Customer Service,External,Incomplete,3,614.53,2019-05-17,,Unk,Active,Production,False,0.0,614.53,False,0.0,valid,True,3.61,204.84,2022-12
3688,2022-11-26,Customer Service,Internal,Failed,4,269.88,2019-05-04,2021-08-03,Involuntary,Future Start,Production,False,0.0,269.88,True,269.88,after_exit,False,3.56,67.47,2022-11
3689,2023-02-25,Communication Skills,External,Passed,1,734.94,2021-07-16,,Unk,Active,Production,True,734.94,0.0,False,0.0,valid,True,1.61,734.94,2023-02
3690,2023-04-03,Technical Skills,Internal,Completed,5,589.5,2020-08-04,2021-02-27,Voluntary,Active,Production,True,589.5,0.0,True,589.5,after_exit,False,2.66,117.9,2023-04
3691,2023-03-06,Leadership Development,Internal,Completed,3,311.28,2020-11-23,,Unk,Active,Production,True,311.28,0.0,False,0.0,valid,True,2.28,103.76,2023-03
3692,2023-03-29,Technical Skills,Internal,Passed,5,671.88,2019-11-11,,Unk,Active,Production,True,671.88,0.0,False,0.0,valid,True,3.38,134.38,2023-03
3693,2023-01-24,Project Management,External,Completed,1,861.5,2019-05-20,2020-08-30,Involuntary,Active,Production,True,861.5,0.0,True,861.5,after_exit,False,3.68,861.5,2023-01
3694,2023-05-19,Leadership Development,External,Completed,2,649.18,2019-11-05,2022-04-16,Involuntary,Voluntarily Terminated,Production,True,649.18,0.0,True,649.18,after_exit,False,3.53,324.59,2023-05
3695,2023-01-08,Project Management,External,Failed,4,492.2,2018-09-20,2021-02-04,Voluntary,Voluntarily Terminated,Production,False,0.0,492.2,True,492.2,after_exit,False,4.3,123.05,2023-01
3696,2023-01-13,Technical Skills,Internal,Passed,2,299.59,2020-09-02,2023-05-26,Resignation,Voluntarily Terminated,Production,True,299.59,0.0,True,299.59,valid,True,2.36,149.79,2023-01
3697,2023-04-24,Technical Skills,Internal,Failed,2,982.33,2020-06-28,,Unk,Active,Production,False,0.0,982.33,False,0.0,valid,True,2.82,491.16,2023-04
3698,2022-12-24,Leadership Development,External,Passed,2,830.36,2023-03-22,2023-05-30,Involuntary,Active,Production,True,830.36,0.0,True,830.36,before_hire,False,-0.24,415.18,2022-12
3699,2022-08-19,Customer Service,External,Passed,1,973.34,2022-08-30,2022-09-20,Involuntary,Voluntarily Terminated,Production,True,973.34,0.0,True,973.34,before_hire,False,-0.03,973.34,2022-08
3700,2023-02-25,Project Management,Internal,Failed,4,667.34,2019-10-24,,Unk,Active,Production,False,0.0,667.34,False,0.0,valid,True,3.34,166.84,2023-02
3701,2022-08-21,Communication Skills,Internal,Failed,4,480.17,2019-11-09,,Unk,Active,Production,False,0.0,480.17,False,0.0,valid,True,2.78,120.04,2022-08
3702,2023-02-15,Leadership Development,External,Failed,3,346.28,2019-07-13,,Unk,Active,Production,False,0.0,346.28,False,0.0,valid,True,3.59,115.43,2023-02
3703,2022-12-27,Communication Skills,External,Completed,3,121.45,2020-08-31,2022-06-26,Resignation,Active,Production,True,121.45,0.0,True,121.45,after_exit,False,2.32,40.48,2022-12
3704,2022-10-07,Technical Skills,External,Incomplete,2,669.3,2019-01-25,2021-10-26,Involuntary,Active,Production,False,0.0,669.3,True,669.3,after_exit,False,3.7,334.65,2022-10
3705,2023-04-17,Technical Skills,Internal,Completed,5,983.59,2020-11-21,2023-04-09,Involuntary,Active,Production,True,983.59,0.0,True,983.59,after_exit,False,2.4,196.72,2023-04
3706,2023-06-07,Customer Service,Internal,Completed,1,304.9,2019-09-23,,Unk,Active,Production,True,304.9,0.0,False,0.0,valid,True,3.7,304.9,2023-06
3707,2022-12-24,Leadership Development,External,Passed,3,778.72,2022-12-11,,Unk,Active,Production,True,778.72,0.0,False,0.0,valid,True,0.04,259.57,2022-12
3708,2023-01-03,Customer Service,External,Passed,4,136.15,2020-08-21,2022-09-20,Resignation,Active,Production,True,136.15,0.0,True,136.15,after_exit,False,2.37,34.04,2023-01
3709,2023-04-07,Leadership Development,Internal,Incomplete,4,339.84,2019-02-04,2023-04-17,Voluntary,Active,Production,False,0.0,339.84,True,339.84,valid,True,4.17,84.96,2023-04
3710,2023-06-02,Leadership Development,External,Completed,1,791.78,2021-10-29,,Unk,Active,Production,True,791.78,0.0,False,0.0,valid,True,1.59,791.78,2023-06
3711,2022-10-19,Leadership Development,External,Incomplete,5,853.26,2021-07-17,,Unk,Active,Production,False,0.0,853.26,False,0.0,valid,True,1.26,170.65,2022-10
3712,2022-10-31,Project Management,Internal,Incomplete,4,214.12,2019-04-28,2022-09-01,Retirement,Future Start,Production,False,0.0,214.12,True,214.12,after_exit,False,3.51,53.53,2022-10
3713,2023-05-17,Customer Service,External,Incomplete,5,235.82,2020-07-21,,Unk,Active,Production,False,0.0,235.82,False,0.0,valid,True,2.82,47.16,2023-05
3714,2023-05-18,Leadership Development,Internal,Passed,5,448.57,2020-01-19,,Unk,Active,Production,True,448.57,0.0,False,0.0,valid,True,3.33,89.71,2023-05
3715,2023-01-11,Leadership Development,External,Incomplete,3,572.56,2021-09-12,,Unk,Active,Production,False,0.0,572.56,False,0.0,valid,True,1.33,190.85,2023-01
3716,2023-03-07,Project Management,Internal,Incomplete,4,959.78,2022-07-31,2023-02-18,Voluntary,Voluntarily Terminated,Production,False,0.0,959.78,True,959.78,after_exit,False,0.6,239.94,2023-03
3717,2022-08-22,Communication Skills,External,Passed,3,363.02,2023-05-18,,Unk,Active,Production,True,363.02,0.0,False,0.0,before_hire,False,-0.74,121.01,2022-08
3718,2023-05-02,Communication Skills,Internal,Completed,2,325.7,2021-05-25,2021-10-22,Voluntary,Voluntarily Terminated,Production,True,325.7,0.0,True,325.7,after_exit,False,1.94,162.85,2023-05
3719,2022-10-08,Project Management,Internal,Incomplete,3,727.75,2022-07-22,,Unk,Active,Production,False,0.0,727.75,False,0.0,valid,True,0.21,242.58,2022-10
3720,2022-09-23,Project Management,Internal,Passed,2,845.21,2019-05-23,2020-09-12,Resignation,Active,Production,True,845.21,0.0,True,845.21,after_exit,False,3.34,422.6,2022-09
3721,2022-12-22,Technical Skills,External,Incomplete,4,327.82,2020-02-12,2020-04-07,Resignation,Active,Production,False,0.0,327.82,True,327.82,after_exit,False,2.86,81.96,2022-12
3722,2023-01-15,Communication Skills,Internal,Passed,1,512.55,2020-02-16,2022-01-09,Involuntary,Voluntarily Terminated,Production,True,512.55,0.0,True,512.55,after_exit,False,2.91,512.55,2023-01
3723,2022-09-06,Communication Skills,Internal,Completed,1,457.17,2022-04-29,2022-07-16,Retirement,Voluntarily Terminated,Production,True,457.17,0.0,True,457.17,after_exit,False,0.36,457.17,2022-09
3724,2023-06-28,Communication Skills,Internal,Incomplete,4,573.33,2019-10-10,2021-10-30,Retirement,Voluntarily Terminated,Production,False,0.0,573.33,True,573.33,after_exit,False,3.72,143.33,2023-06
3725,2023-05-23,Customer Service,External,Failed,3,135.18,2019-04-07,2023-07-09,Voluntary,Active,Production,False,0.0,135.18,True,135.18,valid,True,4.13,45.06,2023-05
3726,2023-01-13,Communication Skills,External,Failed,3,911.12,2020-07-13,2021-09-18,Voluntary,Active,Production,False,0.0,911.12,True,911.12,after_exit,False,2.5,303.71,2023-01
3727,2023-05-02,Project Management,Internal,Incomplete,5,693.8,2021-08-26,,Unk,Active,Production,False,0.0,693.8,False,0.0,valid,True,1.68,138.76,2023-05
3728,2023-07-10,Customer Service,Internal,Completed,5,419.79,2021-12-23,,Unk,Active,Production,True,419.79,0.0,False,0.0,valid,True,1.54,83.96,2023-07
3729,2022-12-12,Customer Service,External,Failed,1,693.56,2022-12-08,2023-07-04,Voluntary,Active,Production,False,0.0,693.56,True,693.56,valid,True,0.01,693.56,2022-12
3730,2022-08-29,Leadership Development,External,Incomplete,1,161.47,2022-01-18,,Unk,Active,Production,False,0.0,161.47,False,0.0,valid,True,0.61,161.47,2022-08
3731,2023-05-02,Project Management,External,Passed,5,773.63,2020-02-28,2022-12-14,Retirement,Active,Production,True,773.63,0.0,True,773.63,after_exit,False,3.17,154.73,2023-05
3732,2022-12-09,Technical Skills,Internal,Incomplete,5,695.42,2020-05-31,,Unk,Active,Production,False,0.0,695.42,False,0.0,valid,True,2.52,139.08,2022-12
3733,2023-06-04,Communication Skills,Internal,Incomplete,1,246.16,2020-04-20,2022-07-23,Retirement,Future Start,Production,False,0.0,246.16,True,246.16,after_exit,False,3.12,246.16,2023-06
3734,2023-03-05,Communication Skills,Internal,Failed,2,702.69,2019-03-07,,Unk,Active,Production,False,0.0,702.69,False,0.0,valid,True,3.99,351.34,2023-03
3735,2022-10-25,Technical Skills,External,Failed,1,473.1,2019-05-29,,Unk,Active,Production,False,0.0,473.1,False,0.0,valid,True,3.41,473.1,2022-10
3736,2022-10-25,Project Management,Internal,Incomplete,2,119.82,2020-10-18,2023-03-22,Resignation,Active,Production,False,0.0,119.82,True,119.82,valid,True,2.02,59.91,2022-10
3737,2022-11-17,Customer Service,External,Failed,1,157.8,2018-11-19,,Unk,Active,Production,False,0.0,157.8,False,0.0,valid,True,3.99,157.8,2022-11
3738,2022-09-01,Technical Skills,Internal,Completed,3,791.98,2022-04-15,2023-01-09,Involuntary,Voluntarily Terminated,Production,True,791.98,0.0,True,791.98,valid,True,0.38,263.99,2022-09
3739,2022-08-19,Customer Service,External,Incomplete,5,752.97,2018-08-24,2021-03-22,Voluntary,Voluntarily Terminated,Production,False,0.0,752.97,True,752.97,after_exit,False,3.99,150.59,2022-08
3740,2022-09-11,Leadership Development,External,Completed,5,916.21,2022-10-15,2023-02-17,Voluntary,Voluntarily Terminated,Production,True,916.21,0.0,True,916.21,before_hire,False,-0.09,183.24,2022-09
3741,2022-10-05,Project Management,External,Completed,2,751.04,2023-02-27,2023-03-28,Voluntary,Voluntarily Terminated,Production,True,751.04,0.0,True,751.04,before_hire,False,-0.4,375.52,2022-10
3742,2023-04-22,Communication Skills,Internal,Passed,3,620.63,2021-09-22,2023-05-15,Resignation,Active,Production,True,620.63,0.0,True,620.63,valid,True,1.58,206.88,2023-04
3743,2022-11-17,Leadership Development,Internal,Passed,3,439.3,2020-05-30,,Unk,Active,Production,True,439.3,0.0,False,0.0,valid,True,2.47,146.43,2022-11
3744,2023-05-23,Communication Skills,Internal,Completed,1,716.39,2020-09-11,,Unk,Active,Production,True,716.39,0.0,False,0.0,valid,True,2.69,716.39,2023-05
3745,2022-10-11,Technical Skills,External,Failed,5,300.33,2019-05-31,2020-10-06,Involuntary,Voluntarily Terminated,Production,False,0.0,300.33,True,300.33,after_exit,False,3.36,60.07,2022-10
3746,2023-02-22,Project Management,Internal,Passed,3,337.15,2020-07-13,,Unk,Active,Production,True,337.15,0.0,False,0.0,valid,True,2.61,112.38,2023-02
3747,2022-10-18,Leadership Development,External,Failed,5,725.6,2021-09-09,2023-02-10,Retirement,Voluntarily Terminated,Production,False,0.0,725.6,True,725.6,valid,True,1.11,145.12,2022-10
3748,2022-12-23,Customer Service,Internal,Failed,5,588.88,2019-04-06,,Unk,Active,Production,False,0.0,588.88,False,0.0,valid,True,3.72,117.78,2022-12
3749,2022-09-28,Technical Skills,External,Passed,4,742.98,2021-02-16,,Unk,Active,Production,True,742.98,0.0,False,0.0,valid,True,1.61,185.74,2022-09
3750,2022-09-27,Project Management,External,Passed,5,283.05,2020-02-17,,Unk,Active,Production,True,283.05,0.0,False,0.0,valid,True,2.61,56.61,2022-09
3751,2022-11-10,Customer Service,Internal,Incomplete,4,511.13,2021-10-15,,Unk,Active,Production,False,0.0,511.13,False,0.0,valid,True,1.07,127.78,2022-11
3752,2023-05-31,Communication Skills,Internal,Completed,1,158.86,2022-07-06,,Unk,Active,Production,True,158.86,0.0,False,0.0,valid,True,0.9,158.86,2023-05
3753,2022-09-19,Project Management,External,Failed,1,741.95,2019-03-05,2020-12-10,Involuntary,Active,Production,False,0.0,741.95,True,741.95,after_exit,False,3.54,741.95,2022-09
3754,2023-03-08,Technical Skills,External,Incomplete,4,132.52,2020-06-02,2022-01-25,Voluntary,Active,Production,False,0.0,132.52,True,132.52,after_exit,False,2.76,33.13,2023-03
3755,2023-06-27,Customer Service,Internal,Completed,1,736.19,2020-11-26,2023-02-17,Resignation,Future Start,Production,True,736.19,0.0,True,736.19,after_exit,False,2.58,736.19,2023-06
3756,2023-03-27,Technical Skills,External,Failed,4,521.51,2021-05-24,,Unk,Active,Production,False,0.0,521.51,False,0.0,valid,True,1.84,130.38,2023-03
3757,2022-10-21,Technical Skills,Internal,Incomplete,2,132.09,2022-10-17,2023-03-26,Involuntary,Future Start,Production,False,0.0,132.09,True,132.09,valid,True,0.01,66.04,2022-10
3758,2023-01-16,Leadership Development,Internal,Failed,4,917.17,2022-11-16,2023-06-24,Retirement,Voluntarily Terminated,Production,False,0.0,917.17,True,917.17,valid,True,0.17,229.29,2023-01
3759,2022-08-11,Project Management,Internal,Completed,2,790.71,2022-05-01,2022-09-25,Retirement,Active,Production,True,790.71,0.0,True,790.71,valid,True,0.28,395.36,2022-08
3760,2022-11-28,Technical Skills,External,Passed,1,680.48,2021-08-24,,Unk,Active,Production,True,680.48,0.0,False,0.0,valid,True,1.26,680.48,2022-11
3761,2022-08-18,Customer Service,External,Failed,1,947.57,2023-06-22,2023-07-10,Involuntary,Active,Production,False,0.0,947.57,True,947.57,before_hire,False,-0.84,947.57,2022-08
3762,2023-06-15,Project Management,Internal,Failed,2,594.61,2020-07-18,,Unk,Active,Production,False,0.0,594.61,False,0.0,valid,True,2.91,297.3,2023-06
3763,2022-11-13,Technical Skills,External,Incomplete,1,775.59,2023-01-12,2023-02-06,Involuntary,Voluntarily Terminated,Production,False,0.0,775.59,True,775.59,before_hire,False,-0.16,775.59,2022-11
3764,2022-08-30,Communication Skills,External,Incomplete,2,239.16,2022-02-16,,Unk,Active,Production,False,0.0,239.16,False,0.0,valid,True,0.53,119.58,2022-08
3765,2022-11-25,Customer Service,Internal,Completed,5,275.94,2022-09-02,,Unk,Active,Production,True,275.94,0.0,False,0.0,valid,True,0.23,55.19,2022-11
3766,2023-03-27,Technical Skills,Internal,Incomplete,4,466.32,2019-02-02,2023-02-03,Resignation,Active,Production,False,0.0,466.32,True,466.32,after_exit,False,4.15,116.58,2023-03
3767,2022-10-12,Leadership Development,Internal,Completed,4,840.46,2021-08-26,2022-09-05,Retirement,Voluntarily Terminated,Production,True,840.46,0.0,True,840.46,after_exit,False,1.13,210.12,2022-10
3768,2023-01-04,Leadership Development,Internal,Completed,3,145.76,2020-12-31,,Unk,Active,Production,True,145.76,0.0,False,0.0,valid,True,2.01,48.59,2023-01
3769,2022-10-12,Project Management,Internal,Incomplete,2,647.7,2020-12-12,,Unk,Active,Production,False,0.0,647.7,False,0.0,valid,True,1.83,323.85,2022-10
3770,2023-07-05,Project Management,Internal,Incomplete,2,536.2,2022-01-13,2023-04-11,Involuntary,Voluntarily Terminated,Production,False,0.0,536.2,True,536.2,after_exit,False,1.47,268.1,2023-07
3771,2023-03-26,Communication Skills,Internal,Incomplete,5,769.97,2021-01-24,2023-05-07,Retirement,Voluntarily Terminated,Production,False,0.0,769.97,True,769.97,valid,True,2.17,153.99,2023-03
3772,2023-01-01,Communication Skills,External,Completed,1,894.66,2022-02-08,2022-07-22,Retirement,Active,Production,True,894.66,0.0,True,894.66,after_exit,False,0.9,894.66,2023-01
3773,2022-11-15,Project Management,External,Failed,2,374.02,2020-10-11,2022-02-26,Retirement,Voluntarily Terminated,Production,False,0.0,374.02,True,374.02,after_exit,False,2.09,187.01,2022-11
3774,2023-02-04,Leadership Development,Internal,Passed,5,569.42,2019-06-20,2021-10-13,Involuntary,Active,Production,True,569.42,0.0,True,569.42,after_exit,False,3.63,113.88,2023-02
3775,2022-11-14,Customer Service,Internal,Completed,1,172.82,2021-07-13,2022-11-26,Resignation,Active,Production,True,172.82,0.0,True,172.82,valid,True,1.34,172.82,2022-11
3776,2023-02-05,Project Management,Internal,Completed,4,585.84,2021-10-14,2021-10-30,Resignation,Active,Production,True,585.84,0.0,True,585.84,after_exit,False,1.31,146.46,2023-02
3777,2022-10-13,Project Management,External,Completed,1,759.38,2021-11-09,,Unk,Active,Production,True,759.38,0.0,False,0.0,valid,True,0.93,759.38,2022-10
3778,2022-09-13,Customer Service,Internal,Completed,5,341.74,2023-04-02,2023-07-27,Involuntary,Active,Production,True,341.74,0.0,True,341.74,before_hire,False,-0.55,68.35,2022-09
3779,2023-05-29,Project Management,External,Incomplete,3,733.04,2022-10-19,2023-05-03,Voluntary,Future Start,Production,False,0.0,733.04,True,733.04,after_exit,False,0.61,244.35,2023-05
3780,2023-08-02,Customer Service,Internal,Failed,2,658.27,2020-05-09,2021-09-14,Retirement,Future Start,Production,False,0.0,658.27,True,658.27,after_exit,False,3.23,329.14,2023-08
3781,2023-07-11,Customer Service,External,Incomplete,1,124.77,2019-08-18,2022-05-05,Involuntary,Future Start,Production,False,0.0,124.77,True,124.77,after_exit,False,3.9,124.77,2023-07
3782,2022-12-11,Technical Skills,Internal,Passed,5,506.4,2019-03-09,2020-05-02,Retirement,Voluntarily Terminated,Production,True,506.4,0.0,True,506.4,after_exit,False,3.76,101.28,2022-12
3783,2023-01-25,Technical Skills,External,Completed,5,851.24,2020-05-09,,Unk,Active,Production,True,851.24,0.0,False,0.0,valid,True,2.71,170.25,2023-01
3784,2022-10-12,Communication Skills,Internal,Completed,2,671.12,2022-08-14,,Unk,Active,Production,True,671.12,0.0,False,0.0,valid,True,0.16,335.56,2022-10
3785,2022-10-01,Project Management,External,Passed,1,257.8,2022-01-18,,Unk,Active,Production,True,257.8,0.0,False,0.0,valid,True,0.7,257.8,2022-10
3786,2023-04-17,Leadership Development,External,Failed,4,280.06,2021-06-22,2022-07-26,Resignation,Voluntarily Terminated,Production,False,0.0,280.06,True,280.06,after_exit,False,1.82,70.02,2023-04
3787,2023-04-26,Project Management,External,Passed,4,140.03,2023-01-19,2023-06-20,Resignation,Voluntarily Terminated,Production,True,140.03,0.0,True,140.03,valid,True,0.27,35.01,2023-04
3788,2023-03-21,Customer Service,External,Completed,2,796.95,2023-05-17,2023-06-13,Involuntary,Voluntarily Terminated,Production,True,796.95,0.0,True,796.95,before_hire,False,-0.16,398.48,2023-03
3789,2022-10-26,Technical Skills,External,Incomplete,1,997.38,2020-06-07,,Unk,Active,Production,False,0.0,997.38,False,0.0,valid,True,2.38,997.38,2022-10
3790,2023-03-18,Communication Skills,External,Completed,2,676.95,2023-07-07,2023-07-11,Resignation,Active,Production,True,676.95,0.0,True,676.95,before_hire,False,-0.3,338.48,2023-03
3791,2023-02-12,Leadership Development,External,Failed,2,348.89,2020-03-28,,Unk,Active,Production,False,0.0,348.89,False,0.0,valid,True,2.88,174.44,2023-02
3792,2022-09-09,Project Management,External,Passed,1,385.62,2019-05-23,2022-05-10,Retirement,Active,Production,True,385.62,0.0,True,385.62,after_exit,False,3.3,385.62,2022-09
3793,2022-11-24,Project Management,Internal,Completed,2,552.67,2019-04-20,,Unk,Active,Production,True,552.67,0.0,False,0.0,valid,True,3.6,276.33,2022-11
3794,2023-04-17,Communication Skills,External,Failed,2,645.11,2018-09-09,,Unk,Active,Production,False,0.0,645.11,False,0.0,valid,True,4.6,322.56,2023-04
3795,2023-01-25,Project Management,External,Passed,1,954.02,2022-07-14,,Unk,Active,Production,True,954.02,0.0,False,0.0,valid,True,0.53,954.02,2023-01
3796,2023-07-03,Technical Skills,External,Incomplete,5,255.74,2019-04-17,2021-12-02,Resignation,Active,Production,False,0.0,255.74,True,255.74,after_exit,False,4.21,51.15,2023-07
3797,2023-03-09,Technical Skills,External,Completed,2,279.38,2020-05-15,,Unk,Active,Production,True,279.38,0.0,False,0.0,valid,True,2.81,139.69,2023-03
3798,2022-08-22,Project Management,External,Passed,5,303.44,2020-04-04,2023-07-04,Voluntary,Active,Production,True,303.44,0.0,True,303.44,valid,True,2.38,60.69,2022-08
3799,2022-08-07,Communication Skills,Internal,Incomplete,4,809.38,2022-10-15,,Unk,Active,Production,False,0.0,809.38,False,0.0,before_hire,False,-0.19,202.34,2022-08
3800,2022-10-14,Customer Service,Internal,Completed,4,886.12,2019-07-11,,Unk,Active,Production,True,886.12,0.0,False,0.0,valid,True,3.26,221.53,2022-10
3801,2023-04-01,Leadership Development,External,Incomplete,2,125.88,2019-10-02,,Unk,Active,Production,False,0.0,125.88,False,0.0,valid,True,3.5,62.94,2023-04
3802,2023-01-24,Leadership Development,Internal,Passed,1,493.72,2021-03-04,,Unk,Active,Production,True,493.72,0.0,False,0.0,valid,True,1.89,493.72,2023-01
3803,2023-02-12,Project Management,External,Passed,4,993.68,2021-02-10,2022-01-01,Resignation,Future Start,Production,True,993.68,0.0,True,993.68,after_exit,False,2.0,248.42,2023-02
3804,2023-02-15,Customer Service,External,Incomplete,4,414.55,2019-05-15,,Unk,Active,Production,False,0.0,414.55,False,0.0,valid,True,3.76,103.64,2023-02
3805,2022-08-31,Communication Skills,External,Incomplete,1,391.88,2022-04-28,,Unk,Active,Production,False,0.0,391.88,False,0.0,valid,True,0.34,391.88,2022-08
3806,2022-09-09,Customer Service,External,Passed,4,600.64,2021-09-23,2023-07-01,Resignation,Active,Production,True,600.64,0.0,True,600.64,valid,True,0.96,150.16,2022-09
3807,2023-03-26,Communication Skills,External,Passed,1,997.74,2021-09-15,2021-11-10,Resignation,Active,Production,True,997.74,0.0,True,997.74,after_exit,False,1.52,997.74,2023-03
3808,2023-01-25,Technical Skills,External,Passed,4,254.26,2019-04-27,2020-03-20,Resignation,Active,IT/IS,True,254.26,0.0,True,254.26,after_exit,False,3.75,63.56,2023-01
3809,2022-10-21,Technical Skills,External,Incomplete,3,786.62,2019-10-06,2020-08-23,Resignation,Active,IT/IS,False,0.0,786.62,True,786.62,after_exit,False,3.04,262.21,2022-10
3810,2022-12-21,Communication Skills,External,Completed,3,189.7,2020-02-16,,Unk,Active,IT/IS,True,189.7,0.0,False,0.0,valid,True,2.84,63.23,2022-12
3811,2023-05-15,Technical Skills,External,Completed,2,484.02,2022-05-14,2022-10-21,Involuntary,Active,IT/IS,True,484.02,0.0,True,484.02,after_exit,False,1.0,242.01,2023-05
3812,2023-06-02,Communication Skills,Internal,Failed,5,299.74,2019-02-13,2020-08-06,Resignation,Active,IT/IS,False,0.0,299.74,True,299.74,after_exit,False,4.3,59.95,2023-06
3813,2023-07-21,Technical Skills,Internal,Failed,1,169.79,2022-08-24,,Unk,Active,IT/IS,False,0.0,169.79,False,0.0,valid,True,0.91,169.79,2023-07
3814,2023-07-09,Communication Skills,Internal,Failed,5,655.68,2019-01-07,2020-09-05,Retirement,Leave of Absence,IT/IS,False,0.0,655.68,True,655.68,after_exit,False,4.5,131.14,2023-07
3815,2023-02-05,Project Management,Internal,Failed,1,910.09,2021-03-26,,Unk,Active,IT/IS,False,0.0,910.09,False,0.0,valid,True,1.86,910.09,2023-02
3816,2022-12-20,Communication Skills,External,Passed,5,912.1,2021-05-01,,Unk,Active,IT/IS,True,912.1,0.0,False,0.0,valid,True,1.64,182.42,2022-12
3817,2023-03-07,Customer Service,Internal,Incomplete,4,456.65,2021-10-10,2023-01-21,Resignation,Active,IT/IS,False,0.0,456.65,True,456.65,after_exit,False,1.4,114.16,2023-03
3818,2022-11-07,Leadership Development,External,Incomplete,4,313.5,2020-01-02,2022-04-03,Voluntary,Active,IT/IS,False,0.0,313.5,True,313.5,after_exit,False,2.85,78.38,2022-11
3819,2022-12-29,Leadership Development,Internal,Incomplete,3,906.45,2020-01-20,,Unk,Active,IT/IS,False,0.0,906.45,False,0.0,valid,True,2.94,302.15,2022-12
3820,2022-08-19,Project Management,External,Incomplete,2,333.8,2018-08-11,2021-05-21,Voluntary,Active,IT/IS,False,0.0,333.8,True,333.8,after_exit,False,4.02,166.9,2022-08
3821,2022-11-30,Project Management,External,Passed,2,866.63,2021-12-18,,Unk,Active,IT/IS,True,866.63,0.0,False,0.0,valid,True,0.95,433.32,2022-11
3822,2022-12-08,Technical Skills,Internal,Incomplete,5,357.58,2019-09-24,2022-04-04,Retirement,Active,Executive Office,False,0.0,357.58,True,357.58,after_exit,False,3.21,71.52,2022-12
3823,2022-09-21,Communication Skills,External,Completed,4,516.9,2022-10-17,2023-06-26,Involuntary,Active,Executive Office,True,516.9,0.0,True,516.9,before_hire,False,-0.07,129.22,2022-09
3824,2022-10-18,Leadership Development,Internal,Completed,5,200.23,2020-01-07,,Unk,Active,IT/IS,True,200.23,0.0,False,0.0,valid,True,2.78,40.05,2022-10
3825,2022-09-24,Leadership Development,Internal,Completed,1,728.77,2022-11-05,,Unk,Active,IT/IS,True,728.77,0.0,False,0.0,before_hire,False,-0.11,728.77,2022-09
3826,2022-11-21,Communication Skills,Internal,Completed,4,286.12,2023-04-26,2023-06-03,Resignation,Active,IT/IS,True,286.12,0.0,True,286.12,before_hire,False,-0.43,71.53,2022-11
3827,2023-02-01,Communication Skills,Internal,Failed,5,997.15,2019-05-29,,Unk,Active,IT/IS,False,0.0,997.15,False,0.0,valid,True,3.68,199.43,2023-02
3828,2023-06-13,Leadership Development,External,Failed,2,984.63,2019-09-12,,Unk,Active,IT/IS,False,0.0,984.63,False,0.0,valid,True,3.75,492.32,2023-06
3829,2022-10-24,Project Management,External,Incomplete,5,233.67,2019-01-27,2021-02-26,Resignation,Active,IT/IS,False,0.0,233.67,True,233.67,after_exit,False,3.74,46.73,2022-10
3830,2023-03-15,Technical Skills,Internal,Completed,3,142.42,2019-08-20,,Unk,Active,IT/IS,True,142.42,0.0,False,0.0,valid,True,3.57,47.47,2023-03
3831,2023-03-22,Project Management,Internal,Failed,2,784.73,2018-09-14,,Unk,Active,IT/IS,False,0.0,784.73,False,0.0,valid,True,4.52,392.36,2023-03
3832,2023-01-10,Leadership Development,Internal,Incomplete,4,770.38,2021-08-02,2022-09-29,Resignation,Leave of Absence,IT/IS,False,0.0,770.38,True,770.38,after_exit,False,1.44,192.6,2023-01
3833,2023-06-23,Leadership Development,External,Completed,2,409.16,2022-01-26,2022-11-02,Retirement,Active,Executive Office,True,409.16,0.0,True,409.16,after_exit,False,1.4,204.58,2023-06
3834,2023-01-04,Technical Skills,External,Passed,1,700.53,2019-05-10,2021-08-05,Involuntary,Active,Executive Office,True,700.53,0.0,True,700.53,after_exit,False,3.66,700.53,2023-01
3835,2022-11-05,Customer Service,External,Failed,3,439.63,2019-01-02,2022-12-06,Resignation,Active,IT/IS,False,0.0,439.63,True,439.63,valid,True,3.84,146.54,2022-11
3836,2023-04-29,Technical Skills,External,Incomplete,3,830.78,2021-08-13,,Unk,Active,IT/IS,False,0.0,830.78,False,0.0,valid,True,1.71,276.93,2023-04
3837,2023-02-22,Communication Skills,Internal,Failed,3,320.34,2022-10-02,2022-11-13,Resignation,Active,IT/IS,False,0.0,320.34,True,320.34,after_exit,False,0.39,106.78,2023-02
3838,2023-04-19,Communication Skills,Internal,Failed,2,510.23,2018-12-17,2021-04-21,Voluntary,Active,IT/IS,False,0.0,510.23,True,510.23,after_exit,False,4.34,255.12,2023-04
3839,2023-06-12,Communication Skills,External,Failed,4,403.0,2021-10-11,,Unk,Active,IT/IS,False,0.0,403.0,False,0.0,valid,True,1.67,100.75,2023-06
3840,2022-11-06,Technical Skills,External,Failed,4,170.61,2023-04-01,2023-05-18,Voluntary,Active,IT/IS,False,0.0,170.61,True,170.61,before_hire,False,-0.4,42.65,2022-11
3841,2023-01-24,Customer Service,External,Passed,4,872.91,2021-03-20,,Unk,Active,IT/IS,True,872.91,0.0,False,0.0,valid,True,1.85,218.23,2023-01
3842,2022-09-22,Project Management,Internal,Completed,5,584.99,2020-08-20,2021-08-11,Involuntary,Leave of Absence,IT/IS,True,584.99,0.0,True,584.99,after_exit,False,2.09,117.0,2022-09
3843,2023-08-04,Technical Skills,External,Passed,2,582.09,2023-07-16,2023-07-30,Resignation,Leave of Absence,IT/IS,True,582.09,0.0,True,582.09,after_exit,False,0.05,291.04,2023-08
3844,2023-07-09,Project Management,External,Failed,5,603.67,2021-06-10,2022-08-18,Voluntary,Active,Executive Office,False,0.0,603.67,True,603.67,after_exit,False,2.08,120.73,2023-07
3845,2022-08-17,Project Management,Internal,Passed,5,546.24,2019-08-25,,Unk,Active,Executive Office,True,546.24,0.0,False,0.0,valid,True,2.98,109.25,2022-08
3846,2023-04-11,Leadership Development,Internal,Incomplete,4,607.97,2020-05-04,2023-05-15,Retirement,Active,IT/IS,False,0.0,607.97,True,607.97,valid,True,2.93,151.99,2023-04
3847,2023-03-28,Technical Skills,Internal,Completed,4,130.59,2019-02-24,2020-06-11,Retirement,Active,IT/IS,True,130.59,0.0,True,130.59,after_exit,False,4.09,32.65,2023-03
3848,2022-11-18,Communication Skills,Internal,Incomplete,2,443.56,2019-09-24,,Unk,Active,IT/IS,False,0.0,443.56,False,0.0,valid,True,3.15,221.78,2022-11
3849,2023-03-15,Leadership Development,External,Passed,3,436.47,2021-02-13,,Unk,Active,IT/IS,True,436.47,0.0,False,0.0,valid,True,2.08,145.49,2023-03
3850,2022-11-01,Communication Skills,Internal,Completed,1,355.75,2020-01-05,2022-04-25,Voluntary,Active,IT/IS,True,355.75,0.0,True,355.75,after_exit,False,2.82,355.75,2022-11
3851,2023-01-21,Project Management,Internal,Failed,3,982.51,2019-01-18,2020-03-30,Resignation,Leave of Absence,IT/IS,False,0.0,982.51,True,982.51,after_exit,False,4.01,327.5,2023-01
3852,2023-03-28,Technical Skills,External,Completed,3,372.76,2019-03-01,2021-09-25,Retirement,Leave of Absence,IT/IS,True,372.76,0.0,True,372.76,after_exit,False,4.07,124.25,2023-03
3853,2022-10-06,Leadership Development,External,Failed,3,348.22,2021-08-14,2022-11-05,Resignation,Leave of Absence,IT/IS,False,0.0,348.22,True,348.22,valid,True,1.14,116.07,2022-10
3854,2022-10-17,Communication Skills,External,Incomplete,5,913.62,2019-06-06,2019-09-05,Retirement,Active,Executive Office,False,0.0,913.62,True,913.62,after_exit,False,3.36,182.72,2022-10
3855,2022-10-02,Communication Skills,External,Passed,1,157.94,2021-05-25,2022-08-13,Retirement,Active,Executive Office,True,157.94,0.0,True,157.94,after_exit,False,1.36,157.94,2022-10
3856,2023-07-12,Technical Skills,External,Completed,4,527.6,2023-03-17,2023-06-12,Involuntary,Active,Executive Office,True,527.6,0.0,True,527.6,after_exit,False,0.32,131.9,2023-07
3857,2023-07-24,Leadership Development,External,Completed,1,601.2,2022-10-02,2022-10-11,Voluntary,Active,IT/IS,True,601.2,0.0,True,601.2,after_exit,False,0.81,601.2,2023-07
3858,2023-06-13,Project Management,External,Failed,4,478.88,2022-01-22,,Unk,Active,IT/IS,False,0.0,478.88,False,0.0,valid,True,1.39,119.72,2023-06
3859,2023-06-05,Communication Skills,External,Completed,1,838.69,2019-11-29,2022-08-18,Voluntary,Active,IT/IS,True,838.69,0.0,True,838.69,after_exit,False,3.52,838.69,2023-06
3860,2022-10-10,Technical Skills,Internal,Completed,4,389.63,2020-07-01,2022-09-22,Resignation,Active,IT/IS,True,389.63,0.0,True,389.63,after_exit,False,2.28,97.41,2022-10
3861,2023-04-29,Project Management,Internal,Passed,1,911.36,2022-03-24,,Unk,Active,IT/IS,True,911.36,0.0,False,0.0,valid,True,1.1,911.36,2023-04
3862,2022-09-22,Communication Skills,Internal,Passed,3,603.03,2019-05-13,2023-06-06,Involuntary,Leave of Absence,IT/IS,True,603.03,0.0,True,603.03,valid,True,3.36,201.01,2022-09
3863,2022-09-16,Leadership Development,Internal,Incomplete,5,274.98,2019-06-07,,Unk,Active,IT/IS,False,0.0,274.98,False,0.0,valid,True,3.28,55.0,2022-09
3864,2022-11-02,Leadership Development,External,Incomplete,4,976.03,2022-12-05,2023-06-13,Resignation,Leave of Absence,IT/IS,False,0.0,976.03,True,976.03,before_hire,False,-0.09,244.01,2022-11
3865,2022-11-03,Project Management,External,Completed,2,399.26,2020-09-29,2021-10-22,Involuntary,Active,Production,True,399.26,0.0,True,399.26,after_exit,False,2.09,199.63,2022-11
3866,2022-12-04,Customer Service,Internal,Incomplete,4,993.08,2020-09-04,2021-04-17,Retirement,Active,Executive Office,False,0.0,993.08,True,993.08,after_exit,False,2.25,248.27,2022-12
3867,2022-09-07,Communication Skills,External,Failed,4,540.57,2018-08-26,,Unk,Active,Executive Office,False,0.0,540.57,False,0.0,valid,True,4.03,135.14,2022-09
3868,2022-09-27,Project Management,Internal,Completed,3,272.58,2019-08-17,,Unk,Active,IT/IS,True,272.58,0.0,False,0.0,valid,True,3.11,90.86,2022-09
3869,2023-03-19,Project Management,External,Completed,2,905.51,2019-09-25,2020-02-07,Voluntary,Active,IT/IS,True,905.51,0.0,True,905.51,after_exit,False,3.48,452.76,2023-03
3870,2023-03-10,Technical Skills,External,Completed,1,919.25,2023-03-11,2023-03-11,Resignation,Active,IT/IS,True,919.25,0.0,True,919.25,before_hire,False,-0.0,919.25,2023-03
3871,2023-04-15,Technical Skills,External,Completed,5,979.98,2022-12-15,,Unk,Active,IT/IS,True,979.98,0.0,False,0.0,valid,True,0.33,196.0,2023-04
3872,2023-02-26,Communication Skills,Internal,Completed,3,499.86,2018-08-10,2021-02-08,Resignation,Active,IT/IS,True,499.86,0.0,True,499.86,after_exit,False,4.55,166.62,2023-02
3873,2023-03-10,Project Management,Internal,Completed,3,598.22,2022-03-04,2023-06-22,Resignation,Active,IT/IS,True,598.22,0.0,True,598.22,valid,True,1.02,199.41,2023-03
3874,2022-10-03,Project Management,External,Passed,2,421.93,2020-06-02,,Unk,Active,IT/IS,True,421.93,0.0,False,0.0,valid,True,2.34,210.96,2022-10
3875,2023-06-10,Leadership Development,External,Incomplete,2,860.22,2021-06-29,,Unk,Active,IT/IS,False,0.0,860.22,False,0.0,valid,True,1.95,430.11,2023-06
3876,2022-11-10,Leadership Development,External,Failed,1,946.23,2021-10-24,,Unk,Active,IT/IS,False,0.0,946.23,False,0.0,valid,True,1.05,946.23,2022-11
3877,2023-06-04,Communication Skills,External,Passed,1,888.55,2018-10-22,2020-04-07,Resignation,Active,Executive Office,True,888.55,0.0,True,888.55,after_exit,False,4.62,888.55,2023-06
3878,2022-12-28,Customer Service,Internal,Passed,5,749.69,2018-09-08,2021-08-23,Voluntary,Active,Executive Office,True,749.69,0.0,True,749.69,after_exit,False,4.3,149.94,2022-12
3879,2023-04-11,Project Management,Internal,Incomplete,2,613.95,2019-02-08,2023-02-24,Involuntary,Active,IT/IS,False,0.0,613.95,True,613.95,after_exit,False,4.17,306.98,2023-04
3880,2022-09-25,Communication Skills,Internal,Completed,3,934.92,2021-03-29,2021-06-27,Voluntary,Active,IT/IS,True,934.92,0.0,True,934.92,after_exit,False,1.49,311.64,2022-09
3881,2022-10-25,Project Management,External,Failed,3,170.61,2019-06-19,,Unk,Active,IT/IS,False,0.0,170.61,False,0.0,valid,True,3.35,56.87,2022-10
3882,2023-06-02,Customer Service,Internal,Completed,2,654.09,2019-01-30,,Unk,Active,IT/IS,True,654.09,0.0,False,0.0,valid,True,4.34,327.04,2023-06
3883,2023-07-05,Communication Skills,Internal,Incomplete,2,842.6,2022-05-06,2022-09-26,Involuntary,Active,IT/IS,False,0.0,842.6,True,842.6,after_exit,False,1.16,421.3,2023-07
3884,2022-09-17,Customer Service,External,Passed,1,789.88,2019-02-02,,Unk,Active,IT/IS,True,789.88,0.0,False,0.0,valid,True,3.62,789.88,2022-09
3885,2022-08-19,Communication Skills,External,Failed,2,324.81,2021-12-08,,Unk,Active,IT/IS,False,0.0,324.81,False,0.0,valid,True,0.7,162.4,2022-08
3886,2022-11-28,Technical Skills,External,Passed,4,298.1,2018-10-12,,Unk,Active,IT/IS,True,298.1,0.0,False,0.0,valid,True,4.13,74.53,2022-11
3887,2023-07-25,Communication Skills,External,Failed,1,181.23,2022-04-22,2023-05-15,Retirement,Leave of Absence,IT/IS,False,0.0,181.23,True,181.23,after_exit,False,1.26,181.23,2023-07
3888,2022-12-21,Project Management,Internal,Completed,4,287.18,2021-09-05,2022-07-08,Retirement,Leave of Absence,IT/IS,True,287.18,0.0,True,287.18,after_exit,False,1.29,71.8,2022-12
3889,2023-08-02,Technical Skills,External,Incomplete,1,292.8,2022-09-05,2022-10-30,Resignation,Active,Executive Office,False,0.0,292.8,True,292.8,after_exit,False,0.91,292.8,2023-08
3890,2023-01-08,Project Management,External,Completed,4,596.62,2022-07-19,2023-04-25,Resignation,Active,IT/IS,True,596.62,0.0,True,596.62,valid,True,0.47,149.16,2023-01
3891,2023-04-08,Leadership Development,External,Passed,5,774.74,2022-05-26,,Unk,Active,IT/IS,True,774.74,0.0,False,0.0,valid,True,0.87,154.95,2023-04
3892,2022-10-10,Technical Skills,External,Completed,5,894.59,2022-10-31,,Unk,Active,IT/IS,True,894.59,0.0,False,0.0,before_hire,False,-0.06,178.92,2022-10
3893,2022-09-16,Leadership Development,External,Failed,1,242.36,2023-03-22,2023-07-28,Involuntary,Active,IT/IS,False,0.0,242.36,True,242.36,before_hire,False,-0.51,242.36,2022-09
3894,2022-12-02,Leadership Development,External,Failed,4,533.27,2023-05-29,,Unk,Active,IT/IS,False,0.0,533.27,False,0.0,before_hire,False,-0.49,133.32,2022-12
3895,2023-04-22,Technical Skills,External,Completed,1,983.77,2020-02-23,2021-09-08,Retirement,Active,IT/IS,True,983.77,0.0,True,983.77,after_exit,False,3.16,983.77,2023-04
3896,2023-04-06,Technical Skills,Internal,Passed,4,293.64,2019-08-13,2022-07-10,Involuntary,Active,IT/IS,True,293.64,0.0,True,293.64,after_exit,False,3.65,73.41,2023-04
3897,2023-08-04,Technical Skills,Internal,Incomplete,3,380.61,2019-03-25,2021-09-13,Retirement,Active,IT/IS,False,0.0,380.61,True,380.61,after_exit,False,4.36,126.87,2023-08
3898,2022-11-21,Technical Skills,Internal,Failed,4,942.24,2018-12-14,2023-02-11,Retirement,Leave of Absence,IT/IS,False,0.0,942.24,True,942.24,valid,True,3.94,235.56,2022-11
3899,2022-09-23,Customer Service,Internal,Failed,2,662.56,2021-03-07,2021-08-31,Resignation,Leave of Absence,IT/IS,False,0.0,662.56,True,662.56,after_exit,False,1.55,331.28,2022-09
3900,2023-05-02,Technical Skills,Internal,Passed,5,143.21,2023-06-16,,Unk,Active,IT/IS,True,143.21,0.0,False,0.0,before_hire,False,-0.12,28.64,2023-05
3901,2023-05-11,Customer Service,External,Failed,1,876.73,2021-06-18,,Unk,Active,Executive Office,False,0.0,876.73,False,0.0,valid,True,1.89,876.73,2023-05
3902,2023-01-11,Leadership Development,External,Failed,4,768.05,2023-05-22,2023-06-16,Resignation,Active,Executive Office,False,0.0,768.05,True,768.05,before_hire,False,-0.36,192.01,2023-01
3903,2023-06-01,Communication Skills,External,Incomplete,4,153.15,2019-05-14,,Unk,Active,IT/IS,False,0.0,153.15,False,0.0,valid,True,4.05,38.29,2023-06
3904,2023-06-17,Project Management,External,Passed,5,339.73,2020-12-27,,Unk,Active,IT/IS,True,339.73,0.0,False,0.0,valid,True,2.47,67.95,2023-06
3905,2022-12-18,Project Management,Internal,Failed,3,233.22,2020-08-04,2022-02-04,Involuntary,Active,IT/IS,False,0.0,233.22,True,233.22,after_exit,False,2.37,77.74,2022-12
3906,2023-02-19,Project Management,Internal,Completed,2,735.44,2020-08-25,,Unk,Active,IT/IS,True,735.44,0.0,False,0.0,valid,True,2.49,367.72,2023-02
3907,2022-12-06,Technical Skills,External,Incomplete,3,281.7,2022-02-24,,Unk,Active,IT/IS,False,0.0,281.7,False,0.0,valid,True,0.78,93.9,2022-12
3908,2022-09-20,Project Management,External,Failed,1,489.69,2019-08-06,2021-03-21,Resignation,Active,IT/IS,False,0.0,489.69,True,489.69,after_exit,False,3.12,489.69,2022-09
3909,2023-01-04,Project Management,Internal,Failed,4,436.23,2021-08-01,2021-09-24,Resignation,Active,IT/IS,False,0.0,436.23,True,436.23,after_exit,False,1.43,109.06,2023-01
3910,2023-05-07,Leadership Development,External,Incomplete,5,248.85,2022-07-13,2023-01-22,Voluntary,Active,IT/IS,False,0.0,248.85,True,248.85,after_exit,False,0.82,49.77,2023-05
3911,2022-09-09,Customer Service,External,Failed,5,395.22,2021-05-28,,Unk,Active,IT/IS,False,0.0,395.22,False,0.0,valid,True,1.28,79.04,2022-09
3912,2022-08-09,Leadership Development,External,Passed,4,615.7,2020-07-06,2021-01-18,Involuntary,Leave of Absence,IT/IS,True,615.7,0.0,True,615.7,after_exit,False,2.09,153.93,2022-08
3913,2022-11-28,Technical Skills,Internal,Failed,4,387.35,2020-01-14,2022-06-08,Resignation,Leave of Absence,IT/IS,False,0.0,387.35,True,387.35,after_exit,False,2.87,96.84,2022-11
3914,2023-02-24,Leadership Development,Internal,Failed,1,559.86,2020-02-04,2021-01-29,Resignation,Active,Executive Office,False,0.0,559.86,True,559.86,after_exit,False,3.06,559.86,2023-02
3915,2023-04-01,Leadership Development,External,Completed,2,602.21,2022-08-28,,Unk,Active,IT/IS,True,602.21,0.0,False,0.0,valid,True,0.59,301.1,2023-04
3916,2023-03-16,Communication Skills,External,Passed,4,343.6,2022-06-27,,Unk,Active,IT/IS,True,343.6,0.0,False,0.0,valid,True,0.72,85.9,2023-03
3917,2023-03-28,Project Management,Internal,Failed,3,328.89,2019-12-19,2023-03-31,Retirement,Active,IT/IS,False,0.0,328.89,True,328.89,valid,True,3.27,109.63,2023-03
3918,2022-10-10,Communication Skills,External,Completed,3,701.83,2020-09-24,2023-03-27,Voluntary,Active,IT/IS,True,701.83,0.0,True,701.83,valid,True,2.04,233.94,2022-10
3919,2023-07-28,Customer Service,External,Completed,5,229.03,2023-07-06,,Unk,Active,IT/IS,True,229.03,0.0,False,0.0,valid,True,0.06,45.81,2023-07
3920,2023-06-04,Customer Service,Internal,Failed,3,809.39,2021-04-11,2022-12-19,Involuntary,Active,IT/IS,False,0.0,809.39,True,809.39,after_exit,False,2.15,269.8,2023-06
3921,2023-06-04,Customer Service,External,Completed,5,393.54,2020-02-12,2022-07-15,Retirement,Active,IT/IS,True,393.54,0.0,True,393.54,after_exit,False,3.31,78.71,2023-06
3922,2023-03-18,Communication Skills,External,Incomplete,1,629.74,2018-12-25,,Unk,Active,IT/IS,False,0.0,629.74,False,0.0,valid,True,4.23,629.74,2023-03
3923,2022-12-27,Project Management,External,Failed,2,378.39,2021-12-25,2023-06-19,Involuntary,Active,IT/IS,False,0.0,378.39,True,378.39,valid,True,1.0,189.2,2022-12
3924,2022-09-08,Customer Service,External,Passed,2,715.98,2021-05-22,,Unk,Active,IT/IS,True,715.98,0.0,False,0.0,valid,True,1.3,357.99,2022-09
3925,2023-02-12,Leadership Development,Internal,Failed,1,386.55,2020-05-03,2022-11-14,Resignation,Leave of Absence,IT/IS,False,0.0,386.55,True,386.55,after_exit,False,2.78,386.55,2023-02
3926,2023-07-25,Customer Service,Internal,Incomplete,2,449.35,2019-02-27,,Unk,Active,IT/IS,False,0.0,449.35,False,0.0,valid,True,4.41,224.68,2023-07
3927,2023-03-05,Customer Service,External,Completed,2,878.67,2020-03-01,2022-03-05,Involuntary,Active,Executive Office,True,878.67,0.0,True,878.67,after_exit,False,3.01,439.34,2023-03
3928,2022-09-11,Leadership Development,Internal,Failed,1,799.99,2021-01-27,2021-10-18,Resignation,Active,IT/IS,False,0.0,799.99,True,799.99,after_exit,False,1.62,799.99,2022-09
3929,2023-07-11,Technical Skills,Internal,Failed,3,617.52,2023-06-18,2023-07-24,Resignation,Active,IT/IS,False,0.0,617.52,True,617.52,valid,True,0.06,205.84,2023-07
3930,2023-05-30,Leadership Development,External,Failed,5,522.86,2019-11-24,,Unk,Active,IT/IS,False,0.0,522.86,False,0.0,valid,True,3.51,104.57,2023-05
3931,2022-11-12,Customer Service,External,Failed,5,685.82,2021-09-24,,Unk,Active,IT/IS,False,0.0,685.82,False,0.0,valid,True,1.13,137.16,2022-11
3932,2023-02-27,Technical Skills,Internal,Completed,5,898.93,2022-08-17,,Unk,Active,IT/IS,True,898.93,0.0,False,0.0,valid,True,0.53,179.79,2023-02
3933,2022-08-23,Communication Skills,Internal,Incomplete,1,559.55,2023-04-18,,Unk,Active,IT/IS,False,0.0,559.55,False,0.0,before_hire,False,-0.65,559.55,2022-08
3934,2023-02-16,Project Management,Internal,Completed,5,219.78,2020-04-15,2022-05-13,Involuntary,Active,IT/IS,True,219.78,0.0,True,219.78,after_exit,False,2.84,43.96,2023-02
3935,2023-07-16,Customer Service,Internal,Passed,5,223.6,2020-12-25,,Unk,Active,IT/IS,True,223.6,0.0,False,0.0,valid,True,2.55,44.72,2023-07
3936,2023-05-14,Communication Skills,Internal,Completed,4,283.29,2022-07-21,2023-05-01,Involuntary,Terminated for Cause,IT/IS,True,283.29,0.0,True,283.29,after_exit,False,0.81,70.82,2023-05
3937,2023-04-02,Communication Skills,Internal,Completed,2,935.28,2022-11-04,,Unk,Active,IT/IS,True,935.28,0.0,False,0.0,valid,True,0.41,467.64,2023-04
3938,2023-07-30,Technical Skills,External,Completed,2,892.83,2020-04-20,,Unk,Active,IT/IS,True,892.83,0.0,False,0.0,valid,True,3.27,446.42,2023-07
3939,2023-05-18,Technical Skills,Internal,Passed,4,318.19,2019-09-05,,Unk,Active,IT/IS,True,318.19,0.0,False,0.0,valid,True,3.7,79.55,2023-05
3940,2022-08-11,Project Management,External,Failed,5,305.31,2019-08-11,,Unk,Active,IT/IS,False,0.0,305.31,False,0.0,valid,True,3.0,61.06,2022-08
3941,2022-09-13,Project Management,External,Incomplete,5,756.43,2018-11-04,,Unk,Active,IT/IS,False,0.0,756.43,False,0.0,valid,True,3.86,151.29,2022-09
3942,2023-01-28,Customer Service,External,Completed,5,940.22,2018-11-04,2021-12-22,Resignation,Voluntarily Terminated,IT/IS,True,940.22,0.0,True,940.22,after_exit,False,4.23,188.04,2023-01
3943,2023-05-15,Communication Skills,External,Failed,3,282.37,2019-07-27,2021-07-25,Resignation,Voluntarily Terminated,IT/IS,False,0.0,282.37,True,282.37,after_exit,False,3.8,94.12,2023-05
3944,2022-08-19,Technical Skills,External,Completed,1,627.14,2020-12-21,,Unk,Active,IT/IS,True,627.14,0.0,False,0.0,valid,True,1.66,627.14,2022-08
3945,2022-08-29,Communication Skills,External,Incomplete,2,864.5,2022-07-25,,Unk,Active,IT/IS,False,0.0,864.5,False,0.0,valid,True,0.1,432.25,2022-08
3946,2023-07-15,Leadership Development,External,Passed,4,981.64,2019-06-15,,Unk,Active,IT/IS,True,981.64,0.0,False,0.0,valid,True,4.08,245.41,2023-07
3947,2023-01-14,Project Management,Internal,Failed,3,456.02,2020-04-04,2022-06-22,Resignation,Terminated for Cause,IT/IS,False,0.0,456.02,True,456.02,after_exit,False,2.78,152.01,2023-01
3948,2023-04-02,Leadership Development,External,Passed,5,350.68,2023-02-03,2023-05-29,Involuntary,Voluntarily Terminated,IT/IS,True,350.68,0.0,True,350.68,valid,True,0.16,70.14,2023-04
3949,2023-06-03,Communication Skills,Internal,Incomplete,2,843.66,2022-09-20,2023-07-04,Voluntary,Future Start,IT/IS,False,0.0,843.66,True,843.66,valid,True,0.7,421.83,2023-06
3950,2023-04-22,Technical Skills,Internal,Completed,2,119.24,2023-07-12,,Unk,Active,IT/IS,True,119.24,0.0,False,0.0,before_hire,False,-0.22,59.62,2023-04
3951,2023-04-08,Project Management,Internal,Completed,5,532.41,2021-04-25,2023-02-12,Resignation,Terminated for Cause,IT/IS,True,532.41,0.0,True,532.41,after_exit,False,1.95,106.48,2023-04
3952,2023-07-16,Project Management,External,Incomplete,5,625.95,2021-03-13,,Unk,Active,IT/IS,False,0.0,625.95,False,0.0,valid,True,2.34,125.19,2023-07
3953,2023-05-31,Customer Service,Internal,Passed,2,779.08,2021-08-16,,Unk,Active,IT/IS,True,779.08,0.0,False,0.0,valid,True,1.79,389.54,2023-05
3954,2023-05-11,Leadership Development,External,Completed,1,497.09,2021-10-18,,Unk,Active,IT/IS,True,497.09,0.0,False,0.0,valid,True,1.56,497.09,2023-05
3955,2023-03-14,Technical Skills,External,Failed,1,762.36,2020-02-16,2023-03-16,Resignation,Active,IT/IS,False,0.0,762.36,True,762.36,valid,True,3.07,762.36,2023-03
3956,2022-10-21,Customer Service,External,Failed,4,611.15,2019-08-07,2023-03-08,Retirement,Active,IT/IS,False,0.0,611.15,True,611.15,valid,True,3.21,152.79,2022-10
3957,2023-06-22,Communication Skills,Internal,Passed,3,724.95,2022-01-03,,Unk,Active,IT/IS,True,724.95,0.0,False,0.0,valid,True,1.46,241.65,2023-06
3958,2022-12-21,Technical Skills,Internal,Completed,5,332.9,2020-09-22,,Unk,Active,IT/IS,True,332.9,0.0,False,0.0,valid,True,2.25,66.58,2022-12
3959,2023-01-30,Communication Skills,Internal,Incomplete,5,116.9,2022-11-11,2023-07-14,Resignation,Terminated for Cause,IT/IS,False,0.0,116.9,True,116.9,valid,True,0.22,23.38,2023-01
3960,2023-03-19,Communication Skills,External,Completed,1,430.46,2018-08-11,,Unk,Active,IT/IS,True,430.46,0.0,False,0.0,valid,True,4.6,430.46,2023-03
3961,2023-02-05,Leadership Development,Internal,Passed,5,881.61,2023-03-31,,Unk,Active,IT/IS,True,881.61,0.0,False,0.0,before_hire,False,-0.15,176.32,2023-02
3962,2022-11-04,Customer Service,Internal,Failed,3,454.92,2021-03-10,,Unk,Active,IT/IS,False,0.0,454.92,False,0.0,valid,True,1.65,151.64,2022-11
3963,2023-04-15,Customer Service,External,Completed,2,381.88,2019-08-30,,Unk,Active,IT/IS,True,381.88,0.0,False,0.0,valid,True,3.62,190.94,2023-04
3964,2023-06-08,Project Management,Internal,Completed,5,639.13,2021-06-07,2023-01-25,Involuntary,Future Start,IT/IS,True,639.13,0.0,True,639.13,after_exit,False,2.0,127.83,2023-06
3965,2023-06-20,Technical Skills,Internal,Completed,4,198.58,2020-04-22,,Unk,Active,IT/IS,True,198.58,0.0,False,0.0,valid,True,3.16,49.64,2023-06
3966,2022-10-13,Customer Service,External,Failed,2,726.74,2018-10-19,2021-09-04,Voluntary,Future Start,Software Engineering,False,0.0,726.74,True,726.74,after_exit,False,3.98,363.37,2022-10
3967,2023-05-16,Customer Service,External,Failed,4,683.96,2018-12-03,2021-01-20,Involuntary,Active,IT/IS,False,0.0,683.96,True,683.96,after_exit,False,4.45,170.99,2023-05
3968,2022-12-02,Technical Skills,External,Completed,3,891.63,2021-02-20,,Unk,Active,IT/IS,True,891.63,0.0,False,0.0,valid,True,1.78,297.21,2022-12
3969,2023-03-01,Technical Skills,Internal,Failed,4,701.87,2021-01-17,,Unk,Active,IT/IS,False,0.0,701.87,False,0.0,valid,True,2.12,175.47,2023-03
3970,2023-02-25,Technical Skills,Internal,Incomplete,4,216.73,2020-10-04,2023-04-27,Voluntary,Active,IT/IS,False,0.0,216.73,True,216.73,valid,True,2.39,54.18,2023-02
3971,2022-08-16,Project Management,External,Passed,5,482.47,2021-01-29,,Unk,Active,IT/IS,True,482.47,0.0,False,0.0,valid,True,1.54,96.49,2022-08
3972,2023-04-25,Leadership Development,External,Incomplete,5,853.57,2022-07-26,,Unk,Active,IT/IS,False,0.0,853.57,False,0.0,valid,True,0.75,170.71,2023-04
3973,2022-11-14,Leadership Development,Internal,Passed,1,202.97,2018-09-21,2023-06-22,Resignation,Terminated for Cause,IT/IS,True,202.97,0.0,True,202.97,valid,True,4.15,202.97,2022-11
3974,2023-04-27,Communication Skills,Internal,Passed,1,487.4,2018-12-25,2019-07-10,Involuntary,Terminated for Cause,IT/IS,True,487.4,0.0,True,487.4,after_exit,False,4.34,487.4,2023-04
3975,2023-05-08,Leadership Development,External,Completed,2,669.81,2020-11-03,2022-09-25,Voluntary,Terminated for Cause,IT/IS,True,669.81,0.0,True,669.81,after_exit,False,2.51,334.9,2023-05
3976,2023-04-22,Leadership Development,Internal,Completed,1,645.02,2021-10-22,,Unk,Active,IT/IS,True,645.02,0.0,False,0.0,valid,True,1.5,645.02,2023-04
3977,2022-10-13,Technical Skills,External,Completed,2,157.4,2018-08-27,,Unk,Active,IT/IS,True,157.4,0.0,False,0.0,valid,True,4.13,78.7,2022-10
3978,2023-05-15,Project Management,External,Failed,1,131.98,2020-07-12,,Unk,Active,IT/IS,False,0.0,131.98,False,0.0,valid,True,2.84,131.98,2023-05
3979,2023-08-03,Communication Skills,External,Failed,3,477.12,2021-01-25,2022-06-11,Resignation,Future Start,IT/IS,False,0.0,477.12,True,477.12,after_exit,False,2.52,159.04,2023-08
3980,2023-07-27,Communication Skills,External,Incomplete,1,695.56,2020-05-11,,Unk,Active,IT/IS,False,0.0,695.56,False,0.0,valid,True,3.21,695.56,2023-07
3981,2022-12-22,Communication Skills,External,Passed,2,869.96,2020-07-24,2023-04-09,Resignation,Active,IT/IS,True,869.96,0.0,True,869.96,valid,True,2.41,434.98,2022-12
3982,2022-12-09,Technical Skills,Internal,Completed,1,189.91,2022-08-09,,Unk,Active,IT/IS,True,189.91,0.0,False,0.0,valid,True,0.33,189.91,2022-12
3983,2023-07-24,Project Management,External,Failed,5,407.96,2022-06-12,,Unk,Active,IT/IS,False,0.0,407.96,False,0.0,valid,True,1.11,81.59,2023-07
3984,2022-08-07,Communication Skills,Internal,Incomplete,1,202.91,2022-02-10,2022-06-08,Retirement,Active,IT/IS,False,0.0,202.91,True,202.91,after_exit,False,0.49,202.91,2022-08
3985,2022-10-16,Communication Skills,Internal,Passed,4,956.95,2023-01-13,2023-05-19,Resignation,Terminated for Cause,IT/IS,True,956.95,0.0,True,956.95,before_hire,False,-0.24,239.24,2022-10
3986,2022-10-15,Technical Skills,External,Passed,5,813.03,2020-03-10,,Unk,Active,IT/IS,True,813.03,0.0,False,0.0,valid,True,2.6,162.61,2022-10
3987,2022-08-24,Project Management,External,Passed,1,962.54,2022-02-25,2022-07-19,Retirement,Terminated for Cause,IT/IS,True,962.54,0.0,True,962.54,after_exit,False,0.49,962.54,2022-08
3988,2023-02-01,Project Management,Internal,Passed,5,190.07,2022-07-21,2022-11-21,Voluntary,Leave of Absence,IT/IS,True,190.07,0.0,True,190.07,after_exit,False,0.53,38.01,2023-02
3989,2023-01-22,Communication Skills,Internal,Passed,5,866.51,2022-07-11,,Unk,Active,IT/IS,True,866.51,0.0,False,0.0,valid,True,0.53,173.3,2023-01
3990,2022-10-10,Technical Skills,Internal,Failed,2,475.04,2019-12-02,2019-12-26,Involuntary,Future Start,IT/IS,False,0.0,475.04,True,475.04,after_exit,False,2.86,237.52,2022-10
3991,2022-09-19,Customer Service,Internal,Completed,4,716.52,2023-04-10,,Unk,Active,IT/IS,True,716.52,0.0,False,0.0,before_hire,False,-0.56,179.13,2022-09
3992,2022-09-13,Project Management,External,Completed,3,323.25,2022-12-08,2023-05-07,Voluntary,Active,IT/IS,True,323.25,0.0,True,323.25,before_hire,False,-0.24,107.75,2022-09
3993,2023-01-27,Communication Skills,Internal,Failed,2,229.0,2022-06-22,,Unk,Active,IT/IS,False,0.0,229.0,False,0.0,valid,True,0.6,114.5,2023-01
3994,2023-02-11,Customer Service,Internal,Failed,1,861.91,2022-09-22,,Unk,Active,IT/IS,False,0.0,861.91,False,0.0,valid,True,0.39,861.91,2023-02
3995,2022-12-23,Project Management,External,Incomplete,3,803.73,2019-07-15,2021-06-01,Resignation,Active,IT/IS,False,0.0,803.73,True,803.73,after_exit,False,3.44,267.91,2022-12
3996,2023-01-09,Customer Service,Internal,Failed,2,808.51,2021-09-01,,Unk,Active,IT/IS,False,0.0,808.51,False,0.0,valid,True,1.36,404.26,2023-01
3997,2022-09-19,Project Management,External,Failed,4,629.16,2019-07-16,,Unk,Active,IT/IS,False,0.0,629.16,False,0.0,valid,True,3.18,157.29,2022-09
3998,2022-09-26,Customer Service,External,Completed,1,994.09,2021-12-24,2022-07-27,Resignation,Terminated for Cause,IT/IS,True,994.09,0.0,True,994.09,after_exit,False,0.76,994.09,2022-09
3999,2023-07-02,Leadership Development,Internal,Incomplete,5,477.78,2019-04-17,2021-08-17,Involuntary,Terminated for Cause,IT/IS,False,0.0,477.78,True,477.78,after_exit,False,4.21,95.56,2023-07
4000,2022-10-06,Leadership Development,Internal,Completed,4,951.27,2019-10-26,2021-06-08,Involuntary,Terminated for Cause,IT/IS,True,951.27,0.0,True,951.27,after_exit,False,2.95,237.82,2022-10
